pl_name,hostname,sy_snum,sy_pnum,discoverymethod,disc_year,pl_orbper,pl_rade,pl_bmasse,pl_eqt,st_teff,st_rad,st_mass,sy_dist
TOI-756 b,TOI-756,1,2,Transit,2025,1.2392495,2.81,9.83,934.0,3657.0,0.505,0.505,86.1759
TOI-756 c,TOI-756,1,2,Radial Velocity,2025,149.4,13.0,1287.20504835,194.0,3657.0,0.505,0.505,86.1759
TOI-283 b,TOI-283,1,1,Transit,2025,17.61745,2.34,6.54,661.0,5213.0,0.85,0.8,82.7013
BD+05 4868 A b,BD+05 4868 A,2,1,Transit,2025,1.271869,,6.2,1820.0,4596.0,0.69,0.7,43.5687
TOI-2719 b,TOI-2719,1,1,Transit,2025,3.37594,5.98,29.9,1710.0,5762.0,1.69,1.02,588.368
GJ 508.2 b,GJ 508.2,1,1,Radial Velocity,2025,5300.0,,587.98255295,,3720.0,0.53,0.54,16.6374
HD 102888 b,HD 102888,1,1,Radial Velocity,2025,252.06,12.8,1808.44363583,,4990.0,8.6,2.42,126.484
HD 143811 AB b,HD 143811 A,2,1,Imaging,2025,117000.0,15.69257298,1938.7532827,,6791.0,1.68398,1.32,136.608
WASP-155 b,WASP-155,1,1,Transit,2025,3.110413,13.45077684,276.8285425,1468.0,5660.0,1.24,1.09,399.63
TOI-238 c,TOI-238,1,2,Radial Velocity,2024,8.465651,2.18,6.7,696.0,5059.0,0.733,0.79,80.5407
HD 222237 b,HD 222237,1,1,Radial Velocity,2024,14892.0,12.8,1649.52943233,,4751.0,0.71,0.76,11.4469
SPECULOOS-3 b,SPECULOOS-3,1,1,Transit,2024,0.71912603,0.977,0.894,553.0,2800.0,0.123,0.1009,
TOI-1794 b,TOI-1794,1,1,Transit,2024,8.765528,3.29701268,8.7,992.91,5631.0,1.3162,0.9698,155.791
TOI-6016 b,TOI-6016,1,1,Transit,2024,4.023687,13.67495645,371.85923619,1890.0,6110.0,1.51,1.31,364.715
TOI-6086 b,TOI-6086,1,1,Transit,2024,1.3888725,1.18,1.76,634.0,3200.0,0.259,0.254,31.4566
OGLE-2017-BLG-0640L b,OGLE-2017-BLG-0640L,1,1,Microlensing,2024,,13.5,514.88201934,,,,0.32,6630.0
HIP 67522 c,HIP 67522,1,2,Transit,2024,14.334892,7.93595834,48.3,917.0,5675.0,1.38,1.22,127.28
BD-210397 c,BD-210397,1,2,Radial Velocity,2023,6240.0,12.9,1525.5763536,,4051.0,0.747,0.69,23.7324
HD 89839 b,HD 89839,1,1,Radial Velocity,2023,3441.0,12.9,1592.32031907,,6314.0,1.28588,1.21,57.3063
HD 108202 b,HD 108202,1,1,Radial Velocity,2023,2990.0,13.1,953.485221,,4556.03,0.66355,0.74,38.6846
HD 63433 d,HD 63433,1,3,Transit,2023,4.209075,1.073,1.25,1040.0,5688.0,0.912,0.99,22.4035
TOI-1801 b,TOI-1801,2,1,Transit,2023,10.64387,2.079,5.738,493.7,3863.0,0.547,0.556,30.6796
BD-210397 b,BD-210397,1,2,Radial Velocity,2023,1891.0,14.0,214.0,,4051.0,0.747,0.679,23.7324
Kepler-1983 b,Kepler-1983,1,1,Transit,2023,7.32851947,2.33,6.04,807.0,5135.0,0.874,0.812,424.428
Kepler-949 c,Kepler-949,1,2,Transit,2023,20.99757968,2.97,9.11,582.0,5211.0,0.895,0.817,486.105
KMT-2017-BLG-0428L b,KMT-2017-BLG-0428L,1,1,Microlensing,2023,,2.23,5.59,,,,0.34,5400.0
TOI-4201 b,TOI-4201,1,1,Transit,2023,3.5819194,13.67495645,788.21444936,725.0,3794.0,0.63,0.61,189.011
HD 29985 b,HD 29985,1,1,Radial Velocity,2022,20608.14049,12.8,1739.47487151,,4678.0,0.574666,0.75,31.2707
HD 11506 d,HD 11506,1,3,Radial Velocity,2022,26500.0,12.3,4068.2036096,,6123.0,1.24,1.22,51.261
HD 72659 c,HD 72659,1,2,Radial Velocity,2022,18207.72098,12.1,5977.08102204,,5932.0,1.46,1.09,51.8949
HD 3167 e,HD 3167,1,4,Radial Velocity,2022,96.63,2.83,8.41,374.8,5261.0,0.88,0.837,47.2899
HD 168863 b,HD 168863,1,1,Radial Velocity,2022,14773.93272,12.7,2154.87659946,,4905.0,0.777826,0.8,39.8979
TOI-5542 b,TOI-5542,1,1,Transit,2022,75.12375,11.30986153,419.53349724,441.0,5700.0,1.058,0.89,348.849
TOI-833 b,TOI-833,1,1,Transit,2022,1.0418777,1.27,2.15,1118.0,3920.0,0.6,0.61,41.7148
HD 62364 c,HD 62364,1,2,Radial Velocity,2022,74839.94555,12.0,7923.46218651,,6255.0,1.401,1.19,53.112
HD 62364 b,HD 62364,1,2,Radial Velocity,2022,5138.0,12.1,5965.63919939,,6255.0,1.401,1.157,53.112
HD 199509 b,HD 199509,1,1,Radial Velocity,2022,99.62167,7.43,43.22466335,,5796.02,0.92,1.04,24.3056
TOI-1136 c,TOI-1136,1,6,Transit,2022,6.2574,2.879,6.32,1062.0,5770.0,0.968,1.022,84.5362
OGLE-2018-BLG-0298L b,OGLE-2018-BLG-0298L,1,1,Microlensing,2022,,7.56,44.49597698,,,,0.69,6540.0
HD 105618 b,HD 105618,1,2,Radial Velocity,2022,10.02245,5.44,25.42627256,,5671.0,1.27399,1.01,70.0837
HD 16905 b,HD 16905,1,1,Radial Velocity,2022,10256.0,12.4,3591.4609991,,4866.12,0.77494,0.85,39.7401
Kepler-1740 b,Kepler-1740,1,1,Transit,2021,8.172400475,3.32321414,11.0,858.0,5705.0,0.905,0.943,1061.77
OGLE-2017-BLG-1099L b,OGLE-2017-BLG-1099L,1,1,Microlensing,2021,,13.1,959.84178914,,,,0.45,7250.0
K2-335 b,K2-335,1,1,Transit,2021,12.283211,2.21,5.52,949.0,6222.0,1.33,1.23,557.993
Kepler-1600 c,Kepler-1600,1,2,Transit,2021,7.298049927,1.94206512,4.43,786.0,5119.0,0.834,0.818,1030.81
TOI-178 g,TOI-178,1,6,Transit,2021,20.71663,2.939,4.4,470.0,4316.0,0.662,0.647,62.699
TOI-178 e,TOI-178,1,6,Transit,2021,9.96318,2.301,3.48,600.0,4316.0,0.662,0.647,62.699
K2-138 g,K2-138,1,6,Transit,2021,41.96797,3.013,4.32,445.0,5356.3,0.863,0.935,202.585
TOI-269 b,TOI-269,1,1,Transit,2021,3.6977104,2.77,8.8,531.0,3514.0,0.398,0.3917,57.0225
Kepler-1735 b,Kepler-1735,1,1,Transit,2021,7.71792984,1.19429134,1.84,502.0,3975.0,0.509,0.535,245.303
HD 66428 c,HD 66428,1,2,Radial Velocity,2021,10478.84437,13.5,560.64930995,,5716.0,1.13,1.01,53.2817
HD 68988 c,HD 68988,1,2,Radial Velocity,2021,16000.0,12.2,4776.96095721,,5883.41,1.255733,1.171665,60.8447
HD 24040 c,HD 24040,1,2,Radial Velocity,2021,515.4,9.35,63.88350981,,5776.49,1.387296,1.10394,46.6224
HIP 56640 b,HIP 56640,1,1,Radial Velocity,2021,2675.57603,12.7,2151.69831539,,4769.0,4.93,1.75,122.324
Kepler-1878 b,Kepler-1878,1,1,Transit,2021,4.445879936,2.92019781,8.86,1063.0,5918.0,0.865,0.956,1494.3
GJ 367 b,GJ 367,1,3,Transit,2021,0.3219225,0.699,0.633,1365.0,3522.0,0.458,0.455,9.41263
Kepler-1849 b,Kepler-1849,1,1,Transit,2021,57.29290009,2.38685349,6.29,355.0,4806.0,0.729,0.709,631.884
TOI-431 d,TOI-431,1,3,Transit,2021,12.46103,3.29,9.9,633.0,4850.0,0.731,0.78,32.5686
TOI-1260 c,TOI-1260,1,3,Transit,2021,7.493134,2.76,13.2,651.0,4227.0,0.672,0.679,73.5977
Kepler-1870 b,Kepler-1870,1,1,Transit,2021,3.606940031,2.10143764,5.07,1046.0,5508.0,0.84,0.955,407.216
Kepler-1905 b,Kepler-1905,1,1,Transit,2021,3.42392993,1.4460734,2.69,1212.0,5788.0,1.015,1.038,1051.53
Kepler-1839 b,Kepler-1839,1,1,Transit,2021,5.056759834,1.9493759,4.46,1049.0,5926.0,0.939,1.03,1136.6
EPIC 212297394 c,EPIC 212297394,1,2,Transit,2021,5.213965,2.27,5.77,866.0,5171.0,0.8,0.83,418.395
Kepler-1858 b,Kepler-1858,1,1,Transit,2021,88.07160187,2.42168247,6.44,330.0,4939.0,0.819,0.785,833.055
Kepler-1841 b,Kepler-1841,1,1,Transit,2021,25.88599968,1.48912557,2.82,542.0,5190.0,0.899,0.823,631.7
Kepler-1723 b,Kepler-1723,1,1,Transit,2021,39.75289917,2.88046569,8.65,568.0,6072.0,1.01,0.96,811.278
Kepler-1783 b,Kepler-1783,1,1,Transit,2021,8.277440071,1.31946731,2.3,1088.0,5129.0,1.781,0.887,264.078
Kepler-1752 b,Kepler-1752,1,1,Transit,2021,56.35850143,4.54060463,18.7,419.0,5446.0,0.821,0.824,962.888
NGTS-10 b,NGTS-10,1,1,Transit,2020,0.7668944,13.506845,687.14846,1332.0,4600.0,0.697,0.696,324.69865036
Kepler-595 c,Kepler-595,1,2,Transit,2020,12.38602,1.009,3.3,679.0,5138.5,0.821,0.93,643.009
HD 63433 c,HD 63433,1,3,Transit,2020,20.5438281,2.692,15.539,678.92,5553.0,0.934,0.956,22.4035
HD 63433 b,HD 63433,1,3,Transit,2020,7.1079475,2.14,21.755,967.11,5553.0,0.934,0.956,22.4035
HIP 67522 b,HIP 67522,1,2,Transit,2020,6.9594731,9.9872018,71.4,1175.0,5675.0,1.38,1.22,127.28
OGLE-2017-BLG-0406L b,OGLE-2017-BLG-0406L,1,1,Microlensing,2020,,14.2,130.0,,,,0.56,5200.0
HIP 38594 c,HIP 38594,2,2,Radial Velocity,2020,3477.768,7.94,48.4,,4086.3,0.626646,0.61,17.7886
Kepler-1690 b,Kepler-1690,1,1,Transit,2020,234.636,2.81109223,8.3,267.0,5404.0,0.862346,0.94,703.789
HIP 65 A b,HIP 65 A,2,1,Transit,2020,0.9809734,22.75427,1021.18779,1411.0,4590.0,0.7242,0.781,61.7856
GJ 3082 b,GJ 3082,1,1,Radial Velocity,2020,11.949,2.79,8.2,,3910.0,0.465216,0.47,16.6186
Kepler-1693 b,Kepler-1693,1,2,Transit,2020,12.0999,1.28938413,2.21,807.0,5432.34,0.878295,0.95,760.065
HD 136352 b,HD 136352,1,3,Radial Velocity,2019,11.57797,1.664,4.72,905.0,5664.0,1.058,0.87,14.682
HD 221416 b,HD 221416,1,1,Transit,2019,14.2767,9.17,60.5,789.15,5080.0,2.943,1.212,95.5483
GJ 357 d,GJ 357,1,3,Radial Velocity,2019,55.661,2.34,6.1,219.6,3505.0,0.337,0.342,9.44181
GJ 357 c,GJ 357,1,3,Radial Velocity,2019,9.1247,1.66,3.4,401.2,3505.0,0.337,0.342,9.44181
HD 221420 b,HD 221420,1,1,Radial Velocity,2019,10090.0,12.0,7278.2705203,,5847.0,1.947,1.351,31.1415
GJ 357 b,GJ 357,1,3,Transit,2019,3.9306,1.2,1.84,518.0,3505.0,0.337,0.342,9.44181
KMT-2016-BLG-1836L b,KMT-2016-BLG-1836L,1,1,Microlensing,2019,,13.3,700.0,,,,0.49,7100.0
HD 181234 b,HD 181234,1,1,Radial Velocity,2019,7593.40512,12.5,2980.91262925,,5386.0,1.059423,0.94,47.7458
HD 21411 b,HD 21411,1,1,Radial Velocity,2019,84.288,9.52,65.9,,5605.0,0.825605,0.89,29.1328
NGTS-4 b,NGTS-4,1,1,Transit,2019,1.3373508,3.18,20.6,1650.0,5143.0,0.84,0.75,280.555
DMPP-1 d,DMPP-1,1,4,Radial Velocity,2019,2.882,1.65,3.35,1632.0,6196.0,1.26,1.21,62.5388
KMT-2017-BLG-1146L b,KMT-2017-BLG-1146L,1,1,Microlensing,2019,,14.0,230.0,,,,0.33,6500.0
HD 45184 b,HD 45184,1,2,Radial Velocity,2019,5.8854,3.52,12.19,,5869.0,1.075139,1.03,21.9532
TOI-270 b,TOI-270,1,3,Transit,2019,3.35992,1.28,1.48,600.0,3506.0,0.38,0.386,22.4793
HD 156279 c,HD 156279,1,2,Radial Velocity,2018,4818.25358,12.5,3098.82696825,,5453.0,0.95,0.94,36.1945
HD 114783 c,HD 114783,1,2,Radial Velocity,2018,4352.0,13.4,603.8739733,,5135.0,0.840622,0.9,21.0628
HD 55696 b,HD 55696,1,1,Radial Velocity,2018,1827.0,12.9,1357.12729789,,6012.0,1.52,1.29,77.9693
HD 148164 b,HD 148164,1,2,Radial Velocity,2018,328.55,13.7,390.9309,,6032.0,1.34,1.21,77.1971
HD 148164 c,HD 148164,1,2,Radial Velocity,2018,5062.0,12.8,1640.0028,,6032.0,1.34,1.21,77.1971
HD 215152 c,HD 215152,1,4,Radial Velocity,2018,7.28243,,468.79690033,,4935.0,0.73,0.77,21.5974
OGLE-2016-BLG-1266L b,OGLE-2016-BLG-1266L,1,1,Microlensing,2018,,12.4,3813.940884,,,,0.015,3080.0
K2-194 b,K2-194,1,1,Transit,2018,39.721386,3.64229858,12.9,,5979.0,1.281115,1.110086,629.51
OGLE-2013-BLG-1761L b,OGLE-2013-BLG-1761L,1,1,Microlensing,2018,,13.2,860.0,,,,0.33,6900.0
HD 215152 b,HD 215152,1,4,Radial Velocity,2018,5.75999,,565.41673605,,4935.0,0.73,0.77,21.5974
HAT-P-11 c,HAT-P-11,1,2,Radial Velocity,2018,3361.0,13.2,851.78013076,,4653.0,0.683,0.811,37.7647
K2-138 c,K2-138,1,6,Transit,2017,3.56004,2.299,6.31,1012.0,5356.3,0.863,0.935,202.585
K2-138 f,K2-138,1,6,Transit,2017,12.75758,2.904,1.63,653.0,5356.3,0.863,0.935,202.585
K2-138 e,K2-138,1,6,Transit,2017,8.26146,3.39,12.97,757.0,5356.3,0.863,0.935,202.585
HD 3167 d,HD 3167,1,4,Radial Velocity,2017,8.4112,1.92,4.33,859.5,5261.0,0.88,0.837,47.2899
WASP-53 b,WASP-53,1,2,Transit,2017,3.3098443,12.038466,677.61356,1053.0,4953.0,0.798,0.839,201.338
HD 27894 c,HD 27894,1,3,Radial Velocity,2017,36.07,8.24,51.48846,,4875.0,0.891767,0.8,43.8214
HD 27894 d,HD 27894,1,3,Radial Velocity,2017,5019.54244,12.7,2063.65984665,,4875.0,0.891767,0.81,43.8214
K2-138 d,K2-138,1,6,Transit,2017,5.40479,2.39,7.92,888.0,5356.3,0.863,0.935,202.585
K2-138 b,K2-138,1,6,Transit,2017,2.35309,1.51,3.1,1157.0,5356.3,0.863,0.935,202.585
Kepler-1515 b,Kepler-1515,1,1,Transit,2016,214.3114164,9.55,66.2,380.0,6511.0,1.41,1.3,539.321
Kepler-1176 b,Kepler-1176,1,1,Transit,2016,24.1738579,2.45,6.57,595.0,5844.0,1.02,1.01,864.699
Kepler-953 c,Kepler-953,1,2,Transit,2016,9.10967112,1.19,1.81,873.0,5416.0,0.99,0.95,258.893
Kepler-1421 b,Kepler-1421,1,1,Transit,2016,6.9131112,0.93,0.749,1209.0,6335.0,1.42,1.25,783.401
Kepler-1442 b,Kepler-1442,1,1,Transit,2016,81.4162941,3.93,14.7,522.0,6394.0,1.44,1.34,608.68
K2-59 b,K2-59,1,2,Transit,2016,20.6921,2.41,6.39,,5055.0,0.731,0.774,311.313
Kepler-1200 b,Kepler-1200,1,1,Transit,2016,1.118549717,1.06,1.2,1174.0,4612.0,0.7,0.74,588.715
Kepler-698 b,Kepler-698,1,1,Transit,2016,16.32976218,3.68,13.1,727.0,5612.0,0.91,0.94,1995.57
Kepler-1321 b,Kepler-1321,1,3,Transit,2016,11.12830484,4.92,21.5,408.0,4094.0,0.53,0.54,769.146
Kepler-1167 b,Kepler-1167,1,1,Transit,2016,1.003933739,1.71,3.57,1419.0,4971.0,0.75,0.79,820.905
Kepler-1581 b,Kepler-1581,1,1,Transit,2016,6.28385491,0.8,0.437,1108.0,6022.0,1.23,1.12,493.175
Kepler-644 b,Kepler-644,1,1,Transit,2016,3.173917103,3.15,10.1,1655.0,6747.0,1.81,1.49,1318.05
Kepler-1208 b,Kepler-1208,1,1,Transit,2016,11.08507637,2.32,5.99,665.0,5001.0,0.76,0.8,825.176
Kepler-1101 b,Kepler-1101,1,1,Transit,2016,81.3151059,2.47,6.66,393.0,5614.0,0.91,0.94,742.473
Kepler-560 b,Kepler-560,2,1,Transit,2016,18.47764449,1.72,3.61,298.0,3556.0,0.33,0.34,109.308
Kepler-498 b,Kepler-498,1,1,Transit,2016,9.61375356,3.03,9.43,931.0,5744.0,0.96,0.98,938.844
Kepler-817 b,Kepler-817,1,1,Transit,2016,3.990106229,9.03,60.2,1124.0,5861.0,1.03,1.03,1484.46
Kepler-937 b,Kepler-937,1,2,Transit,2016,67.668827,3.72,13.4,495.0,6095.0,1.22,1.15,1571.46
Kepler-571 b,Kepler-571,1,1,Transit,2016,4.798599388,2.64,7.46,978.0,5527.0,0.9,0.93,723.875
Kepler-1458 b,Kepler-1458,1,1,Transit,2016,47.9872764,2.76,8.05,493.0,5653.0,0.94,0.96,544.45
HIP 41378 f,HIP 41378,1,6,Transit,2016,542.07975,9.2,12.0,294.0,6320.0,1.273,1.16,106.289
Kepler-626 b,Kepler-626,1,1,Transit,2016,14.48585199,2.29,5.86,784.0,5813.0,1.05,1.01,635.643
K2-39 b,K2-39,1,1,Transit,2016,4.60543,6.27704,28.6047,1670.0,4881.0,2.97,0.66,307.47
Kepler-1549 b,Kepler-1549,1,1,Transit,2016,214.886545,2.57,7.13,286.0,5324.0,0.84,0.88,803.052
K2-62 c,K2-62,1,2,Transit,2016,16.19697,1.99,4.62,495.0,4455.0,0.696,0.67,112.467
Kepler-1149 b,Kepler-1149,1,1,Transit,2016,3.73089898,1.44,2.67,1128.0,5833.0,1.01,1.02,1217.73
Kepler-1288 b,Kepler-1288,1,1,Transit,2016,2.76122421,1.12,1.46,2017.0,6132.0,1.29,1.2,814.078
Kepler-1245 b,Kepler-1245,1,2,Transit,2016,4.35409304,1.44,2.67,1043.0,5306.0,0.83,0.86,805.936
Kepler-1068 b,Kepler-1068,1,1,Transit,2016,16.92344113,3.63,12.8,702.0,5806.0,1.01,1.01,1473.61
Kepler-1506 b,Kepler-1506,1,1,Transit,2016,14.0329154,1.32,2.3,783.0,5676.0,0.93,0.95,2366.02
HD 3167 b,HD 3167,1,4,Transit,2016,0.959641,1.67,4.97,1774.0,5261.0,0.88,0.837,47.2899
HD 3167 c,HD 3167,1,4,Transit,2016,29.8454,3.0,11.13,564.0,5261.0,0.88,0.837,47.2899
Kepler-595 b,Kepler-595,1,2,Transit,2016,25.3029092,3.708,17.4,535.0,5138.5,0.821,0.93,643.009
Kepler-641 b,Kepler-641,1,1,Transit,2016,9.48961571,1.85,4.08,926.0,5713.0,1.13,1.02,969.918
Kepler-1398 c,Kepler-1398,1,2,Transit,2016,4.13827595,1.03,1.08,1324.0,6126.0,1.18,1.13,852.204
Kepler-654 b,Kepler-654,1,1,Transit,2016,13.72465129,2.07,4.94,831.0,5865.0,1.11,1.04,974.124
Kepler-871 b,Kepler-871,1,1,Transit,2016,22.0459018,3.74,13.5,640.0,5993.0,1.14,1.11,1976.05
Kepler-696 b,Kepler-696,1,1,Transit,2016,4.190425575,6.14,31.3,1234.0,5903.0,1.08,1.06,1416.44
Kepler-1298 b,Kepler-1298,1,1,Transit,2016,7.12811928,1.31,2.27,1373.0,6339.0,2.0,1.45,544.163
Kepler-677 b,Kepler-677,1,1,Transit,2016,6.57531678,5.38,25.0,1015.0,5723.0,0.99,1.0,1954.08
Kepler-1243 b,Kepler-1243,1,1,Transit,2016,16.8320729,1.75,3.71,690.0,5667.0,0.94,0.96,758.17
Kepler-1241 b,Kepler-1241,1,1,Transit,2016,18.5525701,2.63,7.41,612.0,5261.0,0.8,0.84,968.722
K2-26 b,K2-26,1,1,Transit,2016,14.5665,2.67,7.61,430.0,3785.0,0.52,0.56,99.0504
BD+15 2375 b,BD+15 2375,1,1,Radial Velocity,2016,153.22,13.8,337.21763,,4649.0,8.95,1.08,768.045
HD 5583 b,HD 5583,1,1,Radial Velocity,2016,139.35,12.8,1837.0574,,4830.0,9.09,1.01,219.216
HD 12484 b,HD 12484,1,1,Radial Velocity,2016,58.83,13.2,947.1334,,5920.0,1.001848,1.01,48.3367
HIP 65407 b,HIP 65407,1,2,Radial Velocity,2016,28.125,14.3,136.03124,,5460.0,0.952252,0.93,61.7804
HIP 109384 b,HIP 109384,1,1,Radial Velocity,2016,499.48,13.5,495.8148,,5180.0,0.831075,0.78,58.9582
HD 220842 b,HD 220842,2,1,Radial Velocity,2016,218.47,13.1,1010.6994,,5960.0,1.41647,1.13,64.6498
Kepler-945 b,Kepler-945,1,1,Transit,2016,31.0033814,2.63,7.41,616.0,5718.0,0.97,0.97,1651.25
KELT-15 b,KELT-15,2,1,Transit,2016,3.32944,19.50366,416.3573,1642.0,6003.0,1.78,2.06,324.683
Kepler-1130 b,Kepler-1130,2,3,Transit,2016,5.45298175,0.8,0.437,904.0,5403.0,0.81,0.9,249.343
Kepler-1213 b,Kepler-1213,1,1,Transit,2016,5.34982412,1.19,1.81,1156.0,6050.0,1.21,1.14,807.812
Kepler-1020 b,Kepler-1020,1,1,Transit,2016,96.9151496,2.28,5.82,325.0,5227.0,0.8,0.87,415.358
Kepler-682 b,Kepler-682,1,1,Transit,2016,12.611906672,7.37,42.6,753.0,5559.0,0.89,0.92,1979.25
Kepler-579 b,Kepler-579,1,1,Transit,2016,9.66857723,2.0,4.66,730.0,5636.0,0.96,0.99,530.765
Kepler-1074 b,Kepler-1074,1,1,Transit,2016,5.94566534,1.25,2.1,568.0,4002.0,0.57,0.6,250.817
Kepler-700 b,Kepler-700,1,1,Transit,2016,80.8720639,5.99,30.0,452.0,5692.0,0.96,0.98,1491.76
Kepler-948 b,Kepler-948,1,1,Transit,2016,7.76846622,1.85,4.08,841.0,5679.0,0.94,0.96,868.017
Kepler-1278 b,Kepler-1278,1,1,Transit,2016,3.23941344,1.01,1.01,1213.0,6074.0,1.16,1.11,889.426
Kepler-472 b,Kepler-472,1,1,Transit,2016,4.176255514,3.22,10.5,876.0,4996.0,0.78,0.85,306.602
Kepler-1129 b,Kepler-1129,1,2,Transit,2016,24.3397804,2.96,9.06,737.0,5831.0,1.0,1.0,1183.88
Kepler-1275 b,Kepler-1275,1,1,Transit,2016,3.65691115,1.48,2.79,1368.0,6296.0,1.36,1.23,1153.98
WASP-138 b,WASP-138,1,1,Transit,2016,3.634433,12.21781,387.7526,1590.0,6272.0,1.36,1.22,414.234
K2-8 c,K2-8,1,2,Transit,2016,5.06416,2.41,6.39,801.0,4870.0,0.74,0.78,403.513
Kepler-1339 b,Kepler-1339,1,1,Transit,2016,1.341555127,0.71,0.285,1642.0,5586.0,0.93,0.94,371.049
Kepler-694 b,Kepler-694,1,1,Transit,2016,6.365841612,2.8,8.25,914.0,5700.0,0.95,0.97,1023.06
Kepler-919 b,Kepler-919,1,1,Transit,2016,11.04603384,2.25,5.69,869.0,6113.0,1.21,1.15,1119.87
Kepler-1121 b,Kepler-1121,1,1,Transit,2016,13.15141081,1.91,4.31,1008.0,6231.0,1.59,1.29,482.047
Kepler-720 b,Kepler-720,1,1,Transit,2016,4.708326542,8.41,53.4,1162.0,5618.0,0.92,0.95,1065.37
Kepler-1118 b,Kepler-1118,1,1,Transit,2016,38.6715075,2.74,7.95,502.0,5688.0,0.97,0.96,888.325
Kepler-620 b,Kepler-620,1,1,Transit,2016,12.91375431,3.32,11.0,849.0,6155.0,1.22,1.15,1355.28
Kepler-1471 b,Kepler-1471,1,2,Transit,2016,3.63899398,1.41,2.57,1238.0,5660.0,0.93,0.95,978.678
HD 95872 b,HD 95872,1,1,Radial Velocity,2015,4375.0,13.0,1188.6842,,5312.0,0.84,0.7,72.2195
K2-10 b,K2-10,1,1,Transit,2015,19.30553,3.773,25.2,649.0,5533.0,0.956,0.88,272.36
K2-25 b,K2-25,1,1,Transit,2015,3.48456408,3.44,24.5,494.0,3207.0,0.2932,0.2634,44.9565
HD 1605 c,HD 1605,1,2,Radial Velocity,2015,2149.0,13.0,1150.5446,,4915.0,3.49,1.33,88.8047
51 Eri b,51 Eri,3,1,Imaging,2015,9100.0,,3464.3296363,700.0,7295.0,1.48726,1.75,29.7575
KELT-7 b,KELT-7,1,1,Transit,2015,2.73477,17.9344,441.7837,2048.0,6768.0,1.81,1.76,136.681
Kepler-453 b,Kepler-453,2,1,Transit,2015,240.503,6.204,16.0,,5527.0,0.833,0.944,442.846
WASP-83 b,WASP-83,1,1,Transit,2015,4.971252,11.65736,95.349,1120.0,5510.0,1.05,1.11,271.103
KIC 3558849 b,KIC 3558849,1,1,Transit,2015,1322.3,6.9,38.1,,6175.0,1.01,0.98,1215.7
Kepler-440 b,Kepler-440,1,1,Transit,2015,101.11141,1.86,4.12,229.0,4134.0,0.559,0.575,301.03
Kepler-447 b,Kepler-447,1,1,Transit,2015,7.79430132,18.49,435.41,882.0,5493.0,1.05,1.0,268.041
WASP-89 b,WASP-89,1,1,Transit,2015,3.3564227,11.65736,1875.197,1120.0,5130.0,0.88,0.92,290.946
K2-13 b,K2-13,1,1,Transit,2015,39.91488,1.89,4.23,511.0,5698.0,0.78,0.8,342.394
KIC 8540376 b,KOI-7892,1,3,Transit,2015,31.8099,4.1,15.8,,6474.0,1.26,1.04,1072.3
KIC 8540376 c,KOI-7892,1,3,Transit,2015,75.2,2.4,6.35,,6474.0,1.26,1.04,1072.3
Kepler-436 b,Kepler-436,1,2,Transit,2015,64.00205,2.73,7.9,322.0,4651.0,0.697,0.729,588.867
Kepler-441 b,Kepler-441,1,1,Transit,2015,207.2482,1.64,3.33,189.0,4340.0,0.55,0.572,268.003
WASP-20 b,WASP-20,2,1,Transit,2015,4.8996284,16.388,98.841,1379.0,5940.0,1.392,1.2,211.877
K2-14 b,K2-14,1,1,Transit,2015,8.36802,4.81,20.7,488.0,3789.0,0.45,0.47,364.048
K2-15 b,K2-15,1,1,Transit,2015,11.8104,2.48,6.71,676.0,5131.0,0.68,0.72,493.992
K2-17 b,K2-17,1,1,Transit,2015,17.96753,2.23,5.6,487.0,4320.0,0.66,0.71,125.106
KIC 10525077 b,KIC 10525077,1,1,Transit,2015,854.083,5.5,25.9,,6091.0,1.01,1.01,1461.15
KIC 5437945 b,KIC 5437945,1,2,Transit,2015,440.7813,6.4,33.6,308.0,6340.0,1.24,1.07,1274.01
Kepler-442 b,Kepler-442,1,1,Transit,2015,112.3053,1.34,2.36,241.0,4402.0,0.598,0.609,365.965
HD 67087 b,HD 67087,1,2,Radial Velocity,2015,352.2,13.1,973.0,,6330.0,1.55,1.36,76.5217
HATS-13 b,HATS-13,1,1,Transit,2015,3.0440499,13.585308,172.58169,1244.0,5523.0,0.887,0.962,421.855
HD 33844 c,HD 33844,1,2,Radial Velocity,2015,916.0,13.5,556.2025,,4861.0,5.29,1.78,105.779
HD 32963 b,HD 32963,1,1,Radial Velocity,2015,2372.0,13.4,657.90480249,,5727.0,1.111044,0.94,38.0786
Kepler-437 b,Kepler-437,1,1,Transit,2015,66.65062,2.14,5.22,308.0,4551.0,0.68,0.707,304.0
OGLE-2012-BLG-0563L b,OGLE-2012-BLG-0563L,1,1,Microlensing,2015,,13.6,120.0,,,,0.34,1300.0
HATS-14 b,HATS-14,1,1,Transit,2015,2.7667641,11.646151,340.39593,1276.0,5346.0,0.933,0.967,513.011
KELT-6 c,KELT-6,1,2,Radial Velocity,2015,1276.0,13.0,1179.1493,,6272.0,1.529,1.126,240.726
HAT-P-54 b,HAT-P-54,1,1,Transit,2015,3.799847,10.581296,241.5508,818.0,4390.0,0.617,0.645,143.651
CoRoT-28 b,CoRoT-28,1,1,Transit,2015,5.20851,10.704595,153.82972,,5150.0,1.78,1.01,766.183
Kepler-435 b,Kepler-435,1,1,Transit,2015,8.6001536,22.31,266.97,1729.0,6161.0,3.21,1.538,1418.77
Kepler-434 b,Kepler-434,1,1,Transit,2015,12.8747099,12.67,908.96,1000.0,5977.0,1.38,1.198,1222.54
Kepler-433 b,Kepler-433,1,1,Transit,2015,5.33408384,16.25,896.24,1776.0,6360.0,2.26,1.46,1878.31
Kepler-445 d,Kepler-445,1,3,Transit,2015,8.15275,1.25,2.1,305.0,3157.0,0.21,0.18,127.201
Kepler-445 c,Kepler-445,1,3,Transit,2015,4.871229,2.51,6.85,341.0,3157.0,0.21,0.18,127.201
Kepler-432 b,Kepler-432,2,2,Transit,2015,52.501129,12.834305,1719.4603,812.0,4995.0,4.06,1.32,848.023
Kepler-445 b,Kepler-445,1,3,Transit,2015,2.984151,1.58,3.12,401.0,3157.0,0.21,0.18,127.201
Kepler-446 d,Kepler-446,1,3,Transit,2015,5.148921,1.35,2.39,436.0,3359.0,0.24,0.22,96.339
2MASS J02192210-3925225 b,2MASS J02192210-3925225,1,1,Imaging,2015,,16.14096,4417.837,,3064.0,0.281,0.108,40.08964117
HATS-6 b,HATS-6,1,1,Transit,2015,3.3252725,11.186582,101.38777,712.8,3724.0,0.57,0.574,169.318
WASP-41 c,WASP-41,1,2,Radial Velocity,2015,421.0,13.1,1010.6994,241.0,5545.0,0.87,0.93,163.371
Kepler-449 c,Kepler-449,1,2,Transit,2015,33.6727,2.764,8.07,661.0,5649.18,1.467,1.02,241.949
Kepler-450 c,Kepler-450,1,3,Transit,2015,15.413135,2.62,12.5,944.0,6197.21,1.64162,1.19,455.982
HAT-P-50 b,HAT-P-50,1,1,Transit,2015,3.1220109,14.437192,429.0705,1862.0,6280.0,1.698,1.273,515.458
Kepler-431 d,Kepler-431,1,3,Transit,2015,11.922,1.11,1.41,856.0,6004.0,1.092,1.071,486.546
Kepler-431 c,Kepler-431,1,3,Transit,2015,8.703,0.668,0.229,951.0,6004.0,1.092,1.071,486.546
Kepler-449 b,Kepler-449,1,2,Transit,2015,12.58242,2.056,4.88,917.0,5649.18,1.467,1.02,241.949
HD 1461 c,HD 1461,1,2,Radial Velocity,2015,13.5052,2.23,5.59,,5765.0,1.152288,1.02,23.4534
GJ 3341 b,GJ 3341,1,1,Radial Velocity,2015,14.207,2.46,6.6,,3526.0,0.439,0.47,23.619
Kepler-430 c,Kepler-430,1,2,Transit,2015,110.979,1.75,3.71,458.0,5884.0,1.485,1.166,917.477
Kepler-444 b,Kepler-444,3,5,Transit,2015,3.6001053,0.403,0.0374,938.0,5046.0,0.752,0.758,36.4396
Kepler-444 c,Kepler-444,3,5,Transit,2015,4.5458841,0.497,0.0793,868.0,5046.0,0.752,0.758,36.4396
Kepler-450 d,Kepler-450,1,3,Transit,2015,7.51464,0.837,17.6,1199.0,6197.21,1.64162,1.19,455.982
HD 219134 g,HD 219134,1,6,Radial Velocity,2015,94.2,3.28,10.80622,,4913.0,0.77,0.794,6.53127
Kepler-444 e,Kepler-444,3,5,Transit,2015,7.743493,0.546,0.1,727.0,5046.0,0.752,0.758,36.4396
Kepler-444 d,Kepler-444,3,5,Transit,2015,6.189392,0.53,0.2,783.0,5046.0,0.752,0.758,36.4396
Kepler-444 f,Kepler-444,3,5,Transit,2015,9.740486,0.741,0.332,673.0,5046.0,0.752,0.758,36.4396
HIP 107773 b,HIP 107773,1,1,Radial Velocity,2015,144.3,13.4,629.3034,,4945.0,11.6,2.42,105.18
HATS-8 b,HATS-8,1,1,Transit,2015,3.583893,9.785457,43.86054,1324.0,5679.0,1.086,1.056,794.637
HD 219134 h,HD 219134,1,6,Radial Velocity,2015,2247.0,12.7,108.0622,,4913.0,0.77,0.794,6.53127
WASP-82 b,WASP-82,1,1,Transit,2015,2.70579,18.15858,371.8611,2190.0,6480.0,2.1,1.48,275.664
Kepler-280 c,Kepler-280,1,2,Transit,2014,4.807091,2.01,4.7,1088.0,5744.0,0.886,0.962,780.361
Kepler-263 c,Kepler-263,1,2,Transit,2014,47.332773,2.47,6.66,386.0,5265.0,0.785,0.793,754.747
Kepler-150 d,Kepler-150,1,5,Transit,2014,12.56093,2.79,8.2,734.0,5560.0,0.939,0.956,891.092
Kepler-221 d,Kepler-221,1,4,Transit,2014,10.04156,2.73,3.61,712.0,5243.0,0.821,0.854,385.231
Kepler-311 c,Kepler-311,1,3,Transit,2014,19.738286,1.43,2.63,744.0,5905.0,1.188,0.994,778.654
Kepler-150 e,Kepler-150,1,5,Transit,2014,30.826557,3.12,9.91,544.0,5560.0,0.939,0.956,891.092
Kepler-272 c,Kepler-272,1,3,Transit,2014,6.057342,1.79,97.8,947.0,5297.0,0.929,0.91,889.608
Kepler-152 c,Kepler-152,1,2,Transit,2014,88.255055,2.39,6.3,326.0,5088.0,0.724,0.779,441.09
WASP-96 b,WASP-96,1,1,Transit,2014,3.4252602,13.45,152.55,1285.0,5540.0,1.05,1.06,352.464
Kepler-419 c,Kepler-419,1,2,Transit Timing Variations,2014,675.47,12.6,2320.1,,6430.0,1.74,1.39,1011.36
Kepler-419 b,Kepler-419,1,2,Transit,2014,69.7546,10.8,794.5,613.0,6430.0,1.74,1.39,1011.36
HD 154857 c,HD 154857,1,2,Radial Velocity,2014,3452.0,13.2,819.97,,5605.0,1.76,1.718,63.4482
Kepler-413 b,Kepler-413,2,1,Transit,2014,66.262,4.347,67.0,,4700.0,0.7761,0.82,847.536
Kepler-186 b,Kepler-186,1,5,Transit,2014,3.8867907,1.07,1.24,571.0,3788.0,0.472,0.478,177.594
Kepler-186 d,Kepler-186,1,5,Transit,2014,13.342996,1.4,2.54,379.0,3788.0,0.472,0.478,177.594
GU Psc b,GU Psc,1,1,Imaging,2014,,14.179,3591.3,1050.0,4031.81,0.450458,0.325,47.5501
Kepler-31 d,Kepler-31,1,3,Transit,2014,87.6451,3.9,2161.244,484.0,6340.0,1.22,1.21,1664.64
HAT-P-44 b,HAT-P-44,1,2,Transit,2014,4.301219,13.922,111.871,1108.0,5295.0,0.949,0.942,347.85
HAT-P-44 c,HAT-P-44,1,2,Radial Velocity,2014,872.2,13.0,1271.3,,5295.0,0.949,0.942,347.85
HATS-5 b,HATS-5,1,1,Transit,2014,4.763387,10.223,75.323,1025.0,5304.0,0.871,0.936,246.384
Kepler-415 c,Kepler-415,1,2,Transit Timing Variations,2014,8.708,2.01,4.7,543.0,4362.0,0.643,0.67,530.487
Kepler-122 f,Kepler-122,1,5,Transit Timing Variations,2014,56.268,1.75,36.0,543.0,5917.0,0.949,1.03,1027.45
Kepler-414 c,Kepler-414,1,2,Transit Timing Variations,2014,7.171,3.01,29.9,890.0,5536.0,0.946,0.89,413.46
Kepler-415 b,Kepler-415,1,2,Transit Timing Variations,2014,4.176,1.21,119.9,694.0,4362.0,0.643,0.67,530.487
Kepler-338 e,Kepler-338,1,4,Transit Timing Variations,2014,9.341,1.56,8.5,1143.0,5999.0,1.735,1.14,552.798
Kepler-130 c,Kepler-130,2,3,Transit,2014,27.50868,2.9,8.75,683.0,5879.0,1.17,1.0,316.663
Kepler-418 b,Kepler-418,1,2,Transit,2014,86.67856,13.45,349.6112477,434.0,5820.0,1.09,0.98,1002.53
Kepler-269 b,Kepler-269,1,2,Transit,2014,5.326718,2.47,6.66,1007.0,5847.0,0.959,0.92,2257.32
Kepler-300 c,Kepler-300,1,2,Transit,2014,40.714955,2.25,5.69,516.0,5986.0,0.9,1.07,1098.45
Kepler-149 d,Kepler-149,1,3,Transit,2014,160.018032,3.96,14.9,306.0,5381.0,0.953,1.013,571.034
Kepler-124 d,Kepler-124,1,3,Transit,2014,30.950851,1.11,1.41,428.0,4984.0,0.636,0.706,420.046
Kepler-297 b,Kepler-297,1,3,Transit,2014,38.871826,2.87,48.5,509.0,5619.0,0.915,0.927,692.14
Kepler-402 c,Kepler-402,1,4,Transit,2014,6.124821,1.56,3.05,1140.0,6090.0,1.264,1.072,625.339
Kepler-157 b,Kepler-157,1,3,Transit,2014,1.732342,1.32,2.3,1546.0,5774.0,1.044,0.95,773.713
Kepler-288 c,Kepler-288,1,3,Transit,2014,19.305772,2.85,8.5,815.0,5918.0,1.091,0.842,1194.15
Kepler-295 b,Kepler-295,1,3,Transit,2014,12.645164,1.22,1.98,741.0,5603.0,0.898,0.89,1699.19
Kepler-178 d,Kepler-178,1,3,Transit,2014,96.678988,3.95,14.8,392.0,5676.0,1.066,0.852,716.025
Kepler-287 c,Kepler-287,1,2,Transit,2014,44.851896,3.26,66.0,513.0,5806.0,1.032,0.963,835.86
Kepler-285 b,Kepler-285,1,2,Transit,2014,2.633867,1.34,2.36,1131.0,5411.0,0.808,0.915,824.31
Kepler-181 b,Kepler-181,1,2,Transit,2014,3.137873,1.27,2.15,1041.0,5333.0,0.749,0.81,609.283
Kepler-284 b,Kepler-284,1,2,Transit,2014,12.699149,2.24,5.65,686.0,5615.0,0.814,0.766,1031.95
Kepler-199 c,Kepler-199,1,2,Transit,2014,67.093408,3.25,10.6,420.0,5644.0,0.967,0.96,521.054
Kepler-214 b,Kepler-214,1,2,Transit,2014,15.660544,2.61,7.32,758.0,6169.0,1.352,1.11,1208.44
Kepler-115 c,Kepler-115,1,2,Transit,2014,8.990889,2.6,7.27,960.0,5979.0,1.205,1.042,623.609
Kepler-341 c,Kepler-341,1,4,Transit,2014,8.01041,1.7,3.53,940.0,6012.0,1.024,0.976,1047.03
Kepler-225 b,Kepler-225,1,2,Transit,2014,6.738975,1.2,1.87,579.0,3682.0,0.48,0.593,561.101
Kepler-216 b,Kepler-216,1,2,Transit,2014,7.693641,2.35,6.12,1069.0,6091.0,1.26,1.126,1187.47
Kepler-259 c,Kepler-259,1,2,Transit,2014,36.924931,2.7,7.75,530.0,5938.0,0.898,0.867,1002.14
Kepler-293 b,Kepler-293,1,2,Transit,2014,19.254196,3.07,9.64,657.0,5804.0,0.957,0.934,974.633
Kepler-291 b,Kepler-291,1,2,Transit,2014,3.546511,2.16,5.31,1212.0,6002.0,1.016,1.023,1786.48
Kepler-242 c,Kepler-242,1,2,Transit,2014,14.496481,2.0,4.66,613.0,5020.0,0.85,0.748,600.241
Kepler-240 b,Kepler-240,1,2,Transit,2014,4.144495,1.37,2.45,864.0,4985.0,0.739,0.868,746.927
Kepler-148 c,Kepler-148,1,3,Transit,2014,4.180043,3.6,12.6,957.0,5272.0,0.851,0.86,791.163
Kepler-179 b,Kepler-179,1,2,Transit,2014,2.735926,1.64,3.33,1075.0,5302.0,0.759,0.893,605.68
Kepler-303 b,Kepler-303,1,2,Transit,2014,1.937055,0.89,0.64,802.0,3944.0,0.485,0.575,209.738
Kepler-260 b,Kepler-260,1,2,Transit,2014,8.187399,2.01,4.7,782.0,5250.0,0.862,1.013,627.365
Kepler-226 b,Kepler-226,1,3,Transit,2014,3.940997,1.55,24.0,1018.0,5571.0,0.802,0.904,980.138
Kepler-165 c,Kepler-165,1,2,Transit,2014,15.31299,2.23,5.6,581.0,5211.0,0.77,0.746,560.885
Kepler-197 d,Kepler-197,2,4,Transit,2014,15.677563,1.22,1.98,810.0,6004.0,1.12,0.857,330.575
Kepler-125 b,Kepler-125,1,2,Transit,2014,4.164389,2.37,6.21,590.0,3810.0,0.512,0.542101,183.365
Kepler-306 c,Kepler-306,1,4,Transit,2014,7.240193,2.35,6.12,716.0,4954.0,0.719,0.75,775.679
Kepler-222 c,Kepler-222,1,3,Transit,2014,10.08881,4.64,19.4,734.0,5433.0,0.869,0.933,758.854
Kepler-184 d,Kepler-184,1,3,Transit,2014,29.022358,2.49,6.76,559.0,5788.0,0.873,0.872,610.326
Kepler-309 b,Kepler-309,1,2,Transit,2014,5.923653,1.56,3.05,531.0,4713.0,0.721,0.816,544.568
Kepler-166 c,Kepler-166,1,3,Transit,2014,34.260281,2.38,6.26,468.0,5413.0,0.742,0.811,603.53
Kepler-275 b,Kepler-275,1,3,Transit,2014,10.300682,2.34,6.08,1015.0,6165.0,1.383,1.189,2034.25
Kepler-108 b,Kepler-108,2,2,Transit,2014,49.183921,8.65,56.0,669.0,5854.0,2.192,1.247,338.732
Kepler-264 b,Kepler-264,1,2,Transit,2014,40.806231,3.33,11.1,772.0,6158.0,1.55,1.426,942.173
Kepler-279 b,Kepler-279,1,4,Transit,2014,12.309681,3.62,4180.93,1104.0,6363.0,1.746,1.2,1037.4
Kepler-286 c,Kepler-286,1,4,Transit,2014,3.468095,1.37,2.45,1098.0,5580.0,0.863,0.83,1226.85
Kepler-261 b,Kepler-261,1,2,Transit,2014,10.381227,2.18,5.39,672.0,5098.0,0.794,0.834,317.499
Kepler-292 d,Kepler-292,1,5,Transit,2014,7.055679,2.23,5.6,808.0,5299.0,0.826,0.865,1056.48
Kepler-119 b,Kepler-119,1,2,Transit,2014,2.422082,3.6,12.6,1213.0,5595.0,0.839,0.918,701.996
Kepler-297 c,Kepler-297,1,3,Transit,2014,74.920137,6.54,42.1,409.0,5619.0,0.915,0.927,692.14
Kepler-343 b,Kepler-343,1,2,Transit,2014,8.96855,2.41,6.39,1024.0,5807.0,1.433,1.055,927.193
Kepler-158 b,Kepler-158,1,3,Transit,2014,16.709184,2.12,5.14,500.0,4623.0,0.624,0.655,315.177
Kepler-273 b,Kepler-273,1,2,Transit,2014,2.936532,1.5,2.86,1209.0,5626.0,0.815,0.756,713.964
Kepler-306 b,Kepler-306,1,4,Transit,2014,4.646186,1.52,2.92,830.0,4954.0,0.719,0.75,775.679
Kepler-267 d,Kepler-267,1,3,Transit,2014,28.464515,2.27,5.77,301.0,4258.0,0.555,0.541571,264.993
Kepler-266 b,Kepler-266,1,2,Transit,2014,6.61833,2.48,6.71,1066.0,5885.0,1.028,0.947,1370.79
Kepler-121 c,Kepler-121,1,2,Transit,2014,41.008011,2.27,5.77,425.0,5311.0,0.701,0.859,510.523
Kepler-338 d,Kepler-338,1,4,Transit,2014,44.431014,3.0,9.27,680.0,5923.0,1.735,1.105,552.798
Kepler-126 d,Kepler-126,1,3,Transit,2014,100.283134,2.5,54.59018723,475.0,6239.0,1.358,1.108,237.401
Kepler-381 c,Kepler-381,1,3,Transit,2014,13.391635,1.12,1.46,1180.0,6152.0,1.568,1.144,267.323
Kepler-249 d,Kepler-249,1,3,Transit,2014,15.368459,1.57,3.09,332.0,3568.0,0.482,0.510238,190.401
Kepler-254 d,Kepler-254,1,3,Transit,2014,18.746477,2.5,6.8,686.0,5957.0,0.91,0.849,1389.48
Kepler-363 d,Kepler-363,1,3,Transit,2014,11.932125,2.05,4.86,905.0,5593.0,1.485,1.226,762.596
Kepler-366 b,Kepler-366,1,2,Transit,2014,3.281959,1.46,2.73,1326.0,6209.0,1.048,1.088,1856.28
Kepler-141 b,Kepler-141,1,2,Transit,2014,3.107675,0.69,0.257,968.0,4910.0,0.787,0.878,301.183
Kepler-142 d,Kepler-142,1,3,Transit,2014,41.809118,2.16,5.31,582.0,5790.0,1.269,0.978,548.686
Kepler-400 b,Kepler-400,1,2,Transit,2014,9.024389,1.65,3.36,939.0,5886.0,1.145,1.08,845.97
Kepler-204 c,Kepler-204,1,2,Transit,2014,25.660593,1.79,3.86,683.0,5812.0,1.238,1.038,686.723
Kepler-312 c,Kepler-312,1,2,Transit,2014,19.747412,3.15,10.1,754.0,6115.0,1.467,1.314,797.72
Kepler-286 d,Kepler-286,1,4,Transit,2014,5.914323,1.33,2.33,919.0,5580.0,0.863,0.83,1226.85
Kepler-354 b,Kepler-354,1,3,Transit,2014,5.47666,1.84,4.04,741.0,4648.0,0.674,0.652,554.064
Kepler-368 b,Kepler-368,1,2,Transit,2014,26.84768,3.26,10.7,800.0,5502.0,2.019,1.165,770.978
Kepler-135 b,Kepler-135,1,2,Transit,2014,6.00253,1.81,3.93,1209.0,6090.0,1.275,1.047,621.855
Kepler-383 b,Kepler-383,1,2,Transit,2014,12.904532,1.32,2.3,545.0,4710.0,0.672,0.669,470.0
Kepler-314 c,Kepler-314,1,2,Transit,2014,5.960392,2.9,8.75,890.0,5378.0,0.95,0.99,268.881
Kepler-104 c,Kepler-104,2,3,Transit,2014,23.668205,3.13,7.14430805,668.0,5711.0,1.349,0.818,400.785
Kepler-369 c,Kepler-369,1,2,Transit,2014,14.871572,1.41,2.57,391.0,3591.0,0.471,0.5,214.0
Kepler-371 b,Kepler-371,1,2,Transit,2014,34.763278,1.89,4.23,554.0,5666.0,0.992,0.876,813.192
Kepler-147 b,Kepler-147,1,2,Transit,2014,12.610584,1.53,2.96,953.0,6012.0,1.468,1.145,1042.02
Kepler-132 d,Kepler-132,2,4,Transit,2014,18.010199,1.55,3.02,758.0,6003.0,1.178,0.929,349.549
Kepler-208 c,Kepler-208,1,4,Transit,2014,7.466623,1.39,2.51,1141.0,6092.0,1.314,1.082,775.328
Kepler-316 c,Kepler-316,1,2,Transit,2014,6.827766,1.16,1.65,577.0,4204.0,0.52,0.587,384.938
Kepler-313 b,Kepler-313,1,2,Transit,2014,14.970418,2.53,6.94,883.0,5727.0,1.536,1.114,1079.39524871
Kepler-372 c,Kepler-372,1,3,Transit,2014,20.053763,2.09,5.02,755.0,6509.0,1.137,1.202,1493.95
Kepler-373 b,Kepler-373,1,2,Transit,2014,5.535309,1.36,2.42,1054.0,5787.0,0.845,0.981,1090.45
Kepler-151 c,Kepler-151,1,2,Transit,2014,24.674612,2.09,5.02,544.0,5460.0,0.83,0.87,649.919
Kepler-386 c,Kepler-386,1,2,Transit,2014,25.193458,1.58,3.12,513.0,5178.0,0.767,0.825,882.462
Kepler-215 c,Kepler-215,1,4,Transit,2014,14.667108,1.77,3.78,675.0,5739.0,1.027,0.788,485.997
Kepler-404 b,Kepler-404,1,2,Transit,2014,11.829851,1.27,2.15,730.0,5654.0,0.884,0.86,812.524
Kepler-317 b,Kepler-317,1,2,Transit,2014,5.524242,2.09,109.8,976.0,5497.0,0.941,0.865,940.584
Kepler-319 c,Kepler-319,1,3,Transit,2014,6.941357,2.63,7.41,876.0,5526.0,0.903,0.933,503.436
Kepler-375 c,Kepler-375,1,2,Transit,2014,19.986326,2.65,7.51,720.0,5826.0,0.837,0.891,1238.81
Kepler-356 c,Kepler-356,1,2,Transit,2014,13.121632,1.81,3.93,913.0,6133.0,1.335,1.163,707.559
Kepler-387 b,Kepler-387,1,2,Transit,2014,6.791636,1.03,1.08,994.0,5774.0,1.046,0.85,801.052
Kepler-388 b,Kepler-388,1,2,Transit,2014,3.173315,0.81,0.457,830.0,4498.0,0.586,0.635,425.0
Kepler-224 e,Kepler-224,1,4,Transit,2014,18.643577,1.97,4.54,517.0,5018.0,0.676,0.777,782.088
Kepler-226 d,Kepler-226,1,3,Transit,2014,8.109044,1.22,1.98,800.0,5571.0,0.802,0.904,980.138
Kepler-348 b,Kepler-348,1,2,Transit,2014,7.05677,1.52,2.92,1196.0,6177.0,1.359,1.189,570.783
Kepler-338 b,Kepler-338,1,4,Transit,2014,13.726976,2.44,30.6,1005.0,5923.0,1.735,1.105,552.798
Kepler-376 c,Kepler-376,1,2,Transit,2014,14.172327,1.79,3.86,873.0,5900.0,1.175,0.968,923.067
Kepler-377 c,Kepler-377,1,2,Transit,2014,27.014976,2.06,4.9,677.0,5949.0,1.224,1.043,823.804
Kepler-389 b,Kepler-389,1,2,Transit,2014,3.244107,1.51,2.89,1047.0,5376.0,0.792,0.765,816.559
Kepler-118 b,Kepler-118,1,2,Transit,2014,7.518496,1.96,4.5,784.0,5274.0,1.094,0.811,574.228
Kepler-123 c,Kepler-123,1,2,Transit,2014,26.695074,1.48,2.79,706.0,6089.0,1.264,1.079,1021.66
Kepler-243 c,Kepler-243,1,2,Transit,2014,20.026218,1.99,4.62,559.0,5228.0,0.842,0.904,693.86
Kepler-379 c,Kepler-379,1,2,Transit,2014,62.784697,2.29,5.86,530.0,6054.0,1.306,1.125,731.274
Kepler-112 c,Kepler-112,1,2,Transit,2014,28.574263,2.4,6.35,538.0,5544.0,0.841,0.782,513.206
Kepler-137 c,Kepler-137,1,2,Transit,2014,18.735753,1.88,4.19,568.0,5187.0,0.802,0.85,302.979
Kepler-390 b,Kepler-390,2,2,Transit,2014,6.738088,0.82,0.477,786.0,5166.0,0.776,0.787,435.277
Kepler-351 c,Kepler-351,1,3,Transit,2014,57.24809,3.19,11.1,431.0,5643.0,0.854,0.81,1083.91
Kepler-327 b,Kepler-327,1,3,Transit,2014,2.549575,1.11,1.41,682.0,3799.0,0.492,0.591913,241.987
Kepler-114 b,Kepler-114,1,3,Transit,2014,5.188549,1.26,1.09,586.0,4605.0,0.667,0.77,259.533
Kepler-358 c,Kepler-358,1,2,Transit,2014,83.488369,2.85,8.5,411.0,5908.0,0.954,0.94,1101.1
Kepler-169 c,Kepler-169,1,5,Transit,2014,6.195469,1.21,1.92,776.0,4997.0,0.763,0.825,406.529
Kepler-236 b,Kepler-236,1,2,Transit,2014,8.295611,1.57,3.09,469.0,3750.0,0.51,0.596005,288.763
Kepler-141 c,Kepler-141,1,2,Transit,2014,7.010606,1.41,2.57,738.0,4910.0,0.787,0.878,301.183
Kepler-321 c,Kepler-321,1,2,Transit,2014,13.093921,2.32,5.99,752.0,5740.0,1.194,1.024,384.542
Kepler-349 b,Kepler-349,1,2,Transit,2014,5.929778,1.9,94.5,972.0,5956.0,0.927,1.083,940.724
Kepler-353 c,Kepler-353,2,2,Transit,2014,8.410894,1.38,2.48,472.0,3903.0,0.504,0.553,384.694
Kepler-359 c,Kepler-359,1,3,Transit,2014,57.68802,4.3,2.9,512.0,6248.0,1.086,0.827,1443.21
Kepler-173 b,Kepler-173,1,2,Transit,2014,4.263742,1.29,2.21,1179.0,6031.0,0.949,1.067,833.165
Kepler-180 b,Kepler-180,1,2,Transit,2014,13.817124,1.5,2.86,781.0,5731.0,1.063,0.95,695.65
Kepler-244 d,Kepler-244,1,3,Transit,2014,20.050401,2.31,15.2,622.0,5554.0,0.803,0.933,1036.49
Kepler-254 c,Kepler-254,1,3,Transit,2014,12.412183,2.15,3.2,787.0,5957.0,0.91,0.849,1389.48
Kepler-330 c,Kepler-330,1,2,Transit,2014,15.955387,1.95,4.46,573.0,5117.0,0.722,0.848,717.527
Kepler-360 b,Kepler-360,1,2,Transit,2014,3.289672,1.65,3.36,1116.0,6053.0,1.058,0.994,876.044
Kepler-49 e,Kepler-49,1,4,Transit,2014,18.596108,1.56,1.03815,371.0,4252.0,0.559,0.549,311.222
Kepler-140 b,Kepler-140,1,2,Transit,2014,3.25427,1.61,3.22,1301.0,6077.0,1.288,1.044,583.859
Kepler-122 d,Kepler-122,1,5,Transit,2014,21.587475,2.2,5.48,747.0,6050.0,1.216,0.982,1027.45
Kepler-268 c,Kepler-268,1,2,Transit,2014,83.446393,3.38,11.4,471.0,6081.0,1.274,1.109,851.87
Kepler-171 c,Kepler-171,1,3,Transit,2014,11.463462,2.56,7.08,752.0,5642.0,0.839,0.978,863.855
Kepler-133 c,Kepler-133,1,2,Transit,2014,31.517586,2.84,8.45,663.0,5736.0,1.425,1.02,653.6
Kepler-185 b,Kepler-185,1,2,Transit,2014,1.6329,1.17,1.71,1237.0,5208.0,0.806,0.763,466.735
Kepler-346 b,Kepler-346,1,2,Transit,2014,6.511127,2.66,7.56,1008.0,6033.0,1.021,0.943,984.105
Kepler-281 b,Kepler-281,1,3,Transit,2014,14.646008,2.82,324.0,694.0,5723.0,0.899,0.95,1745.45
Kepler-288 b,Kepler-288,1,3,Transit,2014,6.097326,1.67,3.43,1197.0,5918.0,1.091,0.842,1194.15
Kepler-394 b,Kepler-394,1,3,Transit,2014,8.005013,1.6,3.19,1035.0,6402.0,1.132,0.87,1058.72
Kepler-189 b,Kepler-189,1,2,Transit,2014,10.399931,1.21,1.92,678.0,5235.0,0.75,0.803,591.534
Kepler-148 b,Kepler-148,1,3,Transit,2014,1.729366,1.8,3.89,1284.0,5272.0,0.851,0.86,791.163
Kepler-178 c,Kepler-178,1,3,Transit,2014,20.552802,2.88,8.65,656.0,5676.0,1.066,0.852,716.025
Kepler-342 b,Kepler-342,1,4,Transit,2014,15.170318,2.25,5.69,905.0,6175.0,1.472,1.213,781.611
Kepler-334 c,Kepler-334,1,3,Transit,2014,12.758005,1.43,2.63,822.0,5828.0,1.068,1.022,426.59
Kepler-291 c,Kepler-291,1,2,Transit,2014,5.700786,1.88,4.19,1035.0,6002.0,1.016,1.023,1786.48
Kepler-298 c,Kepler-298,1,3,Transit,2014,22.92881,1.93,4.38,416.0,4465.0,0.582,0.66,518.204
Kepler-190 c,Kepler-190,1,2,Transit,2014,3.763024,1.46,2.73,948.0,5106.0,0.795,0.834,433.387
Kepler-191 c,Kepler-191,1,3,Transit,2014,17.738506,1.86,4.12,596.0,5282.0,0.789,0.857,594.464
Kepler-207 c,Kepler-207,1,3,Transit,2014,3.071571,1.5,2.86,1556.0,5920.0,1.588,1.313,875.519
Kepler-224 b,Kepler-224,1,4,Transit,2014,3.132924,1.39,2.51,937.0,5018.0,0.676,0.777,782.088
Kepler-337 c,Kepler-337,1,2,Transit,2014,9.693201,2.05,4.86,1017.0,5684.0,1.761,1.081,677.975
Kepler-299 d,Kepler-299,1,4,Transit,2014,15.054786,1.86,4.12,729.0,5617.0,1.032,1.004,1052.24
Kepler-303 c,Kepler-303,1,2,Transit,2014,7.061149,1.14,1.55,521.0,3944.0,0.485,0.575,209.738
Kepler-137 b,Kepler-137,1,2,Transit,2014,8.436387,1.47,2.76,742.0,5187.0,0.802,0.85,302.979
Kepler-228 b,Kepler-228,1,3,Transit,2014,2.566546,1.53,2.96,1360.0,6043.0,1.014,1.006,1644.61
Kepler-238 c,Kepler-238,1,5,Transit,2014,6.155557,2.39,152.522,1146.0,5751.0,1.43,1.229,1798.75
Kepler-324 c,Kepler-324,1,4,Transit,2014,51.805612,3.15,6.2,410.0,5194.0,0.84,0.901,501.574
Kepler-188 b,Kepler-188,1,2,Transit,2014,2.061897,1.68,3.46,1463.0,6021.0,1.141,1.021,968.544
Kepler-126 b,Kepler-126,1,3,Transit,2014,10.495711,1.52,4.11726105,1009.0,6239.0,1.358,1.108,237.401
Kepler-136 c,Kepler-136,2,2,Transit,2014,16.399235,1.99,4.62,847.0,6165.0,1.355,1.204,420.818
Kepler-198 c,Kepler-198,1,3,Transit,2014,49.567416,2.47,6.66,465.0,5574.0,0.94,0.995,495.358
Kepler-398 b,Kepler-398,1,3,Transit,2014,4.081423,0.93,0.749,755.0,4493.0,0.613,0.649,177.355
Kepler-244 c,Kepler-244,1,3,Transit,2014,9.767292,2.05,4.86,791.0,5554.0,0.803,0.933,1036.49
Kepler-247 b,Kepler-247,1,3,Transit,2014,3.33616,1.64,3.33,970.0,5100.0,0.768,0.887,663.711
Kepler-301 d,Kepler-301,1,3,Transit,2014,13.751243,1.75,3.71,725.0,5815.0,0.9,1.022,719.166
Kepler-301 c,Kepler-301,1,3,Transit,2014,5.419026,1.35,2.39,989.0,5815.0,0.9,1.022,719.166
Kepler-342 d,Kepler-342,1,4,Transit,2014,39.459357,2.49,6.76,658.0,6175.0,1.472,1.213,781.611
Kepler-191 b,Kepler-191,1,3,Transit,2014,9.939632,1.34,2.36,722.0,5282.0,0.789,0.857,594.464
Kepler-194 d,Kepler-194,1,3,Transit,2014,52.814973,2.4,6.35,562.0,6089.0,1.025,0.94,1097.97
Kepler-208 e,Kepler-208,1,4,Transit,2014,16.259458,1.48,2.79,880.0,6092.0,1.314,1.082,775.328
Kepler-344 c,Kepler-344,1,2,Transit,2014,125.596809,2.95,9.01,360.0,5774.0,0.976,0.931,1002.94
Kepler-304 d,Kepler-304,1,4,Transit,2014,9.653471,2.75,8.0,611.0,4731.0,0.687,0.737,434.684
Kepler-304 c,Kepler-304,1,4,Transit,2014,5.315946,2.17,5.35,746.0,4731.0,0.687,0.737,434.684
Kepler-81 d,Kepler-81,1,3,Transit,2014,20.837846,1.21,1.92,418.0,4500.0,0.595,0.648,348.291
Kepler-197 e,Kepler-197,2,4,Transit,2014,25.209715,0.91,0.693,691.0,6004.0,1.12,0.857,330.575
Kepler-200 c,Kepler-200,1,2,Transit,2014,10.222157,1.59,3.15,806.0,5678.0,0.944,0.972,665.912
Kepler-346 c,Kepler-346,1,2,Transit,2014,23.851549,3.07,9.64,654.0,6033.0,1.021,0.943,984.105
Kepler-350 b,Kepler-350,1,3,Transit,2014,11.189562,1.85,16.9,1037.0,6186.0,1.534,1.19,956.859
Kepler-306 e,Kepler-306,1,4,Transit,2014,44.840975,2.27,5.77,390.0,4954.0,0.719,0.75,775.679
Kepler-84 e,Kepler-84,1,5,Transit,2014,27.434389,2.6,7.27,672.0,6031.0,1.169,1.06,1023.9
Kepler-265 e,Kepler-265,1,4,Transit,2014,67.831024,2.59,7.22,476.0,5835.0,1.103,0.97,1280.25
Kepler-217 c,Kepler-217,1,3,Transit,2014,8.586004,1.85,4.08,1208.0,6171.0,1.799,1.342,1104.64
Kepler-220 d,Kepler-220,1,4,Transit,2014,28.122397,0.98,0.904,401.0,4632.0,0.666,0.729,171.109
Kepler-351 b,Kepler-351,1,3,Transit,2014,37.054919,3.06,4.8,498.0,5643.0,0.854,0.81,1083.91
Kepler-352 b,Kepler-352,1,3,Transit,2014,10.05537,0.86,0.566,694.0,5212.0,0.781,0.798,252.733
Kepler-84 d,Kepler-84,1,5,Transit,2014,4.224537,1.38,2.48,1254.0,6031.0,1.169,1.06,1023.9
Kepler-310 d,Kepler-310,1,3,Transit,2014,92.876125,2.47,7.0,353.0,5797.0,0.876,0.854,602.268
Kepler-282 b,Kepler-282,1,4,Transit,2014,9.220524,1.01,1.01,817.0,5602.0,0.904,0.86,1337.61
Kepler-282 c,Kepler-282,1,4,Transit,2014,13.638723,1.2,1.87,717.0,5602.0,0.904,0.86,1337.61
Kepler-220 e,Kepler-220,1,4,Transit,2014,45.902733,1.33,2.33,341.0,4632.0,0.666,0.729,171.109
Kepler-154 c,Kepler-154,1,5,Transit,2014,62.303276,2.95,9.01,454.0,5690.0,1.001,0.933,915.212
Kepler-353 b,Kepler-353,2,2,Transit,2014,5.795278,0.89,0.64,534.0,3903.0,0.504,0.553,384.694
Kepler-85 e,Kepler-85,1,4,Transit,2014,25.216751,1.27,0.6,559.0,5436.0,0.893,0.947,765.025
Kepler-55 e,Kepler-55,1,5,Transit,2014,4.617534,1.55,3.02,728.0,4503.0,0.619,0.631,578.796
Kepler-310 b,Kepler-310,1,3,Transit,2014,13.930698,1.19,1.81,665.0,5797.0,0.876,0.854,602.268
Kepler-286 e,Kepler-286,1,4,Transit,2014,29.221289,1.77,3.78,539.0,5580.0,0.863,0.83,1226.85
Kepler-368 c,Kepler-368,1,2,Transit,2014,72.379334,3.88,14.3,575.0,5502.0,2.019,1.165,770.978
Kepler-356 b,Kepler-356,1,2,Transit,2014,4.612696,1.57,3.09,1294.0,6133.0,1.335,1.163,707.559
Kepler-354 d,Kepler-354,1,3,Transit,2014,24.209842,1.24,2.07,451.0,4648.0,0.674,0.652,554.064
Kepler-313 c,Kepler-313,1,2,Transit,2014,32.273273,2.57,7.13,683.0,5727.0,1.536,1.114,1079.39524871
Kepler-142 b,Kepler-142,1,3,Transit,2014,2.024152,1.99,4.62,1597.0,5790.0,1.269,0.978,548.686
Kepler-58 d,Kepler-58,1,4,Transit,2014,40.101371,2.94,245.343,583.0,6099.0,1.127,1.024,969.252
Kepler-299 e,Kepler-299,1,4,Transit,2014,38.285489,1.87,4.16,534.0,5617.0,1.032,1.004,1052.24
Kepler-372 b,Kepler-372,1,3,Transit,2014,6.849692,1.36,2.42,1081.0,6509.0,1.137,1.202,1493.95
Kepler-378 c,Kepler-378,1,2,Transit,2014,28.906009,0.7,0.271,414.0,4661.0,0.671,0.78,152.094
Kepler-357 c,Kepler-357,1,3,Transit,2014,16.85837,2.67,7.61,576.0,5036.0,0.834,0.794,688.573
Kepler-308 c,Kepler-308,1,2,Transit,2014,15.38231,2.16,5.31,714.0,5895.0,0.941,0.92,1335.92
Kepler-124 b,Kepler-124,1,3,Transit,2014,3.410493,0.73,0.315,892.0,4984.0,0.636,0.706,420.046
Kepler-235 b,Kepler-235,1,4,Transit,2014,3.340222,2.23,5.6,731.0,4255.0,0.554,0.581,428.018
Kepler-392 c,Kepler-392,1,2,Transit,2014,10.423118,1.1,1.37,901.0,5938.0,1.129,0.874,681.428
Kepler-360 c,Kepler-360,1,2,Transit,2014,7.186434,2.1,5.06,860.0,6053.0,1.058,0.994,876.044
Kepler-363 b,Kepler-363,1,3,Transit,2014,3.614568,1.16,1.65,1347.0,5593.0,1.485,1.226,762.596
Kepler-319 d,Kepler-319,1,3,Transit,2014,31.781925,2.29,5.86,528.0,5526.0,0.903,0.933,503.436
Kepler-319 b,Kepler-319,1,3,Transit,2014,4.362705,1.63,3.29,1023.0,5526.0,0.903,0.933,503.436
Kepler-398 c,Kepler-398,1,3,Transit,2014,11.419412,1.01,1.01,536.0,4493.0,0.613,0.649,177.355
Kepler-399 b,Kepler-399,1,3,Transit,2014,14.425281,0.96,0.84,773.0,5502.0,0.68,0.902,740.537
Kepler-379 b,Kepler-379,1,2,Transit,2014,20.09838,1.66,3.39,775.0,6054.0,1.306,1.125,731.274
Kepler-198 b,Kepler-198,1,3,Transit,2014,17.790037,2.82,8.35,655.0,5574.0,0.94,0.995,495.358
Kepler-372 d,Kepler-372,1,3,Transit,2014,30.092568,1.69,3.5,660.0,6509.0,1.137,1.202,1493.95
Kepler-146 b,Kepler-146,1,2,Transit,2014,31.158799,3.71,13.3,639.0,5948.0,1.208,1.079,716.797
Kepler-250 b,Kepler-250,1,3,Transit,2014,4.148141,1.13,1.51,938.0,5160.0,0.805,0.806,760.585
Kepler-390 c,Kepler-390,2,2,Transit,2014,13.060022,0.79,0.418,630.0,5166.0,0.776,0.787,435.277
Kepler-373 c,Kepler-373,1,2,Transit,2014,16.725948,1.24,2.07,729.0,5787.0,0.845,0.981,1090.45
Kepler-326 b,Kepler-326,1,3,Transit,2014,2.248329,1.52,44.6,1127.0,5105.0,0.801,0.91,487.675
Kepler-325 c,Kepler-325,1,3,Transit,2014,12.762172,2.54,6.99,721.0,5752.0,1.003,0.914,823.242
Kepler-46 d,Kepler-46,1,3,Transit,2014,6.766589,1.64,3.33,845.0,5309.0,0.79,0.883,777.06
Kepler-142 c,Kepler-142,1,3,Transit,2014,4.761702,2.86,8.55,1201.0,5790.0,1.269,0.978,548.686
Kepler-374 d,Kepler-374,1,3,Transit,2014,5.028219,1.31,2.27,1272.0,5977.0,0.911,1.033,1265.61
Kepler-375 b,Kepler-375,1,2,Transit,2014,12.125934,1.45,2.7,851.0,5826.0,0.837,0.891,1238.81
Kepler-256 b,Kepler-256,1,4,Transit,2014,1.620493,1.59,3.15,1681.0,5551.0,1.301,1.037,1026.43
Kepler-327 d,Kepler-327,1,3,Transit,2014,13.969457,1.73,3.64,387.0,3799.0,0.492,0.591913,241.987
Kepler-403 c,Kepler-403,1,3,Transit,2014,54.280749,1.75,3.71,604.0,6090.0,1.329,1.299,840.269
Kepler-209 c,Kepler-209,1,2,Transit,2014,41.749882,3.1,9.8,486.0,5513.0,0.935,0.971,576.946
Kepler-246 c,Kepler-246,1,2,Transit,2014,11.187161,1.5,2.86,667.0,5206.0,0.831,0.853,626.078
Kepler-250 d,Kepler-250,1,3,Transit,2014,17.648312,2.18,5.39,579.0,5160.0,0.805,0.806,760.585
Kepler-376 b,Kepler-376,1,2,Transit,2014,4.920199,1.07,1.24,1242.0,5900.0,1.175,0.968,923.067
Kepler-380 c,Kepler-380,1,2,Transit,2014,7.630004,1.27,2.15,1056.0,6045.0,1.224,0.99,813.713
Kepler-130 d,Kepler-130,2,3,Transit,2014,87.517905,1.64,3.33,451.0,5884.0,1.127,0.927,316.663
Kepler-252 b,Kepler-252,1,2,Transit,2014,6.668391,1.23,2.04,587.0,4208.0,0.549,0.61,379.424
Kepler-255 b,Kepler-255,1,3,Transit,2014,5.714606,1.55,3.02,971.0,5573.0,0.933,0.867,1052.53
Kepler-381 b,Kepler-381,1,3,Transit,2014,5.629021,0.99,0.937,1576.0,6152.0,1.568,1.144,267.323
Kepler-383 c,Kepler-383,1,2,Transit,2014,31.200751,1.24,2.07,406.0,4710.0,0.672,0.669,470.0
Kepler-331 d,Kepler-331,1,3,Transit,2014,32.134328,1.64,3.33,346.0,4347.0,0.492,0.653,580.119
Kepler-333 c,Kepler-333,2,2,Transit,2014,24.08821,1.11,1.41,386.0,4259.0,0.534,0.601,324.413
Kepler-134 c,Kepler-134,1,2,Transit,2014,10.105785,1.26,2.13,892.0,5983.0,1.176,0.956,334.797
Kepler-405 c,Kepler-405,1,2,Transit,2014,29.726682,4.66,19.6,557.0,5818.0,0.893,0.873,1065.08
Kepler-256 d,Kepler-256,1,4,Transit,2014,5.839172,2.48,6.71,1097.0,5551.0,1.301,1.037,1026.43
Kepler-258 c,Kepler-258,1,2,Transit,2014,33.653079,3.61,12.7,470.0,4942.0,0.915,0.82,575.988
Kepler-387 c,Kepler-387,1,2,Transit,2014,11.837549,0.89,0.64,826.0,5774.0,1.046,0.85,801.052
Kepler-334 d,Kepler-334,1,3,Transit,2014,25.09849,1.41,2.57,656.0,5828.0,1.068,1.022,426.59
Kepler-336 b,Kepler-336,1,3,Transit,2014,2.024823,1.02,1.04,1625.0,5867.0,1.304,1.09,768.86
Kepler-149 c,Kepler-149,1,3,Transit,2014,55.328328,1.61,3.22,436.0,5381.0,0.953,1.013,571.034
Kepler-393 c,Kepler-393,1,2,Transit,2014,14.613612,1.33,2.33,901.0,6189.0,1.382,1.256,881.404
Kepler-292 c,Kepler-292,1,5,Transit,2014,3.715335,1.47,2.76,1001.0,5299.0,0.826,0.865,1056.48
Kepler-337 b,Kepler-337,1,2,Transit,2014,3.292781,1.54,2.99,1458.0,5684.0,1.761,1.081,677.975
Kepler-338 c,Kepler-338,1,4,Transit,2014,24.310856,2.34,6.08,831.0,5923.0,1.735,1.105,552.798
Kepler-164 b,Kepler-164,1,4,Transit,2014,5.03503,1.41,2.57,1141.0,5888.0,1.148,1.036,890.758
Kepler-169 f,Kepler-169,1,5,Transit,2014,87.090195,2.58,7.18,321.0,4997.0,0.763,0.825,406.529
Kepler-265 b,Kepler-265,1,4,Transit,2014,6.846262,1.86,4.12,1022.0,5835.0,1.103,0.97,1280.25
Kepler-269 c,Kepler-269,1,2,Transit,2014,8.127899,1.69,3.5,875.0,5847.0,0.959,0.92,2257.32
Kepler-395 b,Kepler-395,1,2,Transit,2014,7.054346,1.03,1.08,576.0,4262.0,0.556,0.622827,421.382
Kepler-298 d,Kepler-298,1,3,Transit,2014,77.473633,2.5,6.8,277.0,4465.0,0.582,0.66,518.204
Kepler-339 c,Kepler-339,1,3,Transit,2014,6.988055,1.15,7.3,914.0,5631.0,0.802,0.87,616.637
Kepler-339 d,Kepler-339,1,3,Transit,2014,10.558345,1.17,14.7,796.0,5631.0,0.802,0.87,616.637
Kepler-171 d,Kepler-171,1,3,Transit,2014,39.595519,1.89,4.23,497.0,5642.0,0.839,0.978,863.855
Kepler-174 d,Kepler-174,1,3,Transit,2014,247.35373,2.19,5.43,212.0,4880.0,0.622,0.602,384.757
Kepler-272 d,Kepler-272,1,3,Transit,2014,10.937304,2.25,5.69,777.0,5297.0,0.929,0.91,889.608
Kepler-206 d,Kepler-206,1,3,Transit,2014,23.44281,1.19,1.81,681.0,5764.0,1.185,0.957,594.447
Kepler-122 c,Kepler-122,1,5,Transit,2014,12.465988,5.87,29.0,897.0,6050.0,1.216,0.982,1027.45
Kepler-251 c,Kepler-251,1,4,Transit,2014,16.514043,2.77,8.1,655.0,5526.0,0.89,0.891,924.625
Kepler-234 c,Kepler-234,1,2,Transit,2014,7.21205,3.51,12.1,1025.0,6224.0,1.113,1.129,1733.1
KOI-1257 b,KOI-1257,2,1,Transit,2014,86.647661,10.54,460.83,511.0,5520.0,1.13,0.99,656.0
OGLE-2008-BLG-355L b,OGLE-2008-BLG-355L,1,1,Microlensing,2014,,12.9,1500.0,,,,0.37,6800.0
Kepler-200 b,Kepler-200,1,2,Transit,2014,8.594805,2.13,5.18,854.0,5678.0,0.944,0.972,665.912
Kepler-188 c,Kepler-188,1,2,Transit,2014,5.996553,3.19,10.3,1025.0,6021.0,1.141,1.021,968.544
Kepler-252 c,Kepler-252,1,2,Transit,2014,10.848463,2.15,5.27,499.0,4208.0,0.549,0.61,379.424
Kepler-158 c,Kepler-158,1,3,Transit,2014,28.551383,1.9,4.27,418.0,4623.0,0.624,0.655,315.177
XO-2 S c,XO-2 S,2,3,Radial Velocity,2014,120.8,13.6,435.409,,5399.0,1.02,0.982,151.398
Kepler-421 b,Kepler-421,1,1,Transit,2014,704.1984,4.16,16.1,185.0,5308.0,0.757,0.794,348.558
Kepler-343 c,Kepler-343,1,2,Transit,2014,23.22182,2.02,4.74,746.0,5807.0,1.433,1.055,927.193
Kepler-347 c,Kepler-347,1,3,Transit,2014,27.320871,1.75,3.71,705.0,6088.0,1.005,0.922,1298.88
Kepler-190 b,Kepler-190,1,2,Transit,2014,2.019999,1.56,3.05,1166.0,5106.0,0.795,0.834,433.387
Kepler-253 c,Kepler-253,1,3,Transit,2014,10.281951,2.65,7.51,680.0,5208.0,0.786,0.86,838.595
Kepler-170 c,Kepler-170,1,2,Transit,2014,16.665863,2.86,8.55,702.0,5679.0,1.035,1.066,738.657
Kepler-205 c,Kepler-205,1,2,Transit,2014,20.306546,1.64,3.33,389.0,4321.0,0.546,0.592,159.72
WASP-104 b,WASP-104,2,1,Transit,2014,1.7554137,12.745,404.263,1516.0,5475.0,0.963,1.076,185.932
Kepler-202 b,Kepler-202,1,2,Transit,2014,4.069427,1.63,3.29,802.0,4668.0,0.667,0.683,285.111
Kepler-214 c,Kepler-214,1,2,Transit,2014,28.7798,2.13,5.18,619.0,6169.0,1.352,1.11,1208.44
Kepler-192 b,Kepler-192,1,3,Transit,2014,9.926746,2.74,7.95,803.0,5479.0,1.007,1.028,651.674
Kepler-196 c,Kepler-196,1,3,Transit,2014,47.427737,2.24,5.65,407.0,5128.0,0.782,0.839,451.312
Kepler-245 d,Kepler-245,1,4,Transit,2014,36.277108,3.03,21.6,445.0,5100.0,0.795,0.856,861.527
Kepler-101 c,Kepler-101,1,2,Transit,2014,6.02976,1.25,3.78,1413.0,5667.0,1.56,1.17,927.981
Kepler-154 b,Kepler-154,1,5,Transit,2014,33.040532,2.26,5.73,561.0,5690.0,1.001,0.933,915.212
Kepler-359 d,Kepler-359,1,3,Transit,2014,77.095691,4.01,2.7,464.0,6248.0,1.086,0.827,1443.21
Kepler-256 c,Kepler-256,1,4,Transit,2014,3.38802,2.15,5.27,1315.0,5551.0,1.301,1.037,1026.43
Kepler-254 b,Kepler-254,1,3,Transit,2014,5.826662,3.87,14.3,1013.0,5957.0,0.91,0.849,1389.48
Kepler-184 c,Kepler-184,1,3,Transit,2014,20.303005,1.97,8.8,630.0,5788.0,0.873,0.872,610.326
Kepler-248 b,Kepler-248,1,2,Transit,2014,6.308205,3.02,9.38,819.0,5190.0,0.831,0.838,738.792
Kepler-172 b,Kepler-172,1,4,Transit,2014,2.940309,2.35,6.12,1256.0,5526.0,1.085,1.081,828.592
Kepler-205 b,Kepler-205,1,2,Transit,2014,2.75564,1.51,2.89,757.0,4321.0,0.546,0.592,159.72
Kepler-257 c,Kepler-257,1,3,Transit,2014,6.581484,5.41,25.2,881.0,5180.0,1.037,0.916,780.256
Kepler-217 b,Kepler-217,1,3,Transit,2014,5.374943,2.23,5.6,1413.0,6171.0,1.799,1.342,1104.64
Kepler-174 c,Kepler-174,1,3,Transit,2014,44.000529,1.49,2.83,377.0,4880.0,0.622,0.602,384.757
Kepler-251 d,Kepler-251,1,4,Transit,2014,30.133001,2.77,8.1,536.0,5526.0,0.89,0.891,924.625
Kepler-424 c,Kepler-424,1,2,Radial Velocity,2014,223.3,12.7,2215.18,,5460.0,0.94,1.01,698.646
Kepler-361 b,Kepler-361,1,2,Transit,2014,8.486616,1.45,2.7,1060.0,6169.0,1.343,1.191,930.32
Kepler-362 b,Kepler-362,1,2,Transit,2014,10.327186,0.88,0.615,838.0,5788.0,0.722,0.904,1090.51
Kepler-218 c,Kepler-218,1,3,Transit,2014,44.699576,3.14,10.0,500.0,5502.0,1.063,1.019,656.38
Kepler-193 b,Kepler-193,1,2,Transit,2014,11.38848,2.39,6.3,979.0,6335.0,1.147,1.051,1009.1
Kepler-253 d,Kepler-253,1,3,Transit,2014,18.119869,3.17,10.2,563.0,5208.0,0.786,0.86,838.595
Kepler-192 c,Kepler-192,1,3,Transit,2014,21.2234,2.79,8.2,623.0,5479.0,1.007,1.028,651.674
WASP-70 A b,WASP-70 A,2,1,Transit,2014,3.7130203,13.047,187.512,1387.0,5763.0,1.215,1.106,222.355
Kepler-425 b,Kepler-425,1,1,Transit,2014,3.79701816,10.962,79.45,1070.0,5170.0,0.86,0.93,646.647
Kepler-365 c,Kepler-365,1,2,Transit,2014,17.784129,1.64,3.33,729.0,6012.0,1.048,1.02,1038.99
Kepler-220 c,Kepler-220,1,4,Transit,2014,9.034199,1.57,3.09,586.0,4632.0,0.666,0.729,171.109
Kepler-93 c,Kepler-93,1,2,Radial Velocity,2014,1460.0,,954.0,,5669.0,0.92,0.91,95.9115
Kepler-94 c,Kepler-94,1,2,Radial Velocity,2014,820.3,12.5,3126.0,,4781.0,0.76,0.81,191.904
Kepler-424 b,Kepler-424,1,2,Transit,2014,3.3118644,9.98,327.35,1116.0,5460.0,0.94,1.01,698.646
Kepler-426 b,Kepler-426,1,1,Transit,2014,3.21751883,12.22,108.06,1300.0,5725.0,0.92,0.91,843.695
Kepler-196 b,Kepler-196,1,3,Transit,2014,20.739886,1.9,4.27,536.0,5128.0,0.782,0.839,451.312
Kepler-221 c,Kepler-221,1,4,Transit,2014,5.690586,2.93,9.3,860.0,5243.0,0.821,0.854,385.231
Kepler-163 c,Kepler-163,1,2,Transit,2014,21.347262,2.26,5.73,648.0,5776.0,0.917,0.882,689.814
Kepler-97 c,Kepler-97,1,2,Radial Velocity,2014,789.0,,344.0,,5779.0,0.98,0.94,400.907
Kepler-407 c,Kepler-407,1,2,Radial Velocity,2014,3000.0,12.3,4000.0,,5476.0,1.01,1.0,338.368
Kepler-427 b,Kepler-427,1,1,Transit,2014,10.290994,13.79,92.17,1100.0,5800.0,1.35,0.96,1017.8
Kepler-428 b,Kepler-428,1,1,Transit,2014,3.52563254,12.11,403.63,1070.0,5150.0,0.8,0.87,686.284
Kepler-207 d,Kepler-207,1,3,Transit,2014,5.868075,3.31,11.0,1254.0,5920.0,1.588,1.313,875.519
Kepler-245 b,Kepler-245,1,4,Transit,2014,7.49019,2.57,146.78,753.0,5100.0,0.795,0.856,861.527
Kepler-208 b,Kepler-208,1,4,Transit,2014,4.22864,1.63,3.29,1379.0,6092.0,1.314,1.082,775.328
Kepler-246 b,Kepler-246,1,2,Transit,2014,4.60182,2.34,6.08,896.0,5206.0,0.831,0.853,626.078
WASP-103 b,WASP-103,1,1,Transit,2014,0.925542,17.127,473.547,2508.0,6110.0,1.436,1.22,375.647
Kepler-179 c,Kepler-179,1,2,Transit,2014,6.40013,2.0,4.66,810.0,5302.0,0.759,0.893,605.68
Kepler-226 c,Kepler-226,1,3,Transit,2014,5.349555,2.27,45.2,919.0,5571.0,0.802,0.904,980.138
Kepler-113 b,Kepler-113,1,2,Transit,2014,4.754,1.82,11.7,775.0,4725.0,0.69,0.75,262.351
Kepler-48 d,Kepler-48,1,5,Transit,2014,42.8961,2.04,7.93,448.0,5194.0,0.89,0.88,306.738
Kepler-199 b,Kepler-199,1,2,Transit,2014,23.637604,3.11,9.85,595.0,5644.0,0.967,0.96,521.054
Kepler-237 c,Kepler-237,1,2,Transit,2014,8.103636,2.08,4.98,687.0,4861.0,0.725,0.696,657.822
Kepler-247 c,Kepler-247,1,3,Transit,2014,9.439452,4.09,15.7,686.0,5100.0,0.768,0.887,663.711
Kepler-161 b,Kepler-161,1,2,Transit,2014,4.921355,2.12,2.63,868.0,5078.0,0.806,0.853,434.632
Kepler-153 b,Kepler-153,1,2,Transit,2014,18.870227,2.92,8.85,621.0,5404.0,0.892,0.756,459.368
Kepler-106 b,Kepler-106,1,4,Transit,2014,6.16486,0.82,5.3,1021.0,5858.0,1.04,1.0,444.322
Kepler-100 d,Kepler-100,1,4,Transit,2014,35.3331,1.61,3.0,670.0,5825.0,1.49,1.08,304.645
Kepler-274 b,Kepler-274,1,2,Transit,2014,11.634788,1.54,2.99,961.0,6023.0,1.007,0.883,1333.62
Kepler-312 b,Kepler-312,1,2,Transit,2014,1.772419,1.29,2.21,1685.0,6115.0,1.467,1.314,797.72
Kepler-211 c,Kepler-211,1,2,Transit,2014,6.04045,1.29,18.3,841.0,5123.0,0.816,0.867,309.353
Kepler-212 c,Kepler-212,1,2,Transit,2014,31.805174,2.74,7.95,664.0,5852.0,1.455,1.166,687.194
Kepler-228 d,Kepler-228,1,3,Transit,2014,11.094286,4.04,15.4,835.0,6043.0,1.014,1.006,1644.61
Kepler-230 b,Kepler-230,1,2,Transit,2014,32.625555,4.26,16.8,506.0,5588.0,0.817,0.784,740.754
Kepler-166 b,Kepler-166,1,3,Transit,2014,7.650254,2.27,5.77,772.0,5413.0,0.742,0.811,603.53
Kepler-181 c,Kepler-181,1,2,Transit,2014,4.302149,1.99,4.62,937.0,5333.0,0.749,0.81,609.283
Kepler-106 d,Kepler-106,1,4,Transit,2014,23.9802,0.95,8.1,649.0,5858.0,1.04,1.0,444.322
Kepler-131 c,Kepler-131,1,2,Transit,2014,25.5169,0.84,8.25,615.0,5685.0,1.03,1.02,228.678
Kepler-320 b,Kepler-320,1,2,Transit,2014,8.371554,1.14,1.55,1292.0,6435.0,1.108,1.072,826.613
Kepler-169 e,Kepler-169,1,5,Transit,2014,13.767102,2.2,5.48,595.0,4997.0,0.763,0.825,406.529
Kepler-249 c,Kepler-249,1,3,Transit,2014,7.113702,1.51,2.89,429.0,3568.0,0.482,0.510238,190.401
Kepler-174 b,Kepler-174,1,3,Transit,2014,13.98179,1.96,4.5,553.0,4880.0,0.622,0.602,384.757
Kepler-231 c,Kepler-231,1,2,Transit,2014,19.271566,1.93,24.1,393.0,3767.0,0.49,0.58,316.618
Kepler-197 c,Kepler-197,2,4,Transit,2014,10.349695,1.23,5.3,930.0,6004.0,1.12,0.857,330.575
Kepler-151 b,Kepler-151,1,2,Transit,2014,15.228958,3.06,9.59,639.0,5460.0,0.83,0.87,649.919
Kepler-241 b,Kepler-241,1,2,Transit,2014,12.718092,2.33,6.04,562.0,4699.0,0.668,0.671,512.0
Kepler-232 b,Kepler-232,1,2,Transit,2014,4.431222,3.08,9.69,1104.0,5847.0,0.968,0.97,1349.13
Kepler-233 b,Kepler-233,1,2,Transit,2014,8.472382,2.43,6.48,751.0,5360.0,0.758,0.855,856.417
Kepler-143 b,Kepler-143,1,2,Transit,2014,16.007583,2.41,6.39,838.0,5848.0,1.359,0.982,809.467
Kepler-332 d,Kepler-332,1,3,Transit,2014,34.21154,1.18,1.76,427.0,4955.0,0.72,0.743,344.19
Kepler-186 f,Kepler-186,1,5,Transit,2014,129.9441,1.17,1.71,177.0,3755.0,0.523,0.544,177.594
Kepler-296 c,Kepler-296,2,5,Transit,2014,5.8416366,2.0,4.66,606.0,3740.0,0.48,0.498,167.0
Kepler-79 e,Kepler-79,1,4,Transit,2014,81.0659,3.49,4.1,511.0,6174.0,1.302,1.165,1020.72
Kepler-296 d,Kepler-296,2,5,Transit,2014,19.850291,2.09,5.02,403.0,3740.0,0.48,0.498,167.0
HD 30669 b,HD 30669,1,1,Radial Velocity,2014,1684.0,14.3,149.37,,5400.0,0.91,0.92,58.0844
Kepler-296 e,Kepler-296,2,5,Transit,2014,34.14211,1.53,2.96,337.0,3740.0,0.48,0.498,167.0
Kepler-296 f,Kepler-296,2,5,Transit,2014,63.33627,1.8,3.89,274.0,3740.0,0.48,0.498,167.0
HD 108341 b,HD 108341,2,1,Radial Velocity,2014,1129.0,13.3,715.11391575,,5122.0,0.79,0.843,48.9102
HD 103720 b,HD 103720,1,1,Radial Velocity,2014,4.5557,14.1,197.046,,5017.0,0.73,0.794,45.5352
OGLE-2008-BLG-092L b,OGLE-2008-BLG-092L,2,1,Microlensing,2014,,8.74,57.0,,,,0.71,8100.0
MOA-2011-BLG-262L b,MOA-2011-BLG-262L,1,1,Microlensing,2014,,4.29,17.0,,,,0.11,7200.0
Kepler-104 b,Kepler-104,2,3,Transit,2014,11.427548,3.1,19.6,852.0,5711.0,1.349,0.818,400.785
Kepler-239 c,Kepler-239,1,2,Transit,2014,56.228098,2.51,6.85,366.0,4914.0,0.763,0.757,648.109
Kepler-315 c,Kepler-315,1,2,Transit,2014,265.469335,4.15,16.1,291.0,5796.0,1.037,0.831,1160.63
Kepler-417 c,Kepler-417,1,2,Transit Timing Variations,2014,15.943,2.69,7.7,616.0,5177.0,0.806,0.9,973.989
OGLE-2013-BLG-0102L b,OGLE-2013-BLG-0102L,1,1,Microlensing,2014,,12.3,4100.0,,,,0.096,3040.0
Kepler-230 c,Kepler-230,1,2,Transit,2014,91.773242,2.04,4.82,359.0,5588.0,0.817,0.784,740.754
Kepler-144 b,Kepler-144,1,2,Transit,2014,5.885273,1.33,2.33,1253.0,6075.0,1.235,1.154,384.917
HD 10442 b,HD 10442,1,1,Radial Velocity,2014,1032.3,13.6,472.61321,,4912.0,1.97,1.01,135.374
Kepler-402 d,Kepler-402,1,4,Transit,2014,8.921099,1.38,2.48,1006.0,6090.0,1.264,1.072,625.339
Kepler-150 b,Kepler-150,1,5,Transit,2014,3.428054,1.25,2.1,1131.0,5560.0,0.939,0.956,891.092
Kepler-405 b,Kepler-405,1,2,Transit,2014,10.613839,2.08,4.98,785.0,5818.0,0.893,0.873,1065.08
Kepler-129 b,Kepler-129,1,3,Transit,2014,15.79,2.4,20.0,910.0,5770.0,1.653,1.178,408.845
Kepler-414 b,Kepler-414,1,2,Transit Timing Variations,2014,4.7,1.71,3.5,1024.0,5536.0,0.946,0.89,413.46
Kepler-109 c,Kepler-109,1,2,Transit,2014,21.22265,2.65,8.2,859.0,5950.0,1.387,1.094,474.861
Kepler-348 c,Kepler-348,1,2,Transit,2014,17.265427,1.33,2.33,888.0,6177.0,1.359,1.189,570.783
HD 40307 f,HD 40307,1,5,Radial Velocity,2013,51.76,2.13,5.2,398.0,4956.0,0.716684,0.77,12.9363
Kepler-128 b,Kepler-128,1,2,Transit,2013,15.0,1.421,3.79,968.0,6072.0,1.659,1.184,396.379
BD-06 1339 b,BD-06 1339,1,2,Radial Velocity,2013,3.8728,,1523.03372634,,4324.0,0.686355,0.7,20.2695
BD-06 1339 c,BD-06 1339,1,2,Radial Velocity,2013,125.94,8.38,53.0,,4324.0,0.686355,0.7,20.2695
Kepler-76 b,Kepler-76,1,1,Orbital Brightness Modulation,2013,1.5449298,15.24424,638.8383,2140.0,6409.0,1.32,1.2,822.96
Kepler-91 b,Kepler-91,1,1,Transit,2013,6.24658,15.322703,257.4423,2040.0,4550.0,6.3,1.31,1294.69
Kepler-75 b,Kepler-75,1,1,Transit,2013,8.8849116,11.77,3209.9,767.0,5200.0,0.89,0.91,835.356
Kepler-1704 b,Kepler-1704,1,1,Transit,2013,988.88112,11.94877343,1322.16617312,253.8,5746.0,1.697,1.132,835.455
Kepler-62 e,Kepler-62,1,5,Transit,2013,122.3874,1.61,36.0,270.0,4925.0,0.64,0.69,300.874
Kepler-276 d,Kepler-276,1,3,Transit,2013,48.648,2.8,16.3,489.0,5693.0,1.03,1.1,1144.86
Kepler-114 c,Kepler-114,1,3,Transit,2013,8.041,1.6,2.8,507.0,4660.0,0.54,0.56,259.533
Kepler-77 b,Kepler-77,1,1,Transit,2013,3.57878087,10.761,136.661,1440.0,5520.0,0.99,0.95,639.411
Kepler-396 c,Kepler-396,1,2,Transit,2013,88.505,5.3,17.9,390.0,5656.0,1.06,0.85,223.757
Kepler-92 b,Kepler-92,1,3,Transit,2013,13.749,3.51,64.3,975.0,5883.0,1.7,1.21,477.992
HATS-3 b,HATS-3,1,1,Transit,2013,3.547851,15.48,340.382,1648.0,6351.0,1.404,1.209,411.211
POTS-1 b,POTS-1,1,1,Transit,2013,3.1606296,10.548,734.16,,4400.0,0.588,0.695,747.959
Kepler-350 d,Kepler-350,1,3,Transit,2013,26.136,2.8,14.9,782.0,6492.3,1.25,1.0,956.859
Kepler-238 f,Kepler-238,1,5,Transit,2013,50.447,2.0,13.5,568.0,5800.0,0.96,1.06,1798.75
WASP-65 b,WASP-65,1,1,Transit,2013,2.3114243,12.464,492.62,1480.0,5600.0,1.01,0.93,273.703
Kepler-87 b,Kepler-87,1,2,Transit,2013,114.73635,13.49,324.2,478.0,5600.0,1.82,1.1,1232.9
Kepler-145 c,Kepler-145,1,2,Transit,2013,42.882,4.32,79.4,709.0,6022.0,1.85,1.32,566.85
Kepler-328 b,Kepler-328,1,2,Transit,2013,34.921,2.3,28.5,602.0,6064.0,1.06,1.15,2213.19
KOI-94 b,KOI-94,2,4,Transit,2013,3.743208,1.71,10.5,1486.0,6182.0,1.52,1.277,477.052
KOI-94 c,KOI-94,2,4,Transit,2013,10.423648,4.32,15.6,1012.0,6182.0,1.52,1.277,477.052
HD 95086 b,HD 95086,1,1,Imaging,2013,,12.9,1589.0,1000.0,7595.0,1.48667,1.6,86.2279
KOI-351 e,KOI-351,1,8,Transit,2013,91.93913,2.66,7.56,450.0,6080.0,1.2,1.2,848.254
KOI-351 c,KOI-351,1,8,Transit,2013,8.719375,1.19,1.81,987.0,6080.0,1.2,1.2,848.254
MOA-2008-BLG-379L b,MOA-2008-BLG-379L,1,1,Microlensing,2013,,13.0,1300.0,,,,0.56,3300.0
HD 13908 b,HD 13908,1,2,Radial Velocity,2013,19.382,13.9,274.91,,6255.0,1.67,1.29,79.5515
GJ 667 C c,GJ 667 C,3,5,Radial Velocity,2013,28.14,1.77,3.8,,3350.0,,0.33,7.24396
HD 13908 c,HD 13908,1,2,Radial Velocity,2013,931.0,12.8,1630.4,,6255.0,1.67,1.29,79.5515
HD 159243 b,HD 159243,1,2,Radial Velocity,2013,12.62,13.7,359.13,,6123.0,1.12,1.125,73.3055
GJ 667 C f,GJ 667 C,3,5,Radial Velocity,2013,39.026,1.45,2.7,,3350.0,,0.33,7.24396
HD 106906 b,HD 106906,1,1,Imaging,2013,,12.4,3496.0,1800.0,6516.0,2.12351,1.5,103.029
Kepler-282 d,Kepler-282,1,4,Transit,2013,24.806,2.46,61.0,588.0,5656.0,0.89,0.97,1337.61
Kepler-276 c,Kepler-276,1,3,Transit,2013,31.884,2.9,16.6,563.0,5693.0,1.03,1.1,1144.86
Kepler-305 b,Kepler-305,1,4,Transit,2013,5.487,3.6,10.5,836.0,5080.0,0.8,0.76,868.477
2MASS J01225093-2439505 b,2MASS J01225093-2439505,1,1,Imaging,2013,,11.209,7786.5,1600.0,3530.0,0.36645,0.4,33.8281
Kepler-63 b,Kepler-63,1,1,Transit,2013,9.4341505,6.11,120.0,791.0,5576.0,0.901,0.984,194.033
ROXs 42 B b,ROXs 42 B,2,1,Imaging,2013,,12.5,2860.0,1975.0,3433.0,1.33658,1.0,143.59
HD 233604 b,HD 233604,1,1,Radial Velocity,2013,192.0,12.7,2089.644,,4791.0,10.9,1.5,847.058
CoRoT-26 b,CoRoT-26,1,1,Transit,2013,4.20474,14.12,165.26,1600.0,5590.0,1.79,1.09,1045.18
CoRoT-25 b,CoRoT-25,1,1,Transit,2013,4.86069,12.11,85.81,1330.0,6040.0,1.19,1.09,1103.48
91 Aqr b,91 Aqr,3,1,Radial Velocity,2013,181.4,13.1,1017.0,,4665.0,11.0,1.4,44.0304
GJ 163 b,GJ 163,1,3,Radial Velocity,2013,8.63182,3.25,10.6,,3500.0,0.409738,0.4,15.1285
GJ 163 c,GJ 163,1,3,Radial Velocity,2013,25.63058,2.5,6.8,,3500.0,0.409738,0.4,15.1285
GJ 163 d,GJ 163,1,3,Radial Velocity,2013,603.95116,5.92,29.4,,3500.0,0.409738,0.4,15.1285
DENIS-P J082303.1-491201 b,DENIS-P J082303.1-491201,1,1,Astrometry,2013,246.36,11.9,9057.77,,,,0.075,20.77
HIP 63242 b,HIP 63242,1,1,Radial Velocity,2013,124.6,12.5,2917.56,,4830.0,10.275655,1.54,156.456
HD 103774 b,HD 103774,2,1,Radial Velocity,2013,5.8881,13.3,116.0,,6489.0,1.581047,1.335,56.4089
HD 109271 b,HD 109271,1,2,Radial Velocity,2013,7.8543,4.31,17.162,,5783.0,1.294595,1.047,55.8716
Kepler-62 c,Kepler-62,1,5,Transit,2013,12.4417,0.54,4.0,578.0,4925.0,0.64,0.69,300.874
Kepler-62 b,Kepler-62,1,5,Transit,2013,5.714932,1.31,9.0,750.0,4925.0,0.64,0.69,300.874
Kepler-69 b,Kepler-69,1,2,Transit,2013,13.722341,2.24,5.65,779.0,5638.0,0.93,0.81,730.625
HD 40307 g,HD 40307,1,5,Radial Velocity,2013,197.8,2.56,7.1,255.0,4956.0,0.716684,0.77,12.9363
WASP-63 b,WASP-63,1,1,Transit,2012,4.37808,15.80469,117.5971,1469.91,5550.0,1.86,1.28,290.684
HD 37605 c,HD 37605,1,2,Radial Velocity,2012,2720.0,13.1,1013.8777,,5329.0,0.91,0.94,46.7864
WASP-62 b,WASP-62,1,1,Transit,2012,4.41195,14.79588,165.2716,1475.3,6230.0,1.23,1.11,175.631
Kepler-79 c,Kepler-79,1,4,Transit,2012,27.4029,3.72,5.9,734.0,6174.0,1.302,1.165,1020.72
Kepler-79 b,Kepler-79,1,4,Transit,2012,13.4845,3.47,10.9,929.0,6174.0,1.302,1.165,1020.72
Kepler-60 c,Kepler-60,1,3,Transit,2012,8.9187,1.9,3.85,1023.0,5905.0,1.257,1.041,1025.1
HAT-P-39 b,HAT-P-39,2,1,Transit,2012,3.54387,17.609,190.372,1752.0,6430.0,1.625,1.404,697.004
Kepler-46 b,Kepler-46,1,3,Transit,2012,33.60134,9.057,1907.0,543.0,5155.0,0.938,0.902,777.06
Kepler-52 b,Kepler-52,1,3,Transit,2012,7.8773565,2.1,135.0,553.0,4075.0,0.52,0.54,321.542
Kepler-58 b,Kepler-58,1,4,Transit,2012,10.2184954,2.78,35.5,920.0,5843.0,1.03,0.95,969.252
HD 197037 b,HD 197037,2,1,Radial Velocity,2012,1035.7,13.9,251.0,,6150.0,1.105,1.11,33.1944
Kepler-81 c,Kepler-81,1,3,Transit,2012,12.04,2.37,4.3,502.0,4385.0,0.59,0.64,348.291
RR Cae b,RR Cae,2,1,Eclipse Timing Variations,2012,4343.5,13.0,1334.886,,3904.0,0.193119,0.44,21.1916
HAT-P-42 b,HAT-P-42,1,1,Transit,2012,4.641878,14.348,331.801,1428.0,5743.0,1.53,1.178,405.238
Kepler-56 c,Kepler-56,1,3,Transit,2012,21.40239,9.8,181.0,1087.0,4840.0,4.23,1.32,912.994
Kepler-56 b,Kepler-56,1,3,Transit,2012,10.5016,6.51,22.1,1378.0,4840.0,4.23,1.32,912.994
HD 220074 b,HD 220074,1,1,Radial Velocity,2012,672.09998,12.2,5288.6912,,3787.0,54.92,2.2,324.54
Kepler-65 d,Kepler-65,1,4,Transit,2012,8.13123,1.52,4.14,1117.0,6211.0,1.41,1.25,303.728
Kepler-65 c,Kepler-65,1,4,Transit,2012,5.859944,2.58,5.4,1246.0,6211.0,1.41,1.25,303.728
Kepler-38 b,Kepler-38,2,1,Transit,2012,105.599,4.3,122.0,475.0,5623.0,1.752,0.941,1174.59
Kepler-30 d,Kepler-30,1,3,Transit,2012,143.34394,8.8,23.1,308.0,5498.0,0.95,0.99,914.221
Kepler-50 c,Kepler-50,1,2,Transit,2012,9.37647,2.17,8.2,1125.0,6225.0,1.58,1.24,250.11
WTS-1 b,WTS-1,1,1,Transit,2012,3.352057,16.7,1274.44,1500.0,6250.0,1.15,1.2,2346.01
HD 66141 b,HD 66141,1,1,Radial Velocity,2012,480.5,12.8,1906.9,,4323.0,21.4,1.1,68.1509
HD 208527 b,HD 208527,1,1,Radial Velocity,2012,875.5,12.5,3146.4,,4035.0,51.1,1.6,312.202
MOA-bin-1L b,MOA-bin-1L,1,1,Microlensing,2012,,13.0,1200.0,,,,0.75,5100.0
Kepler-32 d,Kepler-32,1,5,Transit,2012,22.7802,2.7,39.9089,328.0,3900.0,0.53,0.58,323.847
WASP-59 b,WASP-59,1,1,Transit,2012,7.919585,8.687,274.276,670.0,4650.0,0.613,0.719,115.936
MOA-2010-BLG-073L b,MOA-2010-BLG-073L,1,1,Microlensing,2012,,12.4,3500.0,,,,0.16,2800.0
Kepler-32 f,Kepler-32,1,5,Transit,2012,0.74296,0.82,969.228,1026.0,3900.0,0.53,0.58,323.847
KELT-1 b,KELT-1,1,1,Transit,2012,1.217514,12.442,8654.15,2361.0,6516.0,1.471,1.335,268.43
HATS-1 b,HATS-1,1,1,Transit,2012,3.446459,14.594,589.55,1359.0,5870.0,1.038,0.986,283.971
MOA-2010-BLG-477L b,MOA-2010-BLG-477L,1,1,Microlensing,2012,,13.6,480.0,,5950.0,,0.67,2300.0
HD 166724 b,HD 166724,1,1,Radial Velocity,2012,5144.0,13.0,1207.7479466,,5127.0,0.797485,0.81,45.1342
BD+20 274 b,BD+20 274,1,1,Radial Velocity,2012,578.2,13.0,1334.886,,4296.0,17.3,0.8,1322.51
HD 219415 b,HD 219415,1,1,Radial Velocity,2012,2093.3,13.8,317.83,,4820.0,2.9,1.0,165.184
HD 150706 b,HD 150706,1,1,Radial Velocity,2012,5894.0,13.3,772.32302901,,5961.0,0.96,1.17,28.2697
OGLE-2011-BLG-0251L b,OGLE-2011-BLG-0251L,1,1,Microlensing,2012,,14.2,170.0,,,,0.26,2570.0
Kepler-46 c,Kepler-46,1,3,Transit Timing Variations,2012,57.011,13.5,119.499,455.0,5155.0,0.938,0.902,777.06
GJ 3470 b,GJ 3470,1,1,Radial Velocity,2012,3.3366496,4.57,13.9,593.5,3600.0,0.547,0.539,29.4214
Kepler-59 c,Kepler-59,1,2,Transit,2012,17.9801235,1.98,3.81,752.0,6074.0,0.94,1.04,1163.22
Kepler-58 c,Kepler-58,1,4,Transit,2012,15.5741568,2.86,53.0,799.0,5843.0,1.03,0.95,969.252
Kepler-51 c,Kepler-51,1,4,Transit,2012,85.312,9.0,4.0,439.0,6018.0,0.94,1.04,783.831
GJ 667 C b,GJ 667 C,3,5,Radial Velocity,2012,7.203,2.25,5.68,,3350.0,,0.33,7.24396
Kepler-59 b,Kepler-59,1,2,Transit,2012,11.8681707,1.1,4.1,864.0,6074.0,0.94,1.04,1163.22
Kepler-53 b,Kepler-53,1,3,Transit,2012,18.6489525,2.89,111.0,701.0,5858.0,0.89,0.98,1366.07
Kepler-52 c,Kepler-52,1,3,Transit,2012,16.3850021,1.84,45.4,433.0,4075.0,0.52,0.54,321.542
Kepler-55 b,Kepler-55,1,5,Transit,2012,27.9481449,2.43,43.0,400.0,4362.0,0.58,0.62,578.796
WASP-80 b,WASP-80,1,1,Transit,2012,3.06785234,11.197791,170.99254,825.0,4143.0,0.586,0.577,49.7876
HIP 57274 c,HIP 57274,1,3,Radial Velocity,2011,32.03,14.2,130.0,,4640.0,0.68,0.73,25.8618
HIP 57274 d,HIP 57274,1,3,Radial Velocity,2011,431.7,14.2,167.4,,4640.0,0.68,0.73,25.8618
WASP-39 b,WASP-39,1,1,Transit,2011,4.0552941,14.336311,89.31023,1166.0,5485.0,0.939,0.913,213.982
Kepler-43 b,Kepler-43,1,1,Transit,2011,3.0240949,13.663771,1026.5909,1620.0,6041.0,1.42,1.32,1005.84
KOI-13 b,KOI-13,3,1,Transit,2011,1.763588,16.948008,2949.4624,2550.0,7650.0,1.74,1.72,519.096
Qatar-2 b,Qatar-2,1,1,Transit,2011,1.33711647,14.056,792.635,1344.0,4645.0,0.776,0.743,181.374
Kepler-44 b,Kepler-44,1,1,Transit,2011,3.2467293,12.22,317.82,1544.0,5800.0,1.35,1.12,1188.0
Kepler-41 b,Kepler-41,1,1,Transit,2011,1.8555582,14.46,177.98,1790.0,5750.0,1.29,1.15,1093.08
Kepler-20 e,Kepler-20,2,6,Transit,2011,6.0984882,0.821,0.76,1004.0,5495.0,0.9164,0.929,282.563
HD 106270 b,HD 106270,1,1,Radial Velocity,2011,1888.0,12.4,3623.2438398,,5509.0,2.66,1.39,93.808
HD 204941 b,HD 204941,2,1,Radial Velocity,2011,1733.0,10.1,73.1009,,5026.0,0.78,0.58,28.7165
HD 7199 b,HD 7199,1,1,Radial Velocity,2011,615.0,,3639.13526015,,5371.0,0.97,0.77,36.1531
HIP 57274 b,HIP 57274,1,3,Radial Velocity,2011,8.1352,,3359.44626199,,4510.0,0.78,0.29,25.8618
Kepler-33 f,Kepler-33,1,5,Transit,2011,41.02902,4.46,9.6,691.0,5904.0,1.82,1.291,1209.16
Kepler-33 d,Kepler-33,1,5,Transit,2011,21.77596,5.35,3.91,853.0,5904.0,1.82,1.291,1209.16
CFBDSIR J145829+101343 b,CFBDSIR J145829+101343,1,1,Imaging,2011,10037.5,12.4,3337.1,370.0,580.5,,0.021,23.1
HAT-P-27 b,HAT-P-27,2,1,Transit,2011,3.039577,11.43,197.05,1091.99,5316.0,0.864673,0.916,199.173
KOI-55 b,KOI-55,1,2,Orbital Brightness Modulation,2011,0.240104,0.759,0.44,,27730.0,0.203,0.496,1231.02
KOI-55 c,KOI-55,1,2,Orbital Brightness Modulation,2011,0.342887,0.867,0.655,,27730.0,0.203,0.496,1231.02
WD 0806-661 b,WD 0806-661,1,1,Imaging,2011,,12.6,2542.627256,340.0,9552.0,,0.62,19.2444
Kepler-27 c,Kepler-27,1,3,Transit,2011,31.3309,4.9,4385.87,481.0,5400.0,0.59,0.65,1044.36
Kepler-27 b,Kepler-27,1,3,Transit,2011,15.3348,4.0,2895.31,610.0,5400.0,0.59,0.65,1044.36
Kepler-31 c,Kepler-31,1,3,Transit,2011,42.6318,5.3,1493.7,615.0,6340.0,1.22,1.21,1664.64
Kepler-32 c,Kepler-32,1,5,Transit,2011,8.7522,2.0,158.9,451.0,3900.0,0.53,0.58,323.847
Kepler-31 b,Kepler-31,1,3,Transit,2011,20.8613,5.5,36.7418,781.0,6340.0,1.22,1.21,1664.64
Kepler-16 b,Kepler-16,2,1,Transit,2011,228.776,8.4493,105.833,,4450.0,0.6489,0.6897,75.0852
Kepler-18 b,Kepler-18,1,3,Transit,2011,3.504725,2.0,6.9,1165.0,5345.0,1.108,0.972,433.047
Kepler-35 b,Kepler-35,2,1,Transit,2011,131.458,8.16,40.363,,5606.0,1.0284,0.8877,1819.17
Kepler-18 d,Kepler-18,1,3,Transit,2011,14.85888,6.98,16.4,720.0,5345.0,1.108,0.972,433.047
CoRoT-19 b,CoRoT-19,1,1,Transit,2011,3.89713,14.46,352.78,2000.0,6090.0,1.65,1.21,790.663
HAT-P-37 b,HAT-P-37,1,1,Transit,2011,2.797436,13.204,371.528,1271.0,5500.0,0.877,0.929,390.594
CoRoT-23 b,CoRoT-23,1,1,Transit,2011,3.6313,11.77,889.9,1660.0,5900.0,1.61,1.14,1060.97
Kepler-42 c,Kepler-42,1,3,Transit,2011,0.45328509,0.73,60.337,720.0,3068.0,0.17,0.13,40.0595
Kepler-33 c,Kepler-33,1,5,Transit,2011,13.17562,3.2,0.39,1009.0,5904.0,1.82,1.291,1209.16
Kepler-33 e,Kepler-33,1,5,Transit,2011,31.7844,4.02,5.57,752.0,5904.0,1.82,1.291,1209.16
Kepler-33 b,Kepler-33,1,5,Transit,2011,5.66793,1.74,3.68,1336.0,5904.0,1.82,1.291,1209.16
HD 192310 b,HD 192310,1,2,Radial Velocity,2011,74.72,4.27,16.9,355.0,5166.0,0.857922,0.8,8.79687
HAT-P-28 b,HAT-P-28,1,1,Transit,2011,3.257215,13.585,198.953,1384.0,5680.0,1.103,1.025,401.319
UZ For b,UZ For,2,2,Eclipse Timing Variations,2011,5840.0,,2002.2,,5286.9,,0.7,239.60387482
HIP 5158 c,HIP 5158,1,2,Radial Velocity,2011,9017.76,12.2,4780.1632,,4813.0,0.754089,0.78,51.6026
HU Aqr AB b,HU Aqr,2,2,Eclipse Timing Variations,2011,2390.0,12.8,1875.197,,5952.0,,0.88,192.19807871
UZ For c,UZ For,2,2,Eclipse Timing Variations,2011,1916.25,,2447.2,,5286.9,,0.7,239.60387482
HD 156279 b,HD 156279,1,2,Radial Velocity,2011,133.40355,12.5,2997.75753482,,5453.0,0.95,0.94,36.1945
HD 79498 b,HD 79498,2,1,Radial Velocity,2011,1807.0,13.6,425.8922,,5748.0,1.05,1.08,48.9489
WASP-43 b,WASP-43,1,1,Transit,2011,0.813475,10.424,565.714,1426.7,4400.0,0.6,0.58,86.7467
CoRoT-17 b,CoRoT-17,1,1,Transit,2011,3.7681,11.43,772.29,1626.0,5740.0,1.59,1.04,1176.12
HD 132563 b,HD 132563,3,1,Radial Velocity,2011,1544.0,13.6,473.547,,6289.0,1.29577,1.231,105.155
HD 192310 c,HD 192310,1,2,Radial Velocity,2011,525.8,5.25,24.0,185.0,5166.0,0.857922,0.8,8.79687
HD 22781 b,HD 22781,1,1,Radial Velocity,2011,528.07,12.3,4338.2,,5027.0,0.743475,0.75,32.6034
Kepler-14 b,Kepler-14,2,1,Transit,2011,6.790123,12.733,2669.66,1605.0,6395.0,2.048,1.512,798.0
MOA-2009-BLG-266L b,MOA-2009-BLG-266L,1,1,Microlensing,2011,2800.0,3.21,10.4,,,,0.56,3040.0
Kepler-15 b,Kepler-15,1,1,Transit,2011,4.942782,10.76,209.76,1251.0,5515.0,0.992,1.018,739.412
Kepler-17 b,Kepler-17,1,1,Transit,2011,1.4857108,14.68,778.65,1570.0,5781.0,1.01034,1.04,720.753
CoRoT-18 b,CoRoT-18,1,1,Transit,2011,1.9000693,14.68,1102.82,1550.0,5440.0,1.0,0.95,764.889
HR 8799 e,HR 8799,1,4,Imaging,2010,20815.6,13.11453,3178.3,1150.0,7400.0,1.49338,1.51,41.2441
HD 177830 c,HD 177830,2,2,Radial Velocity,2010,110.9,7.87,47.6725,,4949.0,2.62,1.47,62.7674
HD 113538 b,HD 113538,1,2,Radial Velocity,2010,663.2,13.2,114.41,,4462.0,0.53,0.585,16.2817
HD 113538 c,HD 113538,1,2,Radial Velocity,2010,1818.0,13.8,295.57,,4462.0,0.53,0.585,16.2817
Kepler-8 b,Kepler-8,1,1,Transit,2010,3.5224991,15.871944,187.5197,1680.0,6213.0,1.486,1.213,1021.87
HD 1461 b,HD 1461,1,2,Radial Velocity,2010,5.77152,2.42,6.44,,5765.0,1.152288,1.02,23.4534
WASP-8 b,WASP-8,2,2,Transit,2010,8.15872,12.66617,807.2882,1059.0,5600.0,1.03,1.34,89.9606
HD 10180 c,HD 10180,1,6,Radial Velocity,2010,5.75969,,2741.58783878,,5911.0,1.109,1.06,38.9607
HD 10180 d,HD 10180,1,6,Radial Velocity,2010,16.357,,3295.88058059,,5911.0,1.109,1.06,38.9607
HD 10180 e,HD 10180,1,6,Radial Velocity,2010,49.748,5.39,25.1,,5911.0,1.109,1.06,38.9607
HD 10180 f,HD 10180,1,6,Radial Velocity,2010,122.744,5.24,23.9,,5911.0,1.109,1.06,38.9607
HD 10180 g,HD 10180,1,6,Radial Velocity,2010,604.67,,3375.33768234,,5911.0,1.109,1.06,38.9607
HD 10180 h,HD 10180,1,6,Radial Velocity,2010,2205.0,9.4,64.4,,5911.0,1.109,1.06,38.9607
WASP-29 b,WASP-29,1,1,Transit,2010,3.92273,8.63093,73.1009,970.0,4800.0,0.79,0.77,87.5953
NN Ser c,NN Ser,2,2,Eclipse Timing Variations,2010,5573.55,12.6,2329.6,,57000.0,,0.535,515.818
Kepler-11 f,Kepler-11,1,6,Transit,2010,46.6888,2.49,2.0,513.0,5663.0,1.065,0.961,646.346
Kepler-11 e,Kepler-11,1,6,Transit,2010,31.9996,4.19,8.0,582.0,5663.0,1.065,0.961,646.346
Kepler-11 g,Kepler-11,1,6,Transit,2010,118.3807,3.33,25.0,376.0,5663.0,1.065,0.961,646.346
Kepler-11 c,Kepler-11,1,6,Transit,2010,13.0241,2.87,2.9,786.0,5663.0,1.065,0.961,646.346
HAT-P-17 c,HAT-P-17,1,2,Radial Velocity,2010,5584.0,13.1,1080.6,,5336.96,0.838682,0.92,92.3831
alf Ari b,alf Ari,1,1,Radial Velocity,2010,380.8,13.4,572.07,,4553.0,13.9,1.5,20.21019
Ross 458 c,Ross 458,2,1,Imaging,2010,,14.01125,1906.98,,3965.42,0.562566,0.556419,11.5094
WASP-23 b,WASP-23,1,1,Transit,2010,2.9444256,10.783,280.95,1076.55,5150.0,0.765,0.78,207.49
Kepler-11 d,Kepler-11,1,6,Transit,2010,22.6845,3.12,7.3,653.0,5663.0,1.065,0.961,646.346
Kepler-11 b,Kepler-11,1,6,Transit,2010,10.3039,1.8,1.9,849.0,5663.0,1.065,0.961,646.346
Kepler-40 b,Kepler-40,1,1,Transit,2010,6.87349,13.11,699.2,1620.0,6510.0,2.13,1.48,2305.01
HD 102365 b,HD 102365,2,1,Radial Velocity,2010,122.1,4.14,16.0,,5630.0,0.95138,0.85,9.2894
MOA-2009-BLG-387L b,MOA-2009-BLG-387L,1,1,Microlensing,2010,1980.0,13.2,830.0,,,,0.19,5690.0
2MASS J04414489+2301513 b,2MASS J04414489+2301513,1,1,Imaging,2010,,12.6,2383.6,,2936.0,0.231916,0.019,120.42398696
WASP-21 b,WASP-21,1,1,Transit,2010,4.322482,11.99,95.345,1340.0,5800.0,1.06,1.01,258.426
GJ 3634 b,GJ 3634,1,1,Radial Velocity,2010,2.64561,2.83,8.4,,3517.0,0.43,0.45,20.3779
HAT-P-16 b,HAT-P-16,3,1,Transit,2010,2.77596,14.448,1332.605,1626.0,6158.0,1.237,1.218,226.637
CoRoT-8 b,CoRoT-8,1,1,Transit,2010,6.21229,6.39,69.92,870.0,5080.0,0.77,0.88,322.037
CoRoT-11 b,CoRoT-11,1,1,Transit,2010,2.99433,16.03,740.51,1657.0,6440.0,1.37,1.27,655.037
CoRoT-12 b,CoRoT-12,1,1,Transit,2010,2.828042,16.14,291.438,1442.0,5675.0,1.116,1.078,1126.37
CoRoT-13 b,CoRoT-13,1,1,Transit,2010,4.03519,9.92,415.704,1700.0,5945.0,1.01,1.09,1148.93
CoRoT-14 b,CoRoT-14,1,1,Transit,2010,1.51214,12.22,2415.4,1952.0,6035.0,1.21,1.13,1744.6
HAT-P-22 b,HAT-P-22,2,1,Transit,2010,3.21222,12.89035,785.0401,1463.0,5302.0,1.11,1.13,81.7647
GJ 876 e,GJ 876,1,4,Radial Velocity,2010,124.26,3.92,14.6,,3293.74,0.3,0.32,4.67517
HD 8535 b,HD 8535,2,1,Radial Velocity,2010,1313.0,14.0,216.1244,,6136.0,1.19,1.13,55.4401
HAT-P-18 b,HAT-P-18,1,1,Transit,2010,5.508023,11.153,62.61,852.0,4803.0,0.749,0.77,161.4
WASP-31 b,WASP-31,1,1,Transit,2010,3.4059096,17.363,151.916,1423.7,6302.0,1.252,1.163,383.829
24 Sex c,24 Sex,1,2,Radial Velocity,2010,883.0,13.9,273.32,,5098.0,4.9,1.54,72.0691
HIP 78530 b,HIP 78530,1,1,Imaging,2010,,12.0,7300.0,2700.0,10500.0,2.10876,2.5,136.759
WASP-19 b,WASP-19,1,1,Transit,2009,0.78883852,15.86070769,366.77398168,2113.0,5616.0,1.006,0.965,268.325
HD 90156 b,HD 90156,1,1,Radial Velocity,2009,49.77,4.43,17.98,,5599.0,0.920286,0.84,21.9496
Kepler-5 b,Kepler-5,1,1,Transit,2009,3.5484657,15.984034,670.93913,1750.0,6297.0,1.793,1.374,899.777
BD-08 2823 b,BD-08 2823,1,2,Radial Velocity,2009,5.6,,2948.49413174,,4816.0,0.71,0.5,41.3342
BD-08 2823 c,BD-08 2823,1,2,Radial Velocity,2009,237.6,12.5,104.0,,4746.0,0.71,0.74,41.3342
HD 125595 b,HD 125595,1,1,Radial Velocity,2009,9.6737,,3531.07360177,,4691.0,0.74,0.29,28.1989
HD 215497 b,HD 215497,1,2,Radial Velocity,2009,3.93404,,1588.82420659,,5110.0,0.85,0.67,40.5468
HD 215497 c,HD 215497,1,2,Radial Velocity,2009,566.0,13.0,111.23994245,,5113.0,0.85,0.92,40.5468
HD 40307 b,HD 40307,1,5,Radial Velocity,2009,4.3123,,1188.99607059,910.0,4956.0,0.716684,0.77,12.9363
HD 40307 c,HD 40307,1,5,Radial Velocity,2009,9.6184,,1868.51320475,696.0,4956.0,0.716684,0.77,12.9363
HD 40307 d,HD 40307,1,5,Radial Velocity,2009,20.432,,1775.3894815,541.0,4956.0,0.716684,0.77,12.9363
HD 87883 b,HD 87883,1,1,Radial Velocity,2009,3006.0,12.7,2005.49724817,,4980.0,0.798557,0.8,18.2912
DP Leo b,DP Leo,2,1,Eclipse Timing Variations,2009,10220.0,12.7,1995.88832,,13500.0,0.0115,0.69,305.684
WASP-17 b,WASP-17,1,1,Transit,2009,3.73543,20.96083,247.9074,1755.0,6550.0,1.49,2.28,405.908
HD 190984 b,HD 190984,1,1,Radial Velocity,2009,4885.0,13.0,1137.82569706,,5988.0,1.53,0.91,148.187
HD 129445 b,HD 129445,1,1,Radial Velocity,2009,1840.0,13.3,797.74930157,,5646.0,1.175816,0.99,67.4386
47 UMa d,47 UMa,1,3,Radial Velocity,2009,14002.0,13.5,521.22,,5872.0,1.21334,1.06,13.7967
MOA-2008-BLG-310L b,MOA-2008-BLG-310L,1,1,Microlensing,2009,,5.18,23.4,,,,0.21,7700.0
CoRoT-6 b,CoRoT-6,1,1,Transit,2009,8.886593,13.068,940.74,1017.0,6090.0,1.025,1.05,645.294
61 Vir b,61 Vir,1,3,Radial Velocity,2009,4.215,2.11,5.1,,5577.0,0.963,0.942,8.50332
GJ 179 b,GJ 179,1,1,Radial Velocity,2009,2288.0,13.8,301.93698665,,3370.0,0.38,0.357,12.356
Kepler-4 b,Kepler-4,1,1,Transit,2009,3.21346,4.002,24.472,1650.0,5857.0,1.487,1.223,487.916
HD 9446 b,HD 9446,1,2,Radial Velocity,2009,30.052,14.0,222.472,,5793.0,1.0,1.0,50.3503
61 Vir c,61 Vir,1,3,Radial Velocity,2009,38.021,4.46,18.2,,5577.0,0.963,0.942,8.50332
61 Vir d,61 Vir,1,3,Radial Velocity,2009,123.01,5.11,22.9,,5577.0,0.963,0.942,8.50332
HD 134987 c,HD 134987,1,2,Radial Velocity,2009,5000.0,13.9,260.0,,5585.0,1.25,1.1,26.1804
HD 110014 b,HD 110014,1,1,Radial Velocity,2009,835.477,12.4,3524.59,,4445.0,20.9,2.17,100.758
HIP 79431 b,HIP 79431,1,1,Radial Velocity,2009,111.7,13.4,667.415,,3191.0,0.478625,0.49,14.5324
HD 148156 b,HD 148156,1,1,Radial Velocity,2009,1027.0,13.9,270.144,,6308.0,1.21,1.22,57.1289
gam1 Leo b,gam1 Leo,2,1,Radial Velocity,2009,428.5,12.5,2790.43,,4330.0,31.88,1.23,39.8883
HAT-P-12 b,HAT-P-12,1,1,Transit,2009,3.2130598,10.749,67.059,963.0,4650.0,0.701,0.733,142.751
HD 156411 b,HD 156411,1,1,Radial Velocity,2009,842.2,14.0,235.18,,5900.0,2.16,1.25,56.8655
BD+20 2457 b,BD+20 2457,1,2,Radial Velocity,2009,379.63,12.1,6807.63,,4137.0,49.0,2.8,1539.71
HD 240210 b,HD 240210,1,1,Radial Velocity,2009,501.75,12.8,1655.82,,4297.0,25.456816,0.82,372.405
CoRoT-5 b,CoRoT-5,1,1,Transit,2009,4.0378962,15.558,148.42,1438.0,6100.0,1.186,1.0,882.472
GJ 1214 b,GJ 1214,1,1,Transit,2009,1.580404531,2.733,8.41,567.0,3101.0,0.2162,0.182,14.6427
HD 187123 c,HD 187123,1,2,Radial Velocity,2008,3810.0,13.2,912.16752809,,5790.0,1.15043,1.04,45.9548
WASP-5 b,WASP-5,1,1,Transit,2008,1.6284279,12.184,502.15,1706.0,5700.0,1.029,0.96,309.137
OGLE-2006-BLG-109L b,OGLE-2006-BLG-109L,1,2,Microlensing,2008,1788.5,14.0,231.0,82.0,,,0.51,1510.0
HD 179079 b,HD 179079,1,1,Radial Velocity,2008,14.479,,4195.3349724,,5646.0,1.63,1.14,69.7116
HD 181433 b,HD 181433,1,3,Radial Velocity,2008,9.3743,,1708.64551603,,4918.0,0.79,0.63,26.8762
HD 181433 c,HD 181433,1,3,Radial Velocity,2008,962.0,,2207.00045821,,4962.0,0.79,0.78,26.8762
HD 181433 d,HD 181433,1,3,Radial Velocity,2008,2172.0,13.2,858.1366989,,4962.0,0.79,0.78,26.8762
HD 7924 b,HD 7924,1,3,Radial Velocity,2008,5.39792,,2058.25676373,825.9,5131.0,0.78,0.65,16.9922
USco CTIO 108 b,USco CTIO 108,1,1,Imaging,2008,,12.3,4449.62,,2700.0,0.345365,0.06,144.019
HD 183263 c,HD 183263,1,2,Radial Velocity,2008,4667.97841,12.5,2958.98246917,,5948.0,1.23,1.06,54.1955
CoRoT-2 b,CoRoT-2,2,1,Transit,2008,1.7429935,16.432,1102.82,1521.0,5625.0,0.906,0.96,213.283
HR 8799 c,HR 8799,1,4,Imaging,2008,69000.0,13.0,3000.0,1200.0,7204.58,1.49338,1.5,41.2441
HAT-P-11 b,HAT-P-11,1,2,Transit,2008,4.888,4.36,25.0,838.0,4653.0,0.683,0.811,37.7647
HR 8799 d,HR 8799,1,4,Imaging,2008,37000.0,13.0,3000.0,1300.0,7204.58,1.49338,1.5,41.2441
WASP-7 b,WASP-7,1,1,Transit,2008,4.9546416,14.90797,305.1168,1487.0,6400.0,1.432,1.276,162.303
MOA-2007-BLG-192L b,MOA-2007-BLG-192L,1,1,Microlensing,2008,,1.63,3.3,,,,0.06,1000.0
HD 11964 c,HD 11964,2,2,Radial Velocity,2008,37.91,5.38,25.0,,5303.0,2.00971,0.91,33.5369
FU Tau b,FU Tau,1,1,Imaging,2008,,12.2,5085.28,2375.0,2838.0,,0.05,133.4950466
HAT-P-7 b,HAT-P-7,2,1,Transit,2008,2.20474,16.92559,584.8072,2733.0,6389.0,2.0,1.56,341.079
CoRoT-3 b,CoRoT-3,1,1,Transit,2008,4.2568,11.32,6883.91,1695.0,6740.0,1.56,1.37,768.771
HD 205739 b,HD 205739,1,1,Radial Velocity,2008,279.8,13.6,435.41,,6176.0,1.33,1.22,92.5087
HD 16417 b,HD 16417,2,1,Radial Velocity,2008,17.24,5.0,22.1,,5841.0,1.639984,1.2,25.3936
GJ 832 b,GJ 832,1,1,Radial Velocity,2008,3853.0,13.8,314.65012293,,3472.0,0.441557,0.45,4.96435
HD 45652 b,HD 45652,1,1,Radial Velocity,2008,44.073,14.3,137.62039,,5294.0,0.94,0.92,34.8541
HD 47186 c,HD 47186,1,2,Radial Velocity,2008,1353.6,13.0,111.42,,5657.0,1.08,0.96,37.4574
WASP-10 b,WASP-10,1,1,Transit,2008,3.0927616,12.106,1001.12,1370.0,4675.0,0.698,0.75,140.998
1RXS J160929.1-210524 b,1RXS J160929.1-210524,1,1,Imaging,2008,,18.647,3000.0,1700.0,4060.0,1.31316,0.85,139.135
HD 17156 b,HD 17156,1,1,Radial Velocity,2007,21.2164294,1.094,1036.12060682,888.0,6046.0,1.517,1.285,78.0863
HD 155358 c,HD 155358,1,2,Radial Velocity,2007,391.9,13.9,261.0,,5900.0,1.38,0.92,43.6197
V0391 Peg b,V0391 Peg,1,1,Pulsation Timing Variations,2007,1170.0,13.1,1017.056,,29300.0,0.23,0.5,1195.98
WASP-1 b,WASP-1,2,1,Transit,2007,2.5199454,16.623,271.415,1812.0,6110.0,1.47,1.24,393.072
OGLE-TR-211 b,OGLE-TR-211,1,1,Transit,2007,3.67724,15.244,327.351,1686.0,6325.0,1.64,1.33,1515.26
TrES-3 b,TrES-3,1,1,Transit,2007,1.30618581,14.975,607.03,1638.0,5650.0,0.829,0.928,231.337
GJ 674 b,GJ 674,1,1,Radial Velocity,2007,4.6938,3.33,11.09,,3600.0,0.36463,0.35,4.54896
HAT-P-4 b,HAT-P-4,2,1,Transit,2007,3.056536,14.28,213.255,1686.0,5860.0,1.596,1.248,320.451
HD 221287 b,HD 221287,1,1,Radial Velocity,2007,456.1,13.1,982.05,,6304.0,1.13864,1.25,55.9231
HD 70573 b,HD 70573,1,1,Radial Velocity,2007,851.8,12.8,1900.0,,5737.0,0.976919,1.0,59.182
HAT-P-2 b,HAT-P-2,1,2,Transit,2007,5.6335158,10.659759,2866.81223114,1540.0,6380.0,1.39,1.33,127.774
Lupus-TR-3 b,Lupus-TR-3,1,1,Transit,2007,3.91405,9.976,257.431,,5000.0,0.82,0.87,773.409
HAT-P-1 b,HAT-P-1,2,1,Transit,2006,4.46529976,14.784671,166.86075,1322.0,5980.0,1.174,1.151,158.979
TrES-2 b,TrES-2,2,1,Transit,2006,2.47063,15.24424,473.5667,1466.0,5850.0,1.12,1.36,215.32
OGLE-2005-BLG-169L b,OGLE-2005-BLG-169L,1,1,Microlensing,2006,,3.84,14.1,,,,0.69,4100.0
HD 154345 b,HD 154345,1,1,Radial Velocity,2006,3341.55884,13.7,378.21580433,,5468.0,0.85,0.71,18.284
SWEEPS-11 b,SWEEPS-11,1,1,Transit,2006,1.796,12.666,3082.82,,,1.45,1.1,8500.0
HN Peg b,HN Peg,1,1,Imaging,2006,,11.7768,6991.57,,6186.0,1.006954,1.08,18.1186
HIP 14810 c,HIP 14810,1,3,Radial Velocity,2006,147.747,13.6,416.3573,,5544.0,1.07,1.01,50.48
HD 69830 d,HD 69830,1,3,Radial Velocity,2006,197.0,4.45,18.1,,5385.0,0.886947,0.86,12.5591
HD 24040 b,HD 24040,1,2,Radial Velocity,2006,3668.0,12.9,1589.142035,,5802.0,1.3,1.11,46.6224
CHXR 73 b,CHXR 73,1,1,Imaging,2006,,12.3,3994.486,,3099.0,,0.35,190.374
HD 224693 b,HD 224693,1,1,Radial Velocity,2006,26.6904,14.0,222.481,,5894.0,1.93,1.31,93.5015
HD 33283 b,HD 33283,2,1,Radial Velocity,2006,18.1991,12.5,104.56607,,5935.0,1.97,1.38,89.8623
HD 69830 c,HD 69830,1,3,Radial Velocity,2006,31.56,3.46,11.8,,5385.0,0.886947,0.86,12.5591
OGLE-2005-BLG-071L b,OGLE-2005-BLG-071L,1,1,Microlensing,2005,,13.0,1200.0,55.0,,,0.46,3200.0
HD 73526 c,HD 73526,1,2,Radial Velocity,2005,379.1,13.3,715.09,,5601.0,1.53,1.014,97.2396
HD 217107 c,HD 217107,1,2,Radial Velocity,2005,4270.0,12.9,1430.2278315,,5575.0,1.19931,0.98,20.0619
HD 27894 b,HD 27894,1,3,Radial Velocity,2005,18.01939,14.1,196.73578393,,4875.0,0.891767,0.81,43.8214
GJ 876 d,GJ 876,1,4,Radial Velocity,2005,1.93778,2.51,6.83,,3293.74,0.3,0.32,4.67517
OGLE-2005-BLG-390L b,OGLE-2005-BLG-390L,1,1,Microlensing,2005,3285.0,2.21,5.5,50.0,,,0.22,6600.0
HD 33564 b,HD 33564,1,1,Radial Velocity,2005,388.0,12.5,2892.1,,6250.0,1.4367,1.25,20.9531
HIP 14810 b,HIP 14810,1,3,Radial Velocity,2005,6.673892,13.0,1239.537,,5544.0,1.07,1.01,50.48
HD 107148 b,HD 107148,2,2,Radial Velocity,2005,48.056,9.6,66.741,,5797.0,1.169193,1.12,49.4156
GJ 436 b,GJ 436,1,1,Radial Velocity,2004,2.64388312,4.17,22.1,686.0,3586.11,0.455,0.47,9.75321
55 Cnc c,55 Cnc,2,7,Radial Velocity,2004,44.3936,8.51,54.4738,,5198.0,0.98,1.015,12.5855
HD 183263 b,HD 183263,1,2,Radial Velocity,2004,624.87404,13.1,1103.1824007,,5948.0,1.23,1.06,54.1955
OGLE-TR-10 b,OGLE-TR-10,1,1,Transit,2004,3.101278,14.011,197.046,1702.0,5950.0,1.17,1.14,1344.97
OGLE-TR-111 b,OGLE-TR-111,1,1,Transit,2004,4.0144463,11.421971,174.799,1019.0,5040.0,0.83,0.82,1068.33
2MASS J12073346-3932539 b,2MASS J12073346-3932539,1,1,Imaging,2004,,12.9,1589.15,1250.0,2825.0,0.21887,0.024,64.308
GQ Lup b,GQ Lup,1,1,Imaging,2004,,33.6,6356.0,2650.0,4360.0,1.94153,0.7,151.169
HD 37605 b,HD 37605,1,2,Radial Velocity,2004,55.01292,13.2,854.9627,,5329.0,0.91,0.94,46.7864
HD 45350 b,HD 45350,1,1,Radial Velocity,2004,963.6,13.5,568.89,,5566.0,1.26442,0.98,46.8733
OGLE-TR-113 b,OGLE-TR-113,1,1,Transit,2004,1.4324752,12.251,400.449,1342.0,4790.0,0.774,0.779,566.459
HD 216770 b,HD 216770,1,1,Radial Velocity,2003,118.45,14.1,181.1631,,5399.0,0.93,0.74,36.6625
HD 147513 b,HD 147513,2,1,Radial Velocity,2003,528.4,13.7,385.0,,5883.0,0.98,1.11,12.9032
HD 19994 b,HD 19994,3,1,Radial Velocity,2003,466.2,13.6,435.41,,6188.0,1.79647,1.365,22.5242
HD 82943 b,HD 82943,1,2,Radial Velocity,2003,441.47,13.5,534.25,,5935.0,1.1826,1.08,27.5902
HD 82943 c,HD 82943,1,2,Radial Velocity,2003,220.078,13.4,622.603,,5935.0,1.1826,1.08,27.5902
HD 72659 b,HD 72659,1,2,Radial Velocity,2002,3549.39854,13.2,949.67128012,,5932.0,1.46,1.09,51.8949
HD 141937 b,HD 141937,1,1,Radial Velocity,2002,653.21997,11.9,8714.85491994,,5870.0,1.03,1.09,33.3622
HD 12661 c,HD 12661,1,2,Radial Velocity,2002,1708.0,13.2,899.45439181,,5748.0,1.11,1.02,37.8478
HD 168746 b,HD 168746,1,1,Radial Velocity,2002,6.404,11.1,85.8141,900.0,5570.0,1.09,1.07,41.5681
HD 47536 b,HD 47536,1,1,Radial Velocity,2002,712.13,12.6,2330.0,,4380.0,23.47,2.1,122.536
HD 80606 b,HD 80606,2,1,Radial Velocity,2001,111.436765,11.56766808,1323.46926959,405.0,5565.0,1.05,1.05,66.4711
HD 68988 b,HD 68988,1,2,Radial Velocity,2001,6.27711,13.4,626.1251,,5932.0,1.19,1.28,60.8447
HD 114783 b,HD 114783,1,2,Radial Velocity,2001,493.7,13.7,349.6,,5135.0,0.840622,0.853,21.0628
47 UMa c,47 UMa,1,3,Radial Velocity,2001,2391.0,14.2,171.621,,5872.0,1.21334,1.06,13.7967
HD 27442 b,HD 27442,2,1,Radial Velocity,2000,428.1,13.5,495.8,,4846.0,3.18,1.23,18.2704
GJ 3021 b,GJ 3021,2,1,Radial Velocity,2000,133.71,13.1,1071.04,350.0,5540.0,0.9,0.9,17.5559
HD 12661 b,HD 12661,1,2,Radial Velocity,2000,262.70862,13.3,772.3269,,5645.0,1.2,1.2,37.8478
HD 168443 c,HD 168443,1,2,Radial Velocity,2000,1753.1096,12.2,5500.33841154,,5491.0,1.711479,0.98,39.6245
HD 46375 b,HD 46375,2,1,Radial Velocity,2000,3.023573,10.0,71.8,,5285.0,0.914196,0.92,29.5529
ups And d,ups And,2,3,Radial Velocity,1999,1276.46,12.5,3257.74117175,,6156.77,1.56,1.3,13.4054
ups And c,ups And,2,3,Radial Velocity,1999,241.258,12.3,4443.24112986,,6156.77,1.56,1.3,13.4054
HD 217107 b,HD 217107,1,2,Radial Velocity,1998,7.12682,13.6,413.179,,5622.0,1.11,1.0,20.0619
HD 187123 b,HD 187123,1,2,Radial Velocity,1998,3.0965828,14.2,166.218,,5790.0,1.15043,1.04,45.9548
HD 168443 b,HD 168443,1,2,Radial Velocity,1998,58.11187,12.6,2424.3950886,,5491.0,1.711479,0.98,39.6245
GJ 876 b,GJ 876,1,4,Radial Velocity,1998,61.1166,13.3,723.2235,,3293.74,0.3,0.32,4.67517
47 UMa b,47 UMa,1,3,Radial Velocity,1996,1078.0,13.2,804.08,,5872.0,1.21334,1.06,13.7967
PSR B1257+12 b,PSR B1257+12,1,3,Pulsar Timing,1994,25.262,0.338,0.02,,,,1.4,600.0
PSR B1257+12 d,PSR B1257+12,1,3,Pulsar Timing,1992,98.2114,1.8,3.9,,,,1.4,600.0
