time_tag,dsflag_de1,dsflag_de4,dsflag_p1,dsflag_p3,dsflag_p5,dsflag_p7,dsflag_fp6p,numpts_de1,numpts_de4,numpts_p1,numpts_p3,numpts_p5,numpts_p7,numpts_fp6p,de1,de4,p1,p3,p5,p7,fp6p,fp6p_ratio,dsflag_p2,dsflag_p4,dsflag_p6,dsflag_p8,numpts_p2,numpts_p4,numpts_p6,numpts_p8,p2,p4,p6,p8,dsflag_p1_30,dsflag_p2_30,dsflag_p4_30,dsflag_p3_30,dsflag_p5_30,dsflag_p6_30,dsflag_p7_30,dsflag_p8_30,numpts_p1_30,numpts_p2_30,numpts_p3_30,numpts_p4_30,numpts_p5_30,numpts_p6_30,numpts_p7_30,numpts_p8_30,p1_30,p2_30,p3_30,p4_30,p5_30,p6_30,p7_30,p8_30
2025-12-06T05:20:00,0,0,0,0,0,0,0,50,50,198,198,198,99,99,2929.1929,16.201555,8496.8789,80.7948,19.754484,2.8186548,10.796563,,0,0,0,0,198,198,99,99,245.33109,34.9832,8.2254524,0.63443273,0,0,0,0,0,0,0,0,50,50,50,50,25,25,25,25,12456.689,4338387.5,346070.06,1495.9449,26.841917,11.82483,4.0716634,0.72124147
2025-12-06T05:15:00,0,0,0,0,0,0,0,46,46,182,182,182,91,91,3448.1292,15.102882,9325.2129,122.60604,19.803232,3.2030394,10.986241,,0,0,0,0,182,182,91,91,484.46115,43.9468,8.419322,0.58903694,0,0,0,0,0,0,0,0,46,46,46,46,23,23,23,23,13832.784,4322988.5,353853.91,1583.8295,27.178926,11.601785,3.7266881,0.74678993
2025-12-06T05:10:00,0,0,0,0,0,0,0,46,46,182,182,182,91,91,3185.9409,14.886791,7634.3145,70.095459,19.920118,2.9753881,11.135749,,0,0,0,0,182,182,91,91,149.44229,37.629879,8.7133484,0.70025945,0,0,0,0,0,0,0,0,46,46,46,46,23,23,23,23,12493.867,4322988.5,349881.0,1532.8271,24.484608,10.87744,3.711585,0.71646631
2025-12-06T05:05:00,0,0,0,0,0,0,0,50,50,198,198,198,99,99,3391.7546,15.294312,8541.4111,87.349472,20.114138,2.9128931,10.177571,,0,0,0,0,198,198,99,99,248.3439,39.379028,9.0409288,0.6475724,0,0,0,0,0,0,0,0,50,50,50,50,25,25,25,25,12793.215,4341129.5,370841.09,1779.5985,25.909552,11.353638,3.6974101,0.79533929
2025-12-06T05:00:00,0,0,0,0,0,0,0,46,46,182,182,182,91,91,3737.8987,18.974964,8507.375,90.334785,20.765064,3.2593954,10.119981,,0,0,0,0,182,182,91,91,224.72112,42.117104,9.1334667,0.64105147,0,0,0,0,0,0,0,0,46,46,46,46,23,23,23,23,13838.014,4343872.0,362822.22,1662.212,24.157726,10.563185,4.206841,0.83681905
2025-12-06T04:55:00,0,0,0,0,0,0,0,46,46,182,182,182,91,91,3317.7434,16.142445,7997.8433,94.286369,20.368839,3.6357365,11.35247,,0,0,0,0,182,182,91,91,232.13577,41.972767,9.8006802,0.62085432,0,0,0,0,0,0,0,0,46,46,46,46,23,23,23,23,13135.034,4337905.0,362311.0,1614.0275,26.705437,11.302018,3.8242292,0.74434143
2025-12-06T04:50:00,0,0,0,0,0,0,0,50,50,198,198,198,99,99,3266.4443,14.634011,8206.7441,85.367401,20.823427,3.080883,10.335206,,0,0,0,0,198,198,99,99,193.72594,40.682358,8.7290831,0.61764783,0,0,0,0,0,0,0,0,50,50,50,50,25,25,25,25,12546.939,4305480.0,344875.16,1543.0819,26.046127,10.273998,4.0392704,0.80901617
2025-12-06T04:45:00,0,0,0,0,0,0,0,46,46,182,182,182,91,91,3055.283,17.783556,8749.0986,80.77343,21.300957,3.4287803,11.202964,,0,0,0,0,182,182,91,91,267.18317,39.10722,9.1843557,0.70865184,0,0,0,0,0,0,0,0,46,46,46,46,23,23,22,23,12928.919,4337905.0,352466.31,1544.1685,25.984314,9.9469347,3.889221,0.76807302
2025-12-06T04:40:00,0,0,0,0,0,0,0,46,46,183,183,183,91,91,3947.3794,15.556563,8571.957,77.47821,18.443045,3.1431437,10.75317,,0,0,0,0,183,183,91,91,259.66403,35.022598,8.5022669,0.6492281,0,0,0,0,0,0,0,0,46,46,46,46,23,23,22,23,13498.059,4311052.0,350226.13,1580.8087,24.389868,10.694276,3.6879554,0.7652173
2025-12-06T04:35:00,0,0,0,0,0,0,0,49,49,198,198,198,99,99,2982.168,12.77663,7720.0918,67.139008,22.096582,3.8089931,10.881206,,0,0,0,0,198,198,99,99,122.12396,38.606331,9.5687237,0.63408422,0,0,0,0,0,0,0,0,49,49,49,49,25,25,25,25,12541.679,4315864.0,347498.03,1583.3124,19.908558,10.544415,3.7931767,0.71976978
2025-12-06T04:30:00,0,0,0,0,0,0,0,46,46,182,182,182,91,91,2972.9199,17.456503,8095.1436,58.043468,19.221775,3.2460227,10.197248,,0,0,0,0,182,182,91,91,93.693069,38.228458,9.7045555,0.71861219,0,0,0,0,0,0,0,0,46,46,46,46,23,23,23,23,13058.721,4338557.5,358725.16,1451.9045,19.815119,9.5825338,3.0457904,0.60571909
2025-12-06T04:25:00,0,0,0,0,0,0,0,46,46,185,185,185,92,92,3694.2944,16.280903,8696.9814,86.703323,21.178438,3.5833306,11.782989,,0,0,0,0,185,185,92,92,289.17081,37.764896,9.2919397,0.78547549,0,0,0,0,0,0,0,0,46,46,46,46,23,23,23,23,13632.92,4340929.0,351033.09,1471.4576,24.89546,11.490749,4.3242736,0.8505621
2025-12-06T04:20:00,0,0,0,0,0,0,0,49,49,196,196,196,98,98,3256.6072,16.174948,8974.9766,132.97514,21.169939,3.5109448,12.563299,,0,0,0,0,196,196,98,98,523.00555,43.830742,9.3928909,0.73046213,0,0,0,0,0,0,0,0,49,49,49,49,24,24,24,24,12995.099,4314622.5,352412.78,1552.58,28.688276,13.184643,4.9919457,0.93315709
2025-12-06T04:15:00,0,0,0,0,0,0,0,46,46,182,182,182,91,91,2908.1631,16.317652,11259.111,305.10101,22.048826,3.2613056,12.028393,,0,0,0,0,166,182,91,91,1281.5417,71.479355,9.2081041,0.72276223,0,0,0,0,0,0,0,0,46,46,46,46,23,23,23,23,12604.651,4300705.5,345820.41,1555.4059,30.441824,16.339003,5.2275586,1.0515329
2025-12-06T04:10:00,0,0,0,0,0,0,0,47,47,187,187,187,93,93,3070.0242,17.53684,9115.3711,89.032738,19.906368,3.6172998,12.617239,,0,0,0,0,187,187,93,93,365.3797,32.746891,9.2265062,0.69794291,0,0,0,0,0,0,0,0,47,47,47,47,23,23,23,23,12805.343,4333500.0,354082.06,1573.2837,29.35157,12.984618,4.3939676,0.94345045
2025-12-06T04:05:00,0,0,0,0,0,0,0,48,48,194,194,194,97,97,3357.1223,14.315157,10447.896,106.09358,19.911093,3.6700168,12.429043,,0,0,0,0,194,194,97,97,602.47571,34.974216,9.2277832,0.70661104,0,0,0,0,0,0,0,0,48,48,48,48,24,24,24,23,13474.884,4339838.0,355766.78,1743.3009,27.406521,14.027369,4.7582488,0.92248064
2025-12-06T04:00:00,0,0,0,0,0,0,0,45,45,180,180,180,91,91,2972.1458,15.700838,9517.8496,95.999535,18.257145,3.7814419,12.04767,,0,0,0,0,180,180,91,91,487.07169,35.655277,8.8031235,0.72946972,0,0,0,0,0,0,0,0,44,44,44,44,23,23,23,23,12766.248,4294927.0,349885.03,1701.1421,29.651592,14.132358,4.6424818,0.88728482
2025-12-06T03:50:00,0,0,0,0,0,0,0,48,48,192,192,192,96,96,3572.7761,14.109429,8299.3838,70.113159,16.737469,2.9954238,12.129001,,0,0,0,0,192,192,96,96,195.44495,27.330708,7.9033122,0.71749681,0,0,0,0,0,0,0,0,48,48,48,48,24,24,24,24,12935.985,4251012.0,333107.0,1415.5544,27.40844,12.799165,4.60041,0.67591155
2025-12-06T03:45:00,0,0,0,0,0,0,0,46,46,182,182,182,91,91,2951.7703,12.673339,8784.25,110.50057,19.652668,3.3310335,11.082354,,0,0,0,0,182,182,91,91,455.62204,36.937904,8.7953367,0.70763743,0,0,0,0,0,0,0,0,46,46,46,46,23,23,23,23,13014.267,4331938.5,362179.53,1679.7811,28.474577,12.36402,4.8355074,0.87467647
2025-12-06T03:40:00,0,0,0,0,0,0,0,48,48,191,191,191,95,95,3007.3845,18.708599,8124.8125,62.074692,17.342989,3.434576,11.974214,,0,0,0,0,191,191,95,95,167.43983,29.370275,8.7869797,0.78505427,0,0,0,0,0,0,0,0,48,48,48,48,24,24,24,24,12120.597,4254800.0,338086.09,1547.6278,26.825514,13.528566,4.5812716,0.95728952
2025-12-06T03:35:00,0,0,0,0,0,0,0,47,47,190,190,190,95,95,3193.9209,16.434673,8333.9404,63.770073,16.285273,3.1466022,10.94419,,0,0,0,0,190,190,95,95,192.64914,30.507874,8.9463043,0.71018881,0,0,0,0,0,0,0,0,47,47,47,47,24,24,24,24,13070.688,4284416.5,345846.28,1623.9247,25.330744,14.683073,4.4325919,0.9315896
2025-12-06T03:30:00,0,0,0,0,0,0,0,46,46,182,182,182,91,91,3101.2341,15.09704,8269.624,72.659637,18.476875,3.7583179,12.488222,,0,0,0,0,182,182,91,91,259.23361,32.890057,8.8247395,0.68347466,0,0,0,0,0,0,0,0,46,46,46,46,23,23,23,23,13306.203,4334083.0,355409.5,1558.9894,25.871389,10.837321,4.3792677,0.95886689
2025-12-06T03:25:00,0,0,0,0,0,0,0,48,48,193,193,193,96,96,3198.825,20.076862,8252.8496,72.584152,17.215246,3.5951617,11.342602,,0,0,0,0,193,193,96,96,229.8573,29.55279,7.6949296,0.70984584,0,0,0,0,0,0,0,0,48,48,48,48,24,24,24,24,12604.011,4336203.5,354418.0,1576.0851,28.491035,11.333504,4.5955505,0.86934805
2025-12-06T03:20:00,0,0,0,0,0,0,0,47,47,188,188,188,94,94,2895.1323,14.858277,8159.9658,63.119812,19.200226,3.7630422,10.234712,,0,0,0,0,188,188,94,94,152.5596,34.822147,8.9961767,0.84282249,0,0,0,0,0,0,0,0,47,47,47,47,23,23,23,23,13220.49,4329392.5,358545.31,1511.03,22.451059,11.102457,4.6435766,0.95871168
2025-12-06T03:15:00,0,0,0,0,0,0,0,46,46,182,182,182,91,91,3557.2566,17.841957,8011.0376,56.482224,19.972618,3.9471254,11.017023,,0,0,0,0,182,182,91,91,148.9017,33.987457,9.2380724,0.84237719,0,0,0,0,0,0,0,0,46,46,46,46,23,23,23,23,13919.795,4333710.0,356351.63,1663.8125,23.183018,8.9562521,3.5460806,0.81892622
2025-12-06T03:10:00,0,0,0,0,0,0,0,49,49,195,195,195,97,97,3126.6577,14.941068,7809.3267,67.42691,20.025616,3.9609964,12.516797,,0,0,0,0,195,195,97,97,166.25403,35.725929,9.9110203,0.82776403,0,0,0,0,0,0,0,0,49,49,49,49,24,24,24,24,12581.631,4328866.5,349140.38,1581.0718,23.304052,10.897879,4.5229754,0.91909707
2025-12-06T03:05:00,0,0,0,0,0,0,0,46,46,186,186,186,93,93,3092.885,16.468176,8339.8115,65.423973,18.876595,3.8176713,11.13026,,0,0,0,0,186,186,93,93,208.15369,35.228825,10.17552,0.77038294,0,0,0,0,0,0,0,0,46,46,46,46,23,23,23,23,13138.879,4340304.5,354357.19,1529.1987,22.300484,12.280525,4.9801264,0.98678821
2025-12-06T03:00:00,0,0,0,0,0,0,0,46,46,182,182,182,91,91,3177.4377,18.717997,8258.4678,65.348213,16.619579,3.5443575,10.916514,,0,0,0,0,182,182,91,91,166.50792,33.424961,8.9700565,0.72875684,0,0,0,0,0,0,0,0,46,46,46,46,23,23,23,23,13795.223,4334922.0,352378.69,1572.8358,21.36237,10.539783,4.3736043,0.92157459
2025-12-06T02:55:00,0,0,0,0,0,0,0,49,49,197,197,197,98,98,2986.54,15.557114,8042.4829,67.102921,16.94371,3.4264302,12.603511,,0,0,0,0,197,197,98,98,227.54475,33.17416,8.7690086,0.74100971,0,0,0,0,0,0,0,0,49,49,49,49,25,25,25,25,12777.913,4341108.5,359237.06,1601.5201,26.380737,10.891205,4.4384718,0.97341555
2025-12-06T02:50:00,0,0,0,0,0,0,0,46,46,184,184,184,92,92,2852.7634,14.301701,9172.2861,110.51907,18.70212,3.7557011,12.100159,,0,0,0,0,184,184,92,92,469.64777,36.909641,9.4794159,0.80045813,0,0,0,0,0,0,0,0,46,46,46,46,23,23,23,23,13089.441,4343872.0,360899.44,1653.49,24.420042,13.971696,4.9164414,0.92842531
2025-12-06T02:45:00,0,0,0,0,0,0,0,46,46,182,182,182,91,91,2853.6543,13.701221,9819.666,128.11218,17.622023,3.6386018,10.734342,,0,0,0,0,182,182,91,91,615.96149,41.858139,9.7667532,0.81553996,0,0,0,0,0,0,0,0,46,46,46,46,23,23,23,23,13124.338,4343872.0,362135.75,1571.3049,23.125566,11.534923,4.9343061,0.92439973
2025-12-06T02:40:00,0,0,0,0,0,0,0,50,50,198,198,198,99,99,3257.0247,17.81205,10155.095,130.14993,17.415379,3.7212334,12.492439,,0,0,0,0,198,198,99,99,650.90173,36.649437,8.3948889,0.85094005,0,0,0,0,0,0,0,0,50,50,50,50,25,25,25,25,13485.058,4310621.0,342565.91,1391.1497,27.009451,13.230206,4.8658662,0.92293292
2025-12-06T02:35:00,0,0,0,0,0,0,0,46,46,182,182,182,91,91,2946.0474,19.500589,9454.7627,141.22729,19.185123,3.9509466,12.610715,,0,0,0,0,182,182,91,91,578.79156,38.054401,8.7648029,0.75965196,0,0,0,0,0,0,0,0,46,46,46,46,23,23,23,23,12071.651,4228451.0,328081.0,1326.2418,24.058666,13.25218,4.9147978,0.89445275
2025-12-06T02:30:00,0,0,0,0,0,0,0,46,46,182,182,182,91,91,2899.7688,17.993805,9981.7158,108.83234,18.913712,4.1044116,12.155913,,0,0,0,0,182,182,91,91,561.37317,32.548317,8.9344339,0.88221818,0,0,0,0,0,0,0,0,46,46,46,46,23,23,23,23,12200.74,4286627.5,337312.19,1345.7593,25.946671,13.489539,4.7952318,1.1782894
2025-12-06T02:25:00,0,0,0,0,0,0,0,50,50,198,198,198,99,99,3163.2295,17.012171,16182.725,338.4212,16.924612,3.8631756,14.897964,,0,0,0,0,198,198,99,99,2248.8044,45.93082,8.548213,0.76549006,0,0,0,0,0,0,0,0,50,50,50,50,25,25,25,25,13977.392,4343872.0,374305.0,1605.793,30.96472,14.264776,5.5999107,1.1507664
2025-12-06T02:20:00,0,0,0,0,0,0,0,46,46,182,182,182,91,91,2806.8855,14.746626,13793.625,231.38155,16.044065,3.4698534,12.932971,,0,0,0,0,182,182,91,91,1484.7776,38.370674,8.5092268,0.76177305,0,0,0,0,0,0,0,0,46,46,46,46,23,23,23,23,13221.332,4339303.5,361120.59,1598.4414,27.642508,13.811597,5.4471827,1.3041042
2025-12-06T02:15:00,0,0,0,0,0,0,0,46,46,182,182,182,91,91,2688.2195,13.940673,11151.009,129.72023,18.394659,3.8904512,12.409698,,0,0,0,0,182,182,91,91,777.64966,32.845486,9.0492172,0.93109709,0,0,0,0,0,0,0,0,46,46,46,46,23,23,23,23,12565.899,4312639.5,350530.97,1619.5244,25.306772,11.998505,4.6221762,0.96376389
2025-12-06T02:10:00,0,0,0,0,0,0,0,50,50,198,198,198,99,99,2865.7109,18.493826,9296.7207,65.088799,16.900938,3.7809367,11.686941,,0,0,0,0,198,198,99,99,350.68066,27.543661,10.01181,0.87459141,0,0,0,0,0,0,0,0,50,50,50,50,25,25,25,25,12606.814,4293739.5,346962.91,1439.1184,20.36817,11.089363,4.7033234,0.71847147
2025-12-06T02:05:00,0,0,0,0,0,0,0,46,46,182,182,182,91,91,2889.4121,18.274136,7660.7534,46.188725,16.643354,3.6303234,11.788428,,0,0,0,0,182,182,91,91,114.11605,27.481611,9.4235344,0.91504997,0,0,0,0,0,0,0,0,46,46,46,46,23,23,23,23,13298.834,4323827.5,352283.75,1451.3829,20.401527,10.466235,4.7316732,1.0330751
2025-12-06T02:00:00,0,0,0,0,0,0,0,46,46,183,183,183,91,91,2850.9458,15.748765,8445.3545,55.624016,16.025791,3.7124591,11.674689,,0,0,0,0,183,183,91,91,186.64009,28.653122,8.8659725,0.79767036,0,0,0,0,0,0,0,0,46,46,46,46,23,23,23,23,12436.166,4295617.5,345237.09,1406.1193,20.693356,10.313091,4.8392038,0.88636732
2025-12-06T01:55:00,0,0,0,0,0,0,0,49,49,198,198,198,99,99,2772.1519,16.57625,8138.0894,46.014236,17.162804,4.052814,11.097706,,0,0,0,0,198,198,99,99,107.74533,27.863766,9.8188324,0.98652321,0,0,0,0,0,0,0,0,49,49,49,49,25,25,25,25,11780.826,4210790.0,310496.38,1111.4221,19.795368,11.458374,4.7274084,0.98376048
2025-12-06T01:50:00,0,0,0,0,0,0,0,46,46,182,182,182,91,91,3110.8276,16.644707,8768.1523,58.849163,14.657286,3.3727431,11.401469,,0,0,0,0,182,182,91,91,244.62627,25.184933,8.4221497,0.89439172,0,0,0,0,0,0,0,0,46,46,46,46,23,23,23,23,12676.922,4208126.5,304170.38,1054.5643,21.516897,11.918268,4.6184001,1.0490844
2025-12-06T01:45:00,0,0,0,0,0,0,0,46,46,185,185,185,92,92,3192.5088,19.040474,7887.3613,45.091267,13.469814,3.5487821,11.797243,,0,0,0,0,185,185,92,92,146.45746,22.781221,7.5717688,0.75727338,0,0,0,0,0,0,0,0,46,46,46,46,23,23,23,23,11538.486,4208126.0,316834.66,1336.4813,20.785629,11.213731,4.7991614,1.1493181
2025-12-06T01:40:00,0,0,0,0,0,0,0,49,49,196,196,196,98,98,3371.0876,16.577284,8493.2793,49.161526,13.652521,3.0586271,11.208313,,0,0,0,0,196,196,98,98,153.50545,25.095821,7.3852425,0.81640393,0,0,0,0,0,0,0,0,49,49,49,49,24,24,24,24,11798.435,4208126.5,309151.56,1052.5104,18.810141,11.063108,5.2497158,1.0672919
2025-12-06T01:35:00,0,0,0,0,0,0,0,46,46,182,182,182,91,91,3355.5728,19.436346,8662.751,50.357609,13.385408,3.6933658,12.747031,,0,0,0,0,182,182,91,91,170.83264,21.026712,7.2341704,0.85058528,0,0,0,0,0,0,0,0,46,46,46,46,23,23,23,23,13149.062,4246071.5,321281.75,1155.7693,22.600567,12.722848,5.4729834,1.1342165
2025-12-06T01:30:00,0,0,0,0,0,0,0,47,47,187,187,187,93,93,3194.498,19.788076,8123.4819,41.958595,14.706719,3.6064243,11.659084,,0,0,0,0,187,187,93,93,181.3654,24.583466,8.3861265,0.76598239,0,0,0,0,0,0,0,0,47,47,47,47,23,23,23,23,12713.936,4310754.5,335373.78,1046.6038,25.370882,14.159108,5.316977,1.1191641
2025-12-06T01:25:00,0,0,0,0,0,0,0,48,48,194,194,194,97,97,3352.2002,15.908172,8428.4072,50.679028,14.188668,4.0494466,12.678382,,0,0,0,0,194,194,97,97,192.34908,26.35544,8.1545496,0.75700897,0,0,0,0,0,0,0,0,48,48,48,48,24,24,24,24,12683.323,4297922.0,332926.88,1109.7898,21.721361,12.660585,4.9476557,1.1056045
2025-12-06T01:20:00,0,0,0,0,0,0,0,46,46,182,182,182,91,91,3346.252,19.786758,8253.2207,47.36216,13.959931,3.4255965,11.554744,,0,0,0,0,182,182,91,91,153.27765,22.003117,7.4937062,0.82144225,0,0,0,0,0,0,0,0,46,46,46,46,23,23,23,22,12814.331,4327743.0,337188.03,1291.8344,24.054707,11.986245,5.036252,1.0801789
2025-12-06T01:15:00,0,0,0,0,0,0,0,47,47,189,189,189,94,94,3709.2649,15.010645,8087.4609,48.10146,14.753436,3.3874004,11.958731,,0,0,0,0,189,189,94,94,142.78918,24.951809,7.8052592,0.81074744,0,0,0,0,0,0,0,0,47,47,47,47,24,24,24,24,14346.47,4335410.5,369018.34,1405.9033,28.544735,14.126157,5.8705897,1.1318396
2025-12-06T01:10:00,0,0,0,0,0,0,0,48,48,192,192,192,96,96,3366.2813,15.441557,9006.8838,67.774673,14.417814,3.56794,12.458553,,0,0,0,0,192,192,96,96,388.13177,25.591774,8.0478678,0.72617406,0,0,0,0,0,0,0,0,48,48,48,48,24,24,24,24,13792.3,4343872.0,376473.69,1486.676,27.090242,12.603232,5.6625953,1.3061775
2025-12-06T01:05:00,0,0,0,0,0,0,0,46,46,182,182,182,91,91,3436.4644,12.334604,9704.1279,68.738152,13.766772,3.2380626,11.384508,,0,0,0,0,182,182,91,91,435.108,23.998384,7.6243215,0.79073167,0,0,0,0,0,0,0,0,46,46,46,46,23,23,23,23,13252.477,4337905.0,358871.22,1273.9172,22.240005,12.927894,5.544723,1.0957941
2025-12-06T01:00:00,0,0,0,0,0,0,0,48,48,191,191,191,95,95,3722.0869,15.773696,8100.3315,40.074665,12.852512,3.0878029,11.705347,,0,0,0,0,191,191,95,95,106.39841,22.659908,8.4525919,0.78919548,0,0,0,0,0,0,0,0,48,48,48,48,24,24,24,24,13175.145,4325256.5,341344.5,1288.1387,24.412294,13.687201,5.71697,1.0832486
2025-12-06T00:55:00,0,0,0,0,0,0,0,47,47,190,190,190,95,95,3256.9521,17.006802,7442.0542,38.362865,12.851837,3.315094,12.54057,,0,0,0,0,190,190,95,95,85.842262,22.532812,7.4974313,0.7637763,0,0,0,0,0,0,0,0,47,47,47,47,24,24,24,24,12572.71,4309219.5,347164.91,1459.1965,23.610695,13.388041,5.1759911,1.1195354
2025-12-06T00:50:00,0,0,0,0,0,0,0,46,46,182,182,182,91,91,2967.7415,20.113815,7818.9312,37.49992,12.336407,3.0935123,11.674099,,0,0,0,0,182,182,91,91,87.410828,21.079777,6.3916736,0.68753254,0,0,0,0,0,0,0,0,46,46,46,46,23,23,23,23,12898.015,4338091.5,358710.56,1591.9357,23.268206,13.015928,5.1300173,1.1474007
2025-12-06T00:45:00,0,0,0,0,0,0,0,48,48,193,193,193,96,96,3135.8997,14.947212,7808.0537,38.586803,12.999938,3.0948551,11.605114,,0,0,0,0,193,193,96,96,78.20443,20.736725,7.0983233,0.71778041,0,0,0,0,0,0,0,0,48,48,48,48,24,24,24,24,12642.67,4304118.0,344896.22,1515.9902,20.318899,10.463236,5.0721221,1.1483871
2025-12-06T00:40:00,0,0,0,0,0,0,0,47,47,188,188,188,94,94,3414.6033,17.352608,7798.3979,38.006233,14.137918,3.4910743,10.612148,,0,0,0,0,188,188,94,94,71.264442,22.01701,7.2815742,0.81695133,0,0,0,0,0,0,0,0,47,47,47,47,23,23,23,23,13739.934,4339799.5,352923.78,1404.9928,18.135841,10.268476,4.5122471,0.99692124
2025-12-06T00:35:00,0,0,0,0,0,0,0,46,46,182,182,182,91,91,3121.239,16.113245,7734.1113,37.125492,14.400728,3.0871441,11.376969,,0,0,0,0,182,182,91,91,73.67411,21.816328,8.0167341,0.89549839,0,0,0,0,0,0,0,0,46,46,46,46,23,23,23,23,12889.456,4329141.5,354109.5,1425.9163,21.419823,12.017447,6.2193279,1.2065414
2025-12-06T00:30:00,0,0,0,0,0,0,0,49,49,195,195,195,97,97,3051.9338,15.028506,7887.5039,38.928295,13.041445,3.260262,11.410542,,0,0,0,0,195,195,97,97,84.05085,20.169949,6.8994083,0.74647194,0,0,0,0,0,0,0,0,49,49,49,49,24,24,24,24,12504.883,4333926.5,356015.09,1462.964,16.589607,10.132494,4.4805775,1.0971004
2025-12-06T00:25:00,0,0,0,0,0,0,0,46,46,186,186,186,93,93,3525.97,15.929552,7808.2051,41.230286,15.075619,3.4090698,10.472638,,0,0,0,0,186,186,93,93,69.994965,21.602545,7.7439799,0.89117968,0,0,0,0,0,0,0,0,46,46,46,46,23,23,23,23,13755.354,4324114.0,353217.84,1408.5015,16.119402,8.6888638,4.0496716,0.96553719
2025-12-06T00:20:00,0,0,0,0,0,0,0,46,46,182,182,182,91,91,3255.3857,18.402622,7451.0205,40.742756,13.242767,3.459028,10.525785,,0,0,0,0,182,182,91,91,82.249603,17.77273,7.3280339,0.85086185,0,0,0,0,0,0,0,0,46,46,46,46,23,23,23,23,12445.605,4302850.0,338831.25,1286.0243,17.204008,10.634504,4.3201141,0.93362874
2025-12-06T00:15:00,0,0,0,0,0,0,0,49,49,197,197,197,98,98,3547.5986,17.4125,7988.7871,40.739838,13.024308,3.2887125,10.045805,,0,0,0,0,197,197,98,98,83.585403,22.109554,7.4586849,0.89493471,0,0,0,0,0,0,0,0,49,49,49,49,25,25,25,25,11968.713,4263219.0,323129.34,1184.4889,18.881392,10.38855,4.7438889,1.1579807
2025-12-06T00:10:00,0,0,0,0,0,0,0,46,46,184,184,184,92,92,3610.3542,16.966253,8054.3359,37.495121,12.523427,3.3966467,11.114501,,0,0,0,0,184,184,92,92,81.464378,20.75378,7.4846053,0.78042603,0,0,0,0,0,0,0,0,46,46,46,46,23,23,23,23,13168.193,4294308.5,337177.03,1356.8079,19.126543,11.168736,5.4201312,1.0674088
2025-12-06T00:05:00,0,0,0,0,0,0,0,46,46,182,182,182,91,91,3364.8396,17.70179,7483.9302,39.983864,12.485981,3.1915777,10.67278,,0,0,0,0,182,182,91,91,77.162354,19.982382,7.159534,0.83896488,0,0,0,0,0,0,0,0,46,46,46,46,23,23,23,23,13232.504,4343872.0,359973.97,1552.6575,18.582865,11.328764,4.6486063,1.2191603
2025-12-06T00:00:00,0,0,0,0,0,0,0,50,50,198,198,198,99,99,3291.4463,15.922405,7804.457,38.289337,12.764479,3.20029,10.613521,,0,0,0,0,198,198,99,99,79.714424,19.780239,6.7478232,0.79363436,0,0,0,0,0,0,0,0,50,50,50,50,25,25,25,25,12701.652,4341129.5,353816.88,1438.9902,17.470919,10.330338,4.7380295,1.1389937
2025-12-05T23:55:00,0,0,0,0,0,0,0,46,46,182,182,182,91,91,3133.3945,19.891884,7799.7261,37.713882,11.272548,3.1555991,10.515107,,0,0,0,0,182,182,91,91,75.899063,19.86776,7.108079,0.82669914,0,0,0,0,0,0,0,0,46,46,46,46,23,23,23,23,13033.523,4321776.0,350932.63,1433.1874,18.121265,10.469577,4.4535246,1.1340282
2025-12-05T23:50:00,0,0,0,0,0,0,0,46,46,182,182,182,91,91,3645.7786,21.328587,7810.0664,38.947498,10.38996,3.1976268,10.701676,,0,0,0,0,182,182,91,91,72.171829,21.408785,6.8496752,0.82337904,0,0,0,0,0,0,0,0,46,46,46,46,23,23,23,23,13779.293,4333150.0,355285.34,1414.0875,16.649298,10.193212,5.5239568,1.1784779
2025-12-05T23:45:00,0,0,0,0,0,0,0,50,50,198,198,198,99,99,3220.9998,17.96773,7435.2324,35.102661,10.955289,3.0346415,10.199512,,0,0,0,0,198,198,99,99,70.733475,18.744205,6.8273444,0.79456675,0,0,0,0,0,0,0,0,50,50,50,50,25,25,25,25,12497.988,4314734.5,347546.88,1380.181,18.754742,9.4903879,5.0393987,1.1808902
2025-12-05T23:40:00,0,0,0,0,0,0,0,46,46,182,182,182,91,91,3109.8469,17.065207,7849.0898,35.313507,11.715326,3.0406587,9.2813616,,0,0,0,0,182,182,91,91,58.776539,19.390171,6.5047612,0.73973149,0,0,0,0,0,0,0,0,46,46,46,46,23,23,23,23,12720.188,4292035.5,344396.28,1442.8593,16.330338,8.880475,4.6297274,1.2585245
2025-12-05T23:35:00,0,0,0,0,0,0,0,46,46,182,182,182,91,91,3788.3743,13.38585,8065.4443,42.384235,10.827788,2.7773473,9.7022409,,0,0,0,0,182,182,91,91,90.728355,19.379555,6.584487,0.7195344,0,0,0,0,0,0,0,0,46,46,46,46,23,23,23,23,13545.125,4326251.5,347434.41,1328.0858,13.964886,9.7652912,4.5164542,1.1055881
2025-12-05T23:30:00,0,0,0,0,0,0,0,50,50,198,198,198,99,99,3292.2981,14.558855,7349.1641,34.706245,12.342911,3.7247453,8.3858423,,0,0,0,0,198,198,99,99,70.335945,19.596838,6.5617557,0.79499072,0,0,0,0,0,0,0,0,50,50,50,50,25,25,25,25,12349.613,4294681.5,339659.13,1259.5562,14.968831,8.7958937,4.3423743,1.1772544
2025-12-05T23:25:00,0,0,0,0,0,0,0,46,46,182,182,182,91,91,3390.241,17.532427,7774.0,39.616119,10.758449,2.8480308,9.0778303,,0,0,0,0,182,182,91,91,96.709007,19.065409,6.76373,0.79146934,0,0,0,0,0,0,0,0,46,46,46,46,23,23,23,23,12476.274,4281779.5,336465.03,1208.755,15.458645,9.3763733,5.0714931,1.2012675
2025-12-05T23:20:00,0,0,0,0,0,0,0,32,32,160,160,160,67,67,3199.8772,18.989243,7863.8301,38.359329,11.241473,3.1722615,9.4498997,,0,0,0,0,160,160,69,67,77.258453,18.123079,6.8525171,0.89744461,0,0,0,0,0,0,0,0,39,39,39,39,16,16,16,16,12981.672,4322421.5,360296.0,1445.7938,12.820019,7.394762,3.6859241,0.96769828
2025-12-05T23:15:00,0,0,0,0,0,0,0,26,26,159,159,159,58,58,3656.5322,17.819628,7798.5156,36.645214,11.062449,2.8689232,9.1818018,,0,0,0,0,159,159,60,58,77.420349,20.616964,6.5833411,0.94147074,0,0,0,0,0,0,0,0,37,37,37,37,13,13,12,13,13694.8,4308972.5,353939.03,1391.736,15.80468,8.7867355,4.2460852,1.145654
2025-12-05T23:10:00,0,0,0,0,0,0,0,24,24,148,148,148,55,55,2847.9216,19.615547,7536.1421,37.151897,10.796466,2.7714143,10.328156,,0,0,0,0,148,148,57,55,73.250916,19.276796,6.3200841,0.91760916,0,0,0,0,0,0,0,0,35,35,35,35,12,12,11,12,12063.043,4208126.5,303766.0,1078.3162,13.710809,9.2353106,5.2596526,0.96410471
2025-12-05T23:05:00,0,0,0,0,0,0,0,21,21,145,145,145,50,50,2895.0591,18.583843,7771.1597,34.396698,10.575024,3.0420313,9.0376034,,0,0,0,0,145,145,53,50,69.889297,19.602308,6.3227849,0.90516239,0,0,0,0,0,0,0,0,34,34,34,34,11,11,11,11,12048.106,4208126.0,308666.41,1129.4116,16.737829,10.683687,4.4453292,1.1420869
2025-12-05T23:00:00,0,0,0,0,0,0,0,26,26,158,158,158,58,58,3285.189,19.622431,7708.1108,32.502796,9.3262234,2.4588454,8.2125244,,0,0,0,0,158,158,60,58,66.978699,16.303858,5.6023393,0.79119039,0,0,0,0,0,0,0,0,37,37,37,37,13,13,13,13,12993.941,4208126.0,305188.59,981.29675,14.334148,8.4765453,4.0164728,1.3462863
2025-12-05T22:55:00,0,0,0,0,0,0,0,24,24,147,147,147,54,54,3059.7437,22.559814,7383.5288,33.760014,8.718873,2.6902113,7.4908051,,0,0,0,0,147,147,56,54,75.798225,14.93417,5.4845243,0.78696412,0,0,0,0,0,0,0,0,35,35,35,35,12,12,12,12,12370.067,4208126.5,305250.25,974.59991,14.041981,7.4919109,3.5513923,0.92941898
2025-12-05T22:50:00,0,0,0,0,0,0,0,21,21,146,146,146,50,50,2855.979,15.286173,7616.7334,35.951172,9.2499323,2.7716355,7.7326984,,0,0,0,0,146,146,53,50,70.983337,16.768301,4.7821188,0.66761667,0,0,0,0,0,0,0,0,34,34,34,34,11,11,11,11,11957.611,4212621.5,310568.25,1055.2328,11.085463,6.9302645,4.0707488,1.0856655
2025-12-05T22:45:00,0,0,0,0,0,0,0,26,26,156,156,156,58,58,3202.8088,19.330648,7928.1494,38.991364,9.2239666,3.1835744,8.4910936,,0,0,0,0,156,156,60,58,80.814362,18.186604,5.4800849,0.75863433,0,0,0,0,0,0,0,0,37,37,37,37,13,13,13,13,13460.239,4248666.0,325003.56,1113.161,13.167621,8.1385174,4.6542578,1.1614492
2025-12-05T22:40:00,0,0,0,0,0,0,0,23,23,147,147,147,54,54,3256.0903,22.588579,7571.6738,33.644783,9.0810518,2.5848484,8.3725061,,0,0,0,0,147,147,56,54,84.010284,15.64227,5.5831361,0.73935193,0,0,0,0,0,0,0,0,34,34,34,34,12,12,12,12,13035.552,4226234.0,320913.63,1186.5245,14.380103,7.8567076,4.0974207,1.2575033
2025-12-05T22:35:00,0,0,0,0,0,0,0,22,22,148,148,148,51,51,3143.7517,18.81316,7936.0923,39.8241,8.5816183,2.4798012,7.3960137,,0,0,0,0,148,148,54,51,94.484314,16.342867,3.7020874,0.8052057,0,0,0,0,0,0,0,0,34,34,34,34,11,11,11,11,12011.705,4208126.0,316789.44,1225.1532,14.843524,7.615592,3.6385357,0.98001939
2025-12-05T22:30:00,0,0,0,0,0,0,0,26,26,155,155,155,58,58,3088.9163,19.810007,7696.8926,40.678238,7.6664319,2.3956931,6.970706,,0,0,0,0,155,155,60,58,87.347244,17.56477,4.5200143,0.7693609,0,0,0,0,0,0,0,0,37,37,37,37,13,13,13,13,12453.098,4222926.5,326846.88,1440.8115,12.757569,6.4682622,2.8958578,1.1312031
2025-12-05T22:25:00,0,0,0,0,0,0,0,23,23,146,146,146,53,53,3569.9104,18.493736,7769.1133,37.915012,8.9082375,1.860896,6.010736,,0,0,0,0,146,146,55,53,88.284721,15.410604,4.9144068,0.68336976,0,0,0,0,0,0,0,0,34,34,34,34,11,11,11,11,13937.693,4261978.0,337286.06,1327.163,11.21489,5.5214911,2.704953,0.83355749
2025-12-05T22:20:00,0,0,0,0,0,0,0,22,22,150,150,150,52,52,3004.439,17.595316,7627.2544,45.874634,7.834815,2.1922588,6.7492037,,0,0,0,0,150,150,54,52,119.91352,17.383808,4.1791253,0.64479363,0,0,0,0,0,0,0,0,35,35,35,35,11,11,11,11,12237.744,4265417.0,335944.19,1329.4137,11.346532,5.752203,3.1292417,0.81029862
2025-12-05T22:15:00,0,0,0,0,0,0,0,26,26,154,154,154,57,57,2945.6504,16.225239,8103.6772,37.99947,6.684761,2.2172611,5.6805673,,0,0,0,0,154,154,59,57,100.46054,17.078892,3.9022729,0.64848417,0,0,0,0,0,0,0,0,36,36,36,36,13,13,13,13,12511.822,4229431.5,324620.75,1363.9409,10.141719,4.5633764,2.9576149,0.80118483
2025-12-05T22:10:00,0,0,0,0,0,0,0,22,22,145,145,145,52,52,3827.259,18.455708,8350.4756,47.487724,7.1725421,2.1132615,6.3743958,,0,0,0,0,145,145,54,52,163.03378,18.05784,3.960047,0.56550264,0,0,0,0,0,0,0,0,34,34,34,34,11,11,11,11,13222.186,4218125.5,321920.97,1286.0046,13.18976,5.4273305,4.1820097,0.98202294
2025-12-05T22:05:00,0,0,0,0,0,0,0,23,23,152,152,152,53,53,2858.5679,14.998403,7802.9883,43.709236,7.6581192,1.688912,5.5398536,,0,0,0,0,152,152,55,53,158.92685,15.868432,3.0470629,0.4635863,0,0,0,0,0,0,0,0,35,35,35,35,11,11,11,11,12152.224,4208126.0,313150.97,1259.8346,9.1634808,4.8676014,3.276495,0.6901229
2025-12-05T22:00:00,0,0,0,0,0,0,0,37,37,153,153,153,76,76,3026.1589,18.222589,7537.9653,37.573471,8.1392384,1.7497807,4.7914319,,0,0,0,0,153,153,77,76,90.680084,13.553816,4.3100019,0.66428638,0,0,0,0,0,0,0,0,38,38,38,38,19,19,19,19,12222.342,4218825.5,328842.09,1468.1964,8.730691,4.997838,2.2331784,0.74886173
2025-12-05T21:55:00,0,0,0,0,0,0,0,22,22,145,145,145,51,51,2792.7012,17.006802,7798.499,34.562439,7.1890359,1.3556919,4.3612247,,0,0,0,0,145,145,54,51,68.740463,13.864091,3.669966,0.59197241,0,0,0,0,0,0,0,0,34,34,34,34,11,11,10,11,13072.339,4246529.0,336357.56,1464.4799,8.9123793,3.6125641,2.4701529,0.74847114
2025-12-05T21:50:00,0,0,0,0,0,0,0,23,23,153,153,153,54,54,3290.4331,16.064535,7740.6826,29.439772,6.4532051,1.6322254,4.7485089,,0,0,0,0,153,153,56,54,69.757492,14.785555,3.3911958,0.48291606,0,0,0,0,0,0,0,0,36,36,36,36,12,12,12,12,14067.537,4336304.0,360017.81,1693.8883,10.193214,4.3611078,1.815174,0.66704845
2025-12-05T21:45:00,0,0,0,0,0,0,0,25,25,152,152,152,57,57,3002.8752,18.241167,7489.0649,29.837568,7.0091381,1.3678002,4.8919621,,0,0,0,0,152,152,59,57,71.187508,13.785378,3.5110073,0.46795112,0,0,0,0,0,0,0,0,36,36,36,36,13,13,13,12,13324.295,4319212.5,349292.19,1490.5094,8.9219227,4.3562822,1.8734332,0.63309669
2025-12-05T21:40:00,0,0,0,0,0,0,0,18,16,110,110,110,38,38,2872.8477,25.086727,7682.7412,29.509689,7.3646798,1.4421669,11813.432,,0,0,0,0,110,110,40,38,68.637451,13.210912,3.153857,2.8211851,0,0,0,0,0,0,0,0,29,26,27,29,9,9,9,9,56207.652,4323934.0,420745.5,9121.4824,8.7044764,4.9736681,1.5378827,0.59255224
2025-12-05T21:35:00,0,0,0,0,0,0,0,24,24,151,151,151,55,55,3422.3564,17.659182,7781.48,32.020138,5.8871527,1.7278208,7205.3804,,0,0,0,0,151,151,57,55,78.183258,16.26861,2.7541564,1.8405606,0,0,0,0,0,0,0,0,35,35,36,35,12,12,12,12,14518.978,4343872.0,416914.78,1635.7809,8.1536846,3.9940941,2.1961017,0.55063856
2025-12-05T21:30:00,0,0,0,0,0,0,0,25,25,150,150,150,56,56,3074.1538,15.269893,7474.0342,33.616024,6.0302415,1.5398618,4.0823627,,0,0,0,0,150,150,58,56,87.065048,16.82649,3.1270237,0.47625095,0,0,0,0,0,0,0,0,35,35,35,35,12,12,12,12,13329.924,4321977.0,352318.22,1516.2993,7.5871863,4.021769,2.1964841,0.45361528
2025-12-05T21:25:00,0,0,0,0,0,0,0,21,21,134,134,134,49,49,3070.2485,19.101664,7731.7764,33.341175,6.5648561,1.6825407,3.5610225,,0,0,0,0,134,134,52,49,75.992699,13.518259,2.7042608,0.4800292,0,0,0,0,0,0,0,0,31,31,31,31,11,11,10,11,13015.847,4332919.0,351317.91,1387.2826,8.4264526,4.3165073,1.9606664,0.60522717
2025-12-05T21:20:00,0,0,0,0,0,0,0,24,24,155,155,155,56,56,3282.137,16.004459,7851.5337,31.262079,6.964922,1.3826649,3.6760011,,0,0,0,0,155,155,58,56,69.935234,15.716791,2.9511714,0.49892181,0,0,0,0,0,0,0,0,37,37,37,37,12,12,11,11,13876.18,4329122.0,356229.16,1533.1436,7.3345618,3.5140886,1.91404,0.47370705
2025-12-05T21:15:00,0,0,0,0,0,0,0,25,25,145,145,145,56,56,3303.5964,26.123741,7664.2866,30.507521,6.1354871,1.2590705,3.4904547,,0,0,0,0,145,145,58,56,69.892838,11.336596,2.6679566,0.5134936,0,0,0,0,0,0,0,0,35,35,35,35,12,12,12,12,13851.016,4336136.0,350022.81,1495.6221,8.9602203,3.9289966,1.3801806,0.44224101
2025-12-05T21:10:00,0,0,0,0,0,0,0,21,21,142,142,142,50,50,3261.4597,21.17071,7753.1084,32.147053,6.6369128,1.352888,3.5229349,,0,0,0,0,142,142,53,50,79.742531,11.457029,2.6671889,0.40637848,0,0,0,0,0,0,0,0,33,33,33,33,11,11,11,11,13191.458,4316137.5,352069.47,1589.167,8.4365368,3.6734352,1.4960083,0.45260257
2025-12-05T21:05:00,0,0,0,0,0,0,0,21,21,136,136,136,46,46,3086.3398,15.898786,7726.0122,31.005264,6.7154527,1.3580089,3.4690747,,0,0,0,0,136,136,49,46,73.150055,13.673614,3.271955,0.45403704,0,0,0,0,0,0,0,0,31,31,31,31,10,10,10,10,12765.064,4298805.5,343265.31,1541.5544,10.825632,3.0582304,1.7950256,0.41425508
2025-12-05T21:00:00,0,0,0,0,0,0,0,22,22,133,133,133,50,50,3282.929,13.276202,7666.8716,28.848433,5.4185524,1.4042512,3.4918118,,0,0,0,0,133,133,52,50,53.755653,14.764407,2.8601003,0.42789352,0,0,0,0,0,0,0,0,30,30,30,30,11,11,11,11,13887.129,4324055.0,347832.03,1559.4417,7.874135,4.3953037,1.6385384,0.31013316
2025-12-05T20:55:00,0,0,0,0,0,0,0,21,21,143,143,143,49,49,3073.4424,15.191899,7254.2793,32.938484,6.2503891,1.4631042,3.8802142,,0,0,0,0,143,143,52,49,66.641235,11.748856,2.9862754,0.46793044,0,0,0,0,0,0,0,0,33,33,33,33,10,10,10,10,12852.137,4321397.0,350593.34,1480.0182,5.4202857,3.1264043,1.0707868,0.41216516
2025-12-05T20:50:00,0,0,0,0,0,0,0,23,23,147,147,147,52,52,3044.7234,18.89134,7800.0576,33.001091,6.3617444,1.439177,3.4018786,,0,0,0,0,147,147,54,52,69.595116,13.537873,2.6257772,0.35513696,0,0,0,0,0,0,0,0,34,34,34,34,12,12,12,11,13007.066,4319022.5,352908.13,1445.3663,8.5287781,3.4555585,1.3855251,0.25557035
2025-12-05T20:45:00,0,0,0,0,0,0,0,20,20,121,121,121,45,45,3564.1799,18.49424,7885.5586,31.830412,6.1844854,1.1819549,3.5239604,,0,0,0,0,121,121,47,45,58.96603,12.971056,2.9747229,0.35205045,0,0,0,0,0,0,0,0,26,26,26,26,10,10,9,10,13330.956,4271139.5,341551.59,1467.1732,8.5508137,3.0290644,1.8466775,0.41983664
2025-12-05T20:40:00,0,0,0,0,0,0,0,21,19,113,113,113,41,41,8559.75,12.175967,7446.1191,30.258091,5.442163,1.1162429,3.388123,,0,0,0,0,113,113,44,41,61.921555,14.093189,2.1640882,0.3513301,0,0,0,0,0,0,0,0,28,28,28,28,10,10,10,10,17343.246,4215126.5,340015.66,1517.9377,930.98895,38.536396,9.6578169,98.314316
2025-12-05T20:35:00,0,0,0,0,0,0,0,26,26,159,159,159,58,58,3188.6084,13.411615,7552.0732,34.209061,5.9683876,1.2317699,3.3419132,,0,0,0,0,159,159,60,58,64.122887,12.698911,2.3925431,0.44570738,0,0,0,0,0,0,0,0,37,37,37,37,13,13,13,13,13431.293,4336053.0,359832.69,1536.8927,8.1621571,3.499583,1.7752428,0.35455117
2025-12-05T20:30:00,0,0,0,0,0,0,0,24,24,146,146,146,55,55,3469.4766,17.650661,7793.2773,33.530655,6.0508013,1.1741933,2.448427,,0,0,0,0,146,146,57,55,63.022614,12.617503,2.8199253,0.36943904,0,0,0,0,0,0,0,0,34,34,34,34,12,12,12,11,13274.458,4303498.5,348631.84,1490.8158,6.5861592,3.7047148,1.8552356,0.45666113
2025-12-05T20:25:00,0,0,0,0,0,0,0,19,19,117,117,117,43,43,3549.2068,18.197281,7735.082,30.951031,5.7776871,1.2940931,3.5394247,,0,0,0,0,117,117,46,43,61.98156,13.486562,2.4636285,0.3153142,0,0,0,0,0,0,0,0,26,26,26,26,9,9,9,9,13051.67,4279765.5,344942.13,1406.0959,7.6631665,2.4121668,1.197239,0.43648443
2025-12-05T20:20:00,0,0,0,0,0,0,0,24,24,127,127,127,52,52,3207.3074,19.517651,7729.207,33.04211,6.5705767,0.9541015,2.8878396,,0,0,0,0,127,127,54,52,62.733929,13.224798,2.6866715,0.43502381,0,0,0,0,0,0,0,0,31,31,31,31,12,12,11,11,12981.681,4280289.0,348451.03,1504.2151,9.8080721,2.8660505,1.5109009,0.52763945
2025-12-05T20:15:00,0,0,0,0,0,0,0,24,24,137,137,137,53,53,3062.78,22.514942,7730.8608,30.912909,6.2897587,1.3072714,2.949347,,0,0,0,0,137,137,55,53,52.010101,12.671181,2.8509724,0.30478498,0,0,0,0,0,0,0,0,33,33,33,33,12,12,12,11,12832.255,4243559.0,335060.34,1367.6042,6.9182444,3.4719651,1.2244929,0.43070874
2025-12-05T20:10:00,0,0,0,0,0,0,0,21,21,144,144,144,50,50,3408.5088,20.136354,7869.2158,30.097633,6.7305102,1.3379385,3.4187164,,0,0,0,0,144,144,53,50,64.428246,13.93996,2.208966,0.34119365,0,0,0,0,0,0,0,0,34,34,34,34,11,11,11,11,13400.287,4268288.0,337129.84,1456.8473,7.4946361,4.4488821,1.8849045,0.50865436
2025-12-05T20:05:00,0,0,0,0,0,0,0,26,26,148,148,148,57,57,3075.9805,17.611212,7235.4961,35.832787,6.6861734,1.2389877,3.2655706,,0,0,0,0,148,148,59,57,63.446804,14.699927,2.9922593,0.35007316,0,0,0,0,0,0,0,0,35,35,35,35,13,13,12,13,12907.169,4259949.5,338302.66,1353.9164,7.1865168,3.2430792,1.5668924,0.47284696
2025-12-05T20:00:00,0,0,0,0,0,0,0,21,21,132,132,132,48,48,3137.7053,19.928293,7667.7334,32.457954,6.0745854,1.2651277,2.9244564,,0,0,0,0,132,132,50,48,67.971169,13.026939,2.8077941,0.35917374,0,0,0,0,0,0,0,0,31,31,31,31,11,11,10,9,13032.333,4284138.0,343965.75,1507.75,7.6076689,3.4206047,1.6418686,0.45869583
2025-12-05T19:55:00,0,0,0,0,0,0,0,22,22,148,148,148,51,51,3489.54,17.633499,7855.2017,34.914055,5.4115076,1.0973207,3.6534393,,0,0,0,0,148,148,54,51,60.969589,15.520151,2.0910051,0.34623376,0,0,0,0,0,0,0,0,34,34,34,34,11,11,11,10,13084.741,4321289.5,343440.66,1285.1561,6.5693331,3.6647694,1.1956325,0.33842206
2025-12-05T19:50:00,0,0,0,0,0,0,0,24,24,142,142,142,53,53,3572.0623,18.001883,8070.9736,45.346252,5.6125541,1.0410259,2.4102108,,0,0,0,0,142,142,55,53,165.90581,13.770658,2.6305737,0.2383087,0,0,0,0,0,0,0,0,33,33,33,33,12,12,12,11,13410.795,4248875.5,334709.28,1365.6433,6.7931609,3.7628973,0.88457537,0.37866208
2025-12-05T19:45:00,0,0,0,0,0,0,0,21,21,111,111,111,46,46,3096.6638,21.754959,7860.6411,34.871693,5.4898787,0.90507185,2.2302282,,0,0,0,0,111,111,48,46,128.26018,14.897031,2.4965832,0.19506513,0,0,0,0,0,0,0,0,25,25,25,25,10,10,10,9,12338.234,4222947.5,327380.56,1326.4496,6.6887684,2.7714238,0.92585582,0.24835162
2025-12-05T19:40:00,0,0,0,0,0,0,0,20,20,129,129,129,46,46,3169.6738,16.161743,8349.2881,43.289528,5.1399422,0.99820757,2.2659805,,0,0,0,0,129,129,48,46,172.78314,14.708235,2.0837934,0.28147933,0,0,0,0,0,0,0,0,30,30,30,30,10,10,9,10,11825.986,4217214.0,327734.56,1326.401,7.1799073,1.9450247,1.1484774,0.20524746
2025-12-05T19:35:00,0,0,0,0,0,0,0,24,24,141,141,141,52,52,3490.7971,17.199034,8037.9961,43.557167,4.7882786,0.74224049,2.3908265,,0,0,0,0,141,141,54,52,149.94983,13.446056,2.250303,0.24340506,0,0,0,0,0,0,0,0,33,33,33,33,12,12,12,10,13130.049,4237559.0,326655.25,1256.947,8.5077543,2.6884005,1.4596711,0.27771333
2025-12-05T19:30:00,0,0,0,0,0,0,0,22,22,145,145,145,52,52,3056.2207,17.945028,7379.3882,31.258898,4.9016414,1.1504606,2.5532739,,0,0,0,0,145,145,54,52,113.00616,11.809964,2.3248696,0.16629584,0,0,0,0,0,0,0,0,34,34,34,34,11,11,10,9,12500.9,4230125.5,322635.69,1182.8761,7.2958632,2.6785402,0.98230338,0.18093595
2025-12-05T19:25:00,0,0,0,0,0,0,0,23,23,152,152,152,53,53,3561.7817,15.245049,7925.0967,34.771549,5.6501956,0.78439206,2.1442077,,0,0,0,0,152,152,55,53,110.47009,13.11672,2.6715117,0.20265393,0,0,0,0,0,0,0,0,35,35,35,35,11,11,11,11,12471.761,4250337.0,329598.97,1354.7899,5.0877237,2.4113901,0.84791499,0.22953594
2025-12-05T19:20:00,0,0,0,0,0,0,0,25,25,153,153,153,57,57,3564.4084,17.915644,7876.2378,39.497746,5.1772184,0.89341211,2.4883356,,0,0,0,0,153,153,59,57,93.47052,14.683252,2.1568036,0.21244907,0,0,0,0,0,0,0,0,36,36,36,36,13,13,13,11,12994.043,4225035.5,324310.63,1187.4498,5.3721237,2.1328146,1.0862229,0.23265666
2025-12-05T19:15:00,0,0,0,0,0,0,0,22,22,139,139,139,51,51,3459.2773,17.76993,7506.0796,29.987543,5.8284397,0.90002567,2.75616,,0,0,0,0,139,139,54,51,70.59861,13.407136,2.2468588,0.26511848,0,0,0,0,0,0,0,0,33,33,33,33,10,11,11,10,12405.9,4223669.5,324756.13,1278.4998,6.4697895,2.3621502,0.87318259,0.17708963
2025-12-05T19:10:00,0,0,0,0,0,0,0,21,21,140,140,140,49,49,3451.207,20.453449,7622.7524,33.258556,4.4106612,0.82508343,2.3840785,,0,0,0,0,140,140,51,49,86.113907,14.304206,2.3227696,0.21832147,0,0,0,0,0,0,0,0,33,33,33,33,11,11,11,11,11699.353,4208126.0,313706.63,1190.0486,6.1615748,2.7842295,1.1670045,0.22514531
2025-12-05T19:05:00,0,0,0,0,0,0,0,23,23,107,107,107,49,49,3470.6714,19.424887,7688.4502,33.504215,5.7035546,0.92794222,2.3218272,,0,0,0,0,107,107,51,49,93.872475,13.446527,2.2557628,0.21124141,0,0,0,0,0,0,0,0,25,25,25,25,12,12,11,11,11729.932,4208126.5,308748.47,1118.6833,5.1431255,2.5824966,1.0122043,0.2843428
2025-12-05T19:00:00,0,0,0,0,0,0,0,22,22,144,144,144,51,51,3573.0295,16.945539,7719.0098,31.839546,5.7711954,0.71649539,2.7213628,,0,0,0,0,144,144,53,51,88.45916,12.792352,2.425879,0.20125262,0,0,0,0,0,0,0,0,34,34,34,34,11,11,11,9,13156.56,4220249.0,316587.09,1217.8807,4.9917722,2.3075514,1.1274946,0.25872678
2025-12-05T18:55:00,0,0,0,0,0,0,0,24,24,145,145,145,54,54,3632.7371,13.115034,7466.5923,31.753134,5.5216441,0.89356202,2.3782518,,0,0,0,0,145,145,56,54,76.183815,13.879303,2.245024,0.14004967,0,0,0,0,0,0,0,0,34,34,34,34,12,12,12,10,12143.555,4234041.0,327016.88,1254.7173,5.215764,2.9338672,1.2228845,0.21833682
2025-12-05T18:50:00,0,0,0,0,0,0,0,25,25,150,150,150,56,56,3461.0334,18.796993,7743.8311,34.235294,6.0060163,0.69546819,2.5934849,,0,0,0,0,150,150,58,56,72.811348,12.702872,2.0781126,0.16160063,0,0,0,0,0,0,0,0,35,35,35,35,12,12,12,11,12472.821,4235083.5,328665.22,1304.2246,5.6171932,2.5740948,0.79913914,0.2230462
2025-12-05T18:45:00,0,0,0,0,0,0,0,21,21,124,124,124,48,48,3595.2612,15.246625,7828.79,35.425457,5.6344538,1.032849,1.7996415,,0,0,0,0,124,124,51,48,74.308922,14.549572,2.6007137,0.1711531,0,0,0,0,0,0,0,0,29,29,29,29,11,11,11,10,13208.215,4242530.5,327127.59,1239.8988,5.0752139,1.8708807,1.2274603,0.3205241
2025-12-05T18:40:00,0,0,0,0,0,0,0,24,24,155,155,155,56,56,3435.1099,14.880952,7275.2271,38.115471,4.8579292,0.84742302,2.2025158,,0,0,0,0,155,155,58,56,77.490257,15.011168,2.1607585,0.18568043,0,0,0,0,0,0,0,0,37,37,37,37,12,12,11,10,12648.526,4263439.0,332976.47,1349.703,5.5261426,2.168983,1.1271999,0.21972549
2025-12-05T18:35:00,0,0,0,0,0,0,0,25,25,147,147,147,56,56,3653.0039,18.395332,7816.5654,36.622559,5.1946311,0.8097735,2.253526,,0,0,0,0,147,147,58,56,77.654129,12.692632,2.2672286,0.13871701,0,0,0,0,0,0,0,0,35,35,35,35,12,12,11,11,12809.356,4232060.0,330289.88,1326.4497,5.7069373,2.4954157,1.1711901,0.24023546
2025-12-05T18:30:00,0,0,0,0,0,0,0,17,17,100,100,100,38,38,3294.6609,15.522574,7726.5488,31.94787,5.6839156,0.83966511,2.6636333,,0,0,0,0,100,100,41,38,77.015373,13.524712,2.7510138,0.14072582,0,0,0,0,0,0,0,0,22,22,22,22,9,7,8,7,11685.026,4241540.5,329353.97,1354.2166,6.0312362,2.679872,0.89174551,0.16635817
2025-12-05T18:25:00,0,0,0,0,0,0,0,25,25,146,146,146,55,55,3724.4177,23.092995,7540.2031,32.774345,4.5913138,0.68427175,2.5547812,,0,0,0,0,146,146,58,55,72.410881,11.784758,1.8400996,0.19563076,0,0,0,0,0,0,0,0,34,34,34,34,12,12,11,11,13452.164,4272139.0,337557.97,1366.2366,6.003283,2.5552847,1.1934086,0.19771907
2025-12-05T18:20:00,0,0,0,0,0,0,0,24,24,148,148,148,55,55,3211.0381,16.604469,7505.4419,28.356588,4.3705649,0.85813481,2.5122671,,0,0,0,0,148,148,57,55,71.344292,11.907214,1.9495031,0.17722057,0,0,0,0,0,0,0,0,35,35,35,35,12,12,11,11,12890.409,4251919.5,336364.41,1437.073,5.5255599,2.3777797,0.86010504,0.17378151
2025-12-05T18:15:00,0,0,0,0,0,0,0,21,21,143,143,143,49,49,3224.5911,18.034826,7752.6123,31.525537,4.8767962,0.7742039,1.9163127,,0,0,0,0,143,143,52,49,61.561131,13.108485,2.0924647,0.14194687,0,0,0,0,0,0,0,0,33,33,33,33,10,9,9,8,12031.559,4236603.5,327775.97,1316.6891,7.7063627,3.204906,0.70004249,0.18568781
2025-12-05T18:10:00,0,0,0,0,0,0,0,23,23,121,121,121,50,50,3506.0061,16.110498,7736.2603,37.119453,4.2844105,0.74717003,1.6739674,,0,0,0,0,121,121,52,50,97.97699,11.207747,2.0865457,0.17803237,0,0,0,0,0,0,0,0,28,28,28,28,12,11,11,12,13191.152,4228610.5,334270.75,1504.0116,7.0514436,2.2585862,1.0030003,0.23013173
2025-12-05T18:05:00,0,0,0,0,0,0,0,20,20,115,115,115,44,44,3101.0125,16.361809,7158.3003,43.04372,5.4719248,0.7336219,1.990514,,0,0,0,0,115,115,46,44,102.65253,13.808548,2.294276,0.153786,0,0,0,0,0,0,0,0,25,25,25,25,10,10,10,10,11978.464,4210756.0,321687.66,1422.1948,5.7779388,2.8859,1.0070288,0.16173689
2025-12-05T18:00:00,0,0,0,0,0,0,0,19,19,130,130,130,44,44,3059.6423,22.430899,7808.7583,39.799,3.9721363,0.51790702,2.2644892,,0,0,0,0,130,130,47,44,114.00826,11.2756,1.9063504,0.20706858,0,0,0,0,0,0,0,0,30,30,30,30,9,9,8,9,12249.331,4217285.0,330480.53,1428.0752,4.9736142,2.3987627,0.59096706,0.17139439
2025-12-05T17:55:00,0,0,0,0,0,0,0,26,26,155,155,155,58,58,3329.54,16.33987,7771.2568,36.0723,5.3545513,0.60702884,2.20596,,0,0,0,0,155,155,60,58,87.933716,13.053161,1.9577403,0.13368148,0,0,0,0,0,0,0,0,36,36,36,36,13,13,12,9,12938.116,4247127.0,336923.09,1374.6716,5.8149624,3.0859954,1.2111129,0.21892779
2025-12-05T17:50:00,0,0,0,0,0,0,0,24,24,146,146,146,55,55,3434.8708,17.395338,7499.3872,37.71973,6.1060033,0.89694595,1.4088129,,0,0,0,0,146,146,57,55,90.627602,12.570916,2.3948932,0.19516085,0,0,0,0,0,0,0,0,34,34,34,34,12,12,11,9,13222.313,4241339.5,337012.94,1370.1183,5.9949489,2.0588808,0.64999235,0.20155981
2025-12-05T17:45:00,0,0,0,0,0,0,0,21,21,145,145,145,50,50,3513.4944,13.322837,7640.7324,36.591518,5.9287271,0.88051862,2.1075039,,0,0,0,0,145,145,53,50,97.981873,12.742419,2.1912904,0.13836889,0,0,0,0,0,0,0,0,34,34,34,34,11,10,10,11,12455.906,4222143.0,329532.69,1223.6765,4.8659964,2.1678114,0.65790069,0.21523476
2025-12-05T17:40:00,0,0,0,0,0,0,0,26,26,158,158,158,58,58,3359.9829,16.089769,7725.2295,34.312424,5.7737637,0.77974159,2.2681077,,0,0,0,0,158,158,60,58,85.985367,13.539985,2.0671566,0.20310465,0,0,0,0,0,0,0,0,37,37,37,37,13,13,13,12,12560.828,4239268.0,328912.75,1218.0968,6.75172,2.0858309,1.0274175,0.18379314
2025-12-05T17:35:00,0,0,0,0,0,0,0,22,22,136,136,136,49,49,3808.8379,19.690153,7732.2871,32.111359,5.6880937,0.863078,2.6180348,,0,0,0,0,136,136,51,49,77.22541,14.387384,2.1201408,0.17336166,0,0,0,0,0,0,0,0,32,32,32,32,11,11,11,11,13582.849,4243271.0,327793.31,1232.548,5.4198756,3.1772673,0.96510357,0.20942716
2025-12-05T17:30:00,0,0,0,0,0,0,0,19,19,110,110,110,42,42,3047.2224,23.242628,7281.2993,31.59407,4.9155912,0.603944,1.7646661,,0,0,0,0,110,110,45,42,75.30397,13.054429,2.0296242,0.15556552,0,0,0,0,0,0,0,0,25,25,25,25,9,9,8,8,12121.914,4274479.5,339949.28,1464.5765,4.9469252,3.0638845,1.0359145,0.25632417
2025-12-05T17:25:00,0,0,0,0,0,0,0,22,22,126,126,126,48,48,3135.8201,24.787535,7811.9639,32.090874,5.3128462,0.91873342,1.9527949,,0,0,0,0,126,126,50,48,71.471016,12.617014,1.8446651,0.13828957,0,0,0,0,0,0,0,0,29,29,29,29,11,11,11,9,12115.765,4232629.5,335045.63,1329.2875,5.3114104,2.4889574,0.79426014,0.26853767
2025-12-05T17:20:00,0,0,0,0,0,0,0,21,21,136,136,136,49,49,3520.6072,18.983471,7908.4639,29.437078,5.5134234,0.76798248,2.2077684,,0,0,0,0,136,136,51,49,68.869232,11.508341,1.7174302,0.1944073,0,0,0,0,0,0,0,0,31,31,31,31,11,10,11,10,13385.247,4247662.0,331296.0,1226.3375,5.8955221,2.598671,0.85865355,0.21275023
2025-12-05T17:15:00,0,0,0,0,0,0,0,20,20,127,127,127,45,45,3064.6548,23.844727,7414.8711,28.700239,4.4089694,0.68851364,1.8278993,,0,0,0,0,127,127,48,45,71.904243,10.878184,1.5335687,0.15703456,0,0,0,0,0,0,0,0,29,29,29,29,10,9,10,9,12069.996,4240041.0,333211.19,1202.3489,5.383184,2.5258591,0.76597691,0.196435
2025-12-05T17:10:00,0,0,0,0,0,0,0,26,26,155,155,155,58,58,3191.3325,15.818828,7766.0229,27.667692,5.4735928,0.63666934,2.3146768,,0,0,0,0,155,155,60,58,75.281555,12.914452,2.3403053,0.15562627,0,0,0,0,0,0,0,0,37,37,37,37,13,13,12,10,13152.16,4278890.0,344680.97,1320.6038,5.853847,2.3065434,0.8772648,0.2039154
2025-12-05T17:05:00,0,0,0,0,0,0,0,23,23,142,142,142,53,53,2934.5559,18.784155,7698.6299,32.529198,4.6443844,0.51369059,2.0842547,,0,0,0,0,142,142,55,53,75.620628,11.208252,2.1820002,0.13975132,0,0,0,0,0,0,0,0,33,33,33,33,10,11,11,10,12958.106,4295939.5,342222.47,1328.8038,6.9953547,3.0721745,0.92501628,0.20854697
2025-12-05T17:00:00,0,0,0,0,0,0,0,22,22,145,145,145,52,52,3594.9692,20.465813,7647.3872,32.241508,5.3408613,0.70000178,2.2519724,,0,0,0,0,145,145,54,52,70.863983,12.137721,2.0065212,0.17145523,0,0,0,0,0,0,0,0,35,35,35,35,11,11,11,10,13943.012,4306286.5,345996.41,1261.4204,6.7427325,2.2137961,0.81401694,0.15712927
2025-12-05T16:55:00,0,0,0,0,0,0,0,26,26,153,153,153,57,57,3419.3118,25.34347,7507.3906,26.61311,5.1132078,1.0001403,1.6942295,,0,0,0,0,153,153,59,57,78.149628,13.489689,1.6508181,0.18930626,0,0,0,0,0,0,0,0,36,36,36,36,13,12,11,12,12508.261,4223843.0,330165.47,1200.03,4.7297392,2.1446791,0.72314841,0.17799693
2025-12-05T16:50:00,0,0,0,0,0,0,0,20,20,112,112,112,45,45,3175.3335,15.337423,7778.7441,26.185589,4.7297902,0.82421559,1.7353219,,0,0,0,0,112,112,47,45,74.437637,11.707192,1.6791723,0.15077229,0,0,0,0,0,0,0,0,26,26,26,26,10,10,10,8,12447.296,4261934.0,333697.75,1238.7214,4.3134842,3.0061669,0.96122384,0.15405643
2025-12-05T16:45:00,0,0,0,0,0,0,0,21,21,139,139,139,48,48,3462.2417,18.230776,7693.1914,29.080809,5.2462397,0.52419037,2.9689476,,0,0,0,0,139,139,50,48,63.485909,10.384553,2.2006962,0.17995235,0,0,0,0,0,0,0,0,31,31,31,31,10,10,10,6,12985.441,4226379.0,325336.56,1195.6328,5.8607883,2.1732118,0.70940298,0.12964883
2025-12-05T16:40:00,0,0,0,0,0,0,0,25,25,151,151,151,57,57,3183.573,18.030554,7363.4526,29.333334,4.5656772,0.76034129,2.0194757,,0,0,0,0,151,151,59,57,74.293579,14.11546,2.3116012,0.12340333,0,0,0,0,0,0,0,0,36,36,36,36,12,12,13,11,12528.522,4238161.5,331522.97,1254.1749,5.0882654,2.2434232,0.68775362,0.14191256
2025-12-05T16:35:00,0,0,0,0,0,0,0,24,24,139,139,139,52,52,3405.3303,20.525454,7727.2803,28.319887,5.2685194,0.65185004,2.3812211,,0,0,0,0,139,139,54,52,76.173157,12.312864,1.9899328,0.14321984,0,0,0,0,0,0,0,0,33,33,33,33,12,12,11,10,12730.558,4274108.0,336038.59,1271.3555,5.4323559,2.6317756,1.1712121,0.21815825
2025-12-05T16:30:00,0,0,0,0,0,0,0,36,36,149,149,149,71,71,3427.3291,15.749778,7812.229,32.467129,4.9935441,0.73134613,1.6824679,,0,0,0,0,149,149,71,71,76.848755,11.453052,1.7213228,0.094018735,0,0,0,0,0,0,0,0,36,36,36,36,18,18,14,15,11805.17,4258877.5,339391.59,1397.0337,6.0574589,2.6934061,1.0615634,0.20295388
2025-12-05T16:25:00,0,0,0,0,0,0,0,33,33,161,161,161,69,69,3600.0547,15.951992,7646.3091,28.770863,4.8594756,0.70560539,1.8992002,,0,0,0,0,161,161,70,69,69.972572,12.965332,2.0794196,0.095956981,0,0,0,0,0,0,0,0,39,39,39,39,15,13,14,12,13683.748,4271797.5,342603.47,1401.6729,6.1823373,2.6233482,0.58757591,0.21294457
2025-12-05T16:20:00,0,0,0,0,0,0,0,28,28,131,131,131,59,59,3260.2388,19.7229,7646.9448,31.21736,4.6173992,0.68106961,2.3897147,,0,0,0,0,131,131,59,59,67.140312,13.315771,2.070117,0.12799329,0,0,0,0,0,0,0,0,33,33,33,33,14,14,12,11,12929.991,4307918.5,352636.59,1441.6925,6.849884,2.3349104,1.077022,0.2149592
2025-12-05T16:15:00,0,0,0,0,0,0,0,39,39,171,171,171,81,81,3416.1104,18.719669,7737.9351,32.796452,4.930512,0.67739016,2.3757091,,0,0,0,0,171,171,81,81,63.223408,11.746732,2.2543652,0.1714372,0,0,0,0,0,0,0,0,42,42,42,42,17,19,17,16,12377.216,4263933.0,334425.56,1296.0476,6.9862485,2.2587485,1.1341232,0.18833061
2025-12-05T16:10:00,0,0,0,0,0,0,0,37,37,141,141,141,72,72,3588.8438,15.140898,7616.4907,30.543077,5.9164748,0.60235506,2.0141618,,0,0,0,0,141,141,72,72,62.478626,10.688375,1.9331801,0.16507864,0,0,0,0,0,0,0,0,35,35,35,35,19,17,18,14,13204.599,4270112.5,341578.0,1326.1672,5.9743552,2.2595909,0.97468901,0.14768611
2025-12-05T16:05:00,0,0,0,0,0,0,0,39,39,167,167,167,80,80,3261.7664,17.498678,7268.3477,35.252575,5.3938184,0.88069516,2.7639453,,0,0,0,0,167,167,80,80,76.617531,12.669539,1.7168838,0.15141837,0,0,0,0,0,0,0,0,42,42,42,42,20,19,16,16,12286.176,4267058.0,336393.88,1277.9319,5.1518798,2.4764988,0.74445665,0.16282469
2025-12-05T16:00:00,0,0,0,0,0,0,0,34,34,125,125,125,66,66,3393.4407,17.444477,8161.001,32.070309,4.7876854,0.79614532,2.5039239,,0,0,0,0,125,125,67,66,72.385414,12.607515,2.458245,0.15584673,0,0,0,0,0,0,0,0,32,32,32,32,17,14,16,14,11524.478,4285638.0,347876.28,1338.0039,5.4508648,2.4917483,0.8876214,0.19587933
2025-12-05T15:50:00,0,0,0,0,0,0,0,17,17,96,96,96,38,38,3259.7402,14.239332,7440.0122,36.15427,5.5843811,0.62859756,2.5273471,,0,0,0,0,96,96,41,38,81.909508,14.299722,2.0197797,0.1278315,0,0,0,0,0,0,0,0,21,21,21,21,9,8,8,9,12000.234,4225094.5,325424.78,1236.9973,5.265532,2.6708374,1.1575724,0.14359735
2025-12-05T15:45:00,0,0,0,0,0,0,0,25,25,146,146,146,55,55,3343.2036,20.244139,7650.8125,33.456841,5.255775,0.66703439,2.2682831,,0,0,0,0,146,146,58,55,72.592751,12.8156,1.7455525,0.1573519,0,0,0,0,0,0,0,0,35,35,35,35,12,12,10,12,12646.161,4243574.5,332764.03,1298.0159,6.6878037,2.1702418,1.0425864,0.23087573
2025-12-05T15:40:00,0,0,0,0,0,0,0,24,24,144,144,144,55,55,3205.4558,15.343093,7711.042,33.815395,4.893259,0.77708006,2.2749686,,0,0,0,0,144,144,57,55,74.443054,13.032638,1.9665332,0.1940338,0,0,0,0,0,0,0,0,35,35,35,35,12,11,12,10,12773.482,4227506.0,333691.78,1372.8717,6.4956679,2.4044232,1.0744313,0.21930224
2025-12-05T15:35:00,0,0,0,0,0,0,0,21,21,143,143,143,49,49,3914.4753,24.07605,7669.2285,31.278229,5.7838845,0.8448,2.761301,,0,0,0,0,143,143,52,49,71.768524,13.161501,2.000716,0.11110366,0,0,0,0,0,0,0,0,33,33,33,33,9,10,10,8,13495.898,4227952.0,335030.81,1328.9952,6.3782768,2.3102946,0.9572807,0.14470494
2025-12-05T15:30:00,0,0,0,0,0,0,0,19,19,123,123,123,42,42,3180.5681,18.271198,7389.1299,31.977264,5.7870221,0.78620613,2.5056145,,0,0,0,0,123,123,44,42,76.667145,13.286977,1.8931803,0.15657586,0,0,0,0,0,0,0,0,27,27,27,27,9,10,8,9,11824.225,4230802.0,332386.16,1291.985,5.8900733,2.4576616,1.0109087,0.22168678
2025-12-05T15:25:00,0,0,0,0,0,0,0,22,22,135,135,135,50,50,3032.4165,20.767462,7956.3481,34.81707,5.1105218,0.8014943,2.4588184,,0,0,0,0,135,135,52,50,74.844421,12.498178,1.9966222,0.15717565,0,0,0,0,0,0,0,0,31,31,31,31,11,10,11,10,12628.519,4239758.5,336159.91,1377.2489,5.415556,3.1069262,0.85172933,0.18763177
2025-12-05T15:20:00,0,0,0,0,0,0,0,21,21,143,143,143,49,49,3499.6904,15.117158,7819.5786,36.966091,4.9247985,0.8177712,2.0283878,,0,0,0,0,143,143,52,49,81.843102,15.303618,2.1536081,0.13370061,0,0,0,0,0,0,0,0,33,33,33,33,10,10,10,9,13735.071,4266102.0,336963.94,1381.0914,8.1467752,3.3961146,1.3138483,0.10923537
2025-12-05T15:15:00,0,0,0,0,0,0,0,24,24,140,140,140,53,53,3218.7185,15.321953,7325.6069,30.340908,5.6119637,0.64769053,2.0829997,,0,0,0,0,140,140,55,53,79.126122,13.196835,2.3336086,0.13960749,0,0,0,0,0,0,0,0,32,32,32,32,12,12,11,10,12504.84,4288876.5,341793.56,1350.4084,7.5181227,2.9861529,0.81237668,0.20895877
2025-12-05T15:10:00,0,0,0,0,0,0,0,20,20,96,96,96,42,42,3309.4495,14.474441,7786.1504,29.781414,4.7488065,0.89203197,2.602551,,0,0,0,0,96,96,44,42,75.662567,12.08427,2.1662002,0.13527627,0,0,0,0,0,0,0,0,22,22,22,22,10,10,10,8,12262.869,4253884.0,340493.78,1377.2898,6.4336205,2.8051014,1.2465653,0.16400093
2025-12-05T15:05:00,0,0,0,0,0,0,0,21,21,132,132,132,49,49,3427.3,17.107733,7638.8071,33.323963,4.9424419,0.75675428,2.3114743,,0,0,0,0,132,132,52,49,71.258347,12.161559,2.3339388,0.15507586,0,0,0,0,0,0,0,0,32,32,32,32,10,10,11,11,12702.263,4267842.0,339181.38,1413.785,6.859386,3.2499545,1.0929799,0.19204311
2025-12-05T15:00:00,0,0,0,0,0,0,0,26,26,154,154,154,58,58,3424.4666,18.757502,7616.7148,33.737503,5.2608776,0.81157994,1.8350664,,0,0,0,0,154,154,60,58,76.142967,11.398185,1.7471441,0.19526081,0,0,0,0,0,0,0,0,37,37,37,37,11,12,12,12,13259.219,4227746.0,325311.72,1235.0385,5.7896714,3.2833951,0.49102458,0.18379314
2025-12-05T14:55:00,0,0,0,0,0,0,0,24,24,127,127,127,52,52,3035.0339,20.518101,7548.5264,36.131451,4.9948268,0.71878618,2.0687156,,0,0,0,0,127,127,54,52,82.401695,13.5797,1.5697638,0.14864559,0,0,0,0,0,0,0,0,31,31,31,31,12,11,12,12,12470.782,4239046.5,333484.25,1313.5428,6.0125556,2.5413461,0.69021267,0.18342367
2025-12-05T14:50:00,0,0,0,0,0,0,0,17,17,112,112,112,39,39,3432.7546,21.642229,7852.6978,35.790882,4.3820324,0.58286595,2.0050592,,0,0,0,0,112,112,42,39,74.33223,12.830647,1.6380469,0.14649071,0,0,0,0,0,0,0,0,25,25,25,25,9,9,8,8,11856.938,4248391.5,335342.53,1445.3551,8.0026779,2.6563866,1.0906162,0.13711552
2025-12-05T14:45:00,0,0,0,0,0,0,0,26,26,152,152,152,58,58,3424.564,21.956699,7624.2026,37.092342,5.3313174,0.72458076,2.7414765,,0,0,0,0,152,152,60,58,82.243294,11.886821,1.5767012,0.16899335,0,0,0,0,0,0,0,0,36,36,36,36,13,13,12,12,13935.617,4290872.0,348804.47,1519.0247,7.1122828,3.0919609,1.2994153,0.27671117
2025-12-05T14:40:00,0,0,0,0,0,0,0,23,23,143,143,143,54,54,2977.0396,18.825712,7139.9814,32.712337,5.5833354,0.85389423,2.1003013,,0,0,0,0,143,143,56,54,71.624146,11.606321,1.9074485,0.13217202,0,0,0,0,0,0,0,0,34,34,34,34,12,12,12,10,12938.18,4269101.0,344091.09,1456.1622,7.2151179,2.8763101,1.3731567,0.22576423
2025-12-05T14:35:00,0,0,0,0,0,0,0,17,17,107,107,107,38,38,3058.6536,19.235388,7642.5537,28.063789,4.6814432,0.39537337,1.9858804,,0,0,0,0,107,107,41,38,83.215294,12.406984,1.9154732,0.1587234,0,0,0,0,0,0,0,0,23,23,23,23,8,8,7,7,11793.303,4242612.5,340800.94,1557.0513,5.8762393,2.1442778,1.0650975,0.13711551
2025-12-05T14:30:00,0,0,0,0,0,0,0,22,22,108,108,108,47,47,3450.0466,17.578461,7868.8447,32.779781,4.8183575,0.98221058,2.4601662,,0,0,0,0,108,108,49,47,76.029495,11.950658,2.0057731,0.1506716,0,0,0,0,0,0,0,0,25,25,25,25,11,11,9,10,13456.587,4283740.5,343678.97,1549.8562,6.1326017,2.7564893,1.0851203,0.2016653
2025-12-05T14:25:00,0,0,0,0,0,0,0,23,23,140,140,140,53,53,2984.2134,18.156853,7316.5244,33.268646,5.6955967,0.8540231,2.5768054,,0,0,0,0,140,140,55,53,77.976196,15.442115,2.0312088,0.1385794,0,0,0,0,0,0,0,0,34,34,34,34,11,10,10,10,13363.91,4257522.5,346325.16,1545.766,6.5965304,2.4775217,0.79417861,0.19253647
2025-12-05T14:20:00,0,0,0,0,0,0,0,22,22,148,148,148,52,52,3142.7673,19.156675,7701.2124,33.839626,5.1751008,0.81596732,2.50506,,0,0,0,0,148,148,54,52,93.20237,14.443198,2.2536683,0.20979008,0,0,0,0,0,0,0,0,35,35,35,35,10,10,10,10,13051.297,4296069.0,350131.66,1484.9183,5.3390207,2.675669,1.4199096,0.21163483
2025-12-05T14:15:00,0,0,0,0,0,0,0,24,24,114,114,114,50,50,2923.8435,20.444349,7622.5527,35.871185,5.2256312,0.70801342,2.4136634,,0,0,0,0,114,114,52,50,107.09795,15.113763,2.0899282,0.13351667,0,0,0,0,0,0,0,0,28,28,28,28,12,11,12,12,12427.386,4302258.0,348124.81,1459.1306,7.8211493,2.7639675,0.68353546,0.1327395
2025-12-05T14:10:00,0,0,0,0,0,0,0,20,20,119,119,119,46,46,3471.1262,16.550331,7805.5723,41.55619,5.6442909,0.804802,2.5360768,,0,0,0,0,119,119,48,46,117.10077,12.955729,2.6699014,0.13135558,0,0,0,0,0,0,0,0,27,27,27,27,10,9,9,8,13366.847,4252370.5,339487.41,1282.1086,4.9594011,2.1357841,1.310493,0.13554549
2025-12-05T14:05:00,0,0,0,0,0,0,0,23,23,148,148,148,53,53,3064.1057,22.526966,7495.6865,37.990372,4.6845589,0.73442775,2.4031448,,0,0,0,0,148,148,55,53,114.03461,14.908954,2.2871854,0.12615536,0,0,0,0,0,0,0,0,35,35,35,35,11,10,11,11,12491.332,4227432.5,334699.66,1383.6522,5.3745804,2.4854267,0.98332828,0.2139163
2025-12-05T14:00:00,0,0,0,0,0,0,0,23,23,139,139,139,52,52,3075.9788,17.528343,7813.8159,37.42524,5.4905224,0.77082139,2.4481535,,0,0,0,0,139,139,54,52,103.80537,14.944434,1.8608408,0.17843923,0,0,0,0,0,0,0,0,33,33,33,33,12,12,12,11,12492.734,4242703.0,334792.78,1424.353,6.0189996,1.7631533,1.2461059,0.15029971
2025-12-05T13:55:00,0,0,0,0,0,0,0,18,18,97,97,97,39,39,3491.5107,21.688118,7908.1455,34.866257,4.5357938,0.90206385,1.9384917,,0,0,0,0,97,97,42,39,104.96963,13.008397,1.9701731,0.17297998,0,0,0,0,0,0,0,0,21,21,21,21,9,9,8,9,12820.753,4279475.0,355067.16,1600.048,4.8142076,2.1652627,1.1983169,0.25846517
2025-12-05T13:50:00,0,0,0,0,0,0,0,21,21,120,120,120,47,47,2774.0208,23.849777,7483.3613,44.865952,5.6586108,0.55524087,2.1003699,,0,0,0,0,120,120,49,47,105.60632,15.071595,1.959455,0.09815526,0,0,0,0,0,0,0,0,28,28,28,28,11,11,9,10,12472.702,4277216.5,348888.81,1280.9055,5.2996368,1.4857224,0.72564667,0.19447103
2025-12-05T13:45:00,0,0,0,0,0,0,0,25,25,150,150,150,57,57,2930.7969,16.278843,7669.8721,41.728817,5.2795405,0.6905213,1.8956165,,0,0,0,0,150,150,59,57,109.19313,15.932289,1.7391092,0.14739412,0,0,0,0,0,0,0,0,36,36,36,36,12,13,13,10,12588.935,4249502.0,325887.0,1023.8445,4.6649666,2.2324936,1.0151553,0.16569987
2025-12-05T13:40:00,0,0,0,0,0,0,0,22,22,132,132,132,50,50,3035.543,17.460154,7797.167,43.373928,5.1277804,0.80719012,2.2440615,,0,0,0,0,132,132,52,50,113.6497,15.135472,2.3039832,0.1130235,0,0,0,0,0,0,0,0,32,32,32,32,10,11,9,11,11725.296,4208126.0,296250.63,827.43542,4.7891927,2.543684,1.1153697,0.31414077
2025-12-05T13:35:00,0,0,0,0,0,0,0,24,24,155,155,155,55,55,3271.6047,18.873951,7699.3433,44.941833,5.5077076,0.8352018,1.6176083,,0,0,0,0,155,155,57,55,116.11384,13.488008,1.7739571,0.11637996,0,0,0,0,0,0,0,0,36,36,36,36,12,11,11,12,12714.419,4206143.5,305355.03,951.88647,5.8033481,2.412698,0.91228217,0.14763495
2025-12-05T13:30:00,0,0,0,0,0,0,0,25,25,150,150,150,56,56,2932.0325,17.624846,7915.2544,40.344891,4.8908005,0.87945199,1.9148799,,0,0,0,0,150,150,58,56,160.39359,13.071457,1.8643996,0.19403265,0,0,0,0,0,0,0,0,35,35,35,35,12,10,11,8,12666.665,4242751.0,326037.31,1103.8301,4.9448647,2.0802336,0.69780129,0.11788899
2025-12-05T13:25:00,0,0,0,0,0,0,0,21,21,144,144,144,50,50,2794.5532,20.576744,8158.4937,57.902702,5.1103382,0.49875331,1.6870606,,0,0,0,0,144,144,53,50,182.18498,16.626505,1.9869422,0.10505133,0,0,0,0,0,0,0,0,33,33,33,33,11,11,11,11,12038.321,4223589.5,316357.19,1050.7186,4.6715517,1.9678544,0.68385166,0.16629754
2025-12-05T13:20:00,0,0,0,0,0,0,0,24,24,157,157,157,56,56,3227.6501,18.813223,7805.0537,44.1273,5.1617522,0.76612055,1.762424,,0,0,0,0,157,157,58,56,122.04369,15.554961,2.2424641,0.14537419,0,0,0,0,0,0,0,0,37,37,37,37,12,12,10,11,12956.175,4221838.5,317974.09,985.35889,5.0516195,2.2404416,0.64166266,0.20063797
2025-12-05T13:15:00,0,0,0,0,0,0,0,25,25,149,149,149,56,56,3119.3494,23.648067,7369.8794,43.758312,5.9354186,0.84509403,2.1008313,,0,0,0,0,149,149,58,56,118.2075,14.065659,2.0837843,0.21845667,0,0,0,0,0,0,0,0,35,35,35,35,12,11,12,10,12580.035,4242818.0,330233.06,1194.4003,6.0757155,2.5544851,0.92553288,0.20463768
2025-12-05T13:10:00,0,0,0,0,0,0,0,21,21,144,144,144,50,50,3227.2791,20.857164,7740.4492,40.960411,4.8534055,0.56200475,1.5902615,,0,0,0,0,144,144,53,50,115.11961,14.989594,1.9315814,0.1501357,0,0,0,0,0,0,0,0,33,33,33,33,11,11,9,10,12346.868,4246801.5,332755.81,1228.7921,5.9562035,2.3715796,0.90459287,0.1911578
2025-12-05T13:05:00,0,0,0,0,0,0,0,25,25,158,158,158,56,56,2897.8325,23.114574,8020.0864,41.795841,4.7034206,0.62956721,2.1035991,,0,0,0,0,158,158,59,56,123.34437,13.085086,1.992864,0.17254846,0,0,0,0,0,0,0,0,37,37,37,37,12,11,11,11,12876.077,4264782.0,335285.03,1317.7485,4.8941398,2.5660238,1.103555,0.13711554
2025-12-05T13:00:00,0,0,0,0,0,0,0,24,24,148,148,148,55,55,3138.0669,12.08092,7653.2998,39.27401,5.3201208,0.70543808,2.00775,,0,0,0,0,148,148,57,55,115.28049,14.063836,2.0409279,0.10966469,0,0,0,0,0,0,0,0,35,35,35,35,11,12,11,10,12873.551,4249978.5,333862.84,1373.9128,5.4596677,2.6827826,1.114053,0.16395159
2025-12-05T12:55:00,0,0,0,0,0,0,0,21,21,143,143,143,49,49,3019.6638,18.821707,7861.8652,42.899296,5.7476788,0.83009255,1.6505127,,0,0,0,0,143,143,52,49,123.16884,14.062375,2.4417021,0.12541762,0,0,0,0,0,0,0,0,33,33,33,33,10,9,10,8,12609.38,4254736.5,340412.53,1394.6129,5.7517881,2.2115724,0.67693412,0.13711552
2025-12-05T12:50:00,0,0,0,0,0,0,0,25,25,158,158,158,57,57,2987.0488,20.581615,7899.0952,42.943859,5.1596317,0.79478264,2.1751752,,0,0,0,0,158,158,59,57,139.22618,15.516301,2.0542867,0.091177769,0,0,0,0,0,0,0,0,37,37,37,37,12,11,12,12,12504.834,4243255.5,329698.91,1225.4283,6.3048072,1.7865849,1.0796944,0.27089581
2025-12-05T12:45:00,0,0,0,0,0,0,0,24,24,148,148,148,55,55,3398.1377,18.435022,7873.0835,42.637665,5.4029908,0.67128432,2.1481607,,0,0,0,0,148,148,57,55,127.30416,12.334868,1.9496907,0.094704196,0,0,0,0,0,0,0,0,35,35,35,35,11,11,11,9,13721.756,4249763.0,337251.63,1350.5614,6.2920232,2.2443564,0.97948885,0.20826481
2025-12-05T12:40:00,0,0,0,0,0,0,0,21,21,143,143,143,49,49,3301.3967,25.29315,7468.2627,41.682819,4.7007303,0.94187081,2.1331649,,0,0,0,0,143,143,52,49,127.37185,11.663436,1.8878627,0.14454439,0,0,0,0,0,0,0,0,33,33,33,33,10,10,9,10,12378.35,4224471.5,322069.13,1302.0476,5.1106834,1.7760167,0.88418549,0.16346805
2025-12-05T12:35:00,0,0,0,0,0,0,0,28,28,146,146,146,60,60,3037.9382,22.526388,8041.4414,38.304226,5.0519028,0.62690181,1.9704514,,0,0,0,0,146,146,61,60,111.81924,13.073452,2.1915457,0.16892864,0,0,0,0,0,0,0,0,35,35,35,35,14,14,13,12,11862.927,4234446.5,323880.75,1376.1349,7.3276758,2.3810501,0.98690534,0.20603222
2025-12-05T12:30:00,0,0,0,0,0,0,0,43,43,173,173,173,86,86,3245.5713,20.229469,7916.9971,42.397511,5.2151003,0.72023034,2.0884058,,0,0,0,0,173,173,86,86,109.7319,13.701397,1.9078454,0.17164317,0,0,0,0,0,0,0,0,43,43,43,43,22,22,18,18,12127.459,4204979.0,299901.44,1068.998,6.111805,2.0787244,0.88485372,0.19396235
2025-12-05T12:25:00,0,0,0,0,0,0,0,46,46,185,185,185,92,92,2925.9692,19.679958,7567.1001,40.022499,4.6462803,0.8323102,1.6588515,,0,0,0,0,185,185,92,92,133.56363,13.348372,2.1585813,0.15820499,0,0,0,0,0,0,0,0,46,46,46,46,22,22,21,19,12011.969,4267722.0,324254.97,1193.0625,6.2388649,2.8601179,0.82627732,0.21292569
2025-12-05T12:20:00,0,0,0,0,0,0,0,49,49,196,196,196,98,98,2942.9019,20.105869,7866.4609,46.0368,4.4355712,0.77243751,1.9473906,,0,0,0,0,196,196,98,98,136.60115,14.561503,2.0871336,0.14741461,0,0,0,0,0,0,0,0,49,49,49,49,24,24,24,20,12075.745,4260029.0,329310.22,1238.2875,5.9036431,2.3663681,0.85576963,0.16968581
2025-12-05T12:15:00,0,0,0,0,0,0,0,46,46,182,182,182,91,91,2940.4324,20.791285,7805.8398,43.440666,5.2767019,0.7883426,2.3952506,,0,0,0,0,182,182,91,91,125.70178,14.022056,1.7505859,0.16323709,0,0,0,0,0,0,0,0,46,46,46,46,23,22,20,17,12268.971,4264159.0,333324.66,1188.681,5.5292935,1.9162686,0.74119186,0.20430957
2025-12-05T12:10:00,0,0,0,0,0,0,0,47,47,187,187,187,93,93,3094.7061,21.503574,7863.3296,45.501633,5.4210124,0.77460295,2.5838919,,0,0,0,0,187,187,93,93,130.17662,13.215582,1.9886566,0.17468823,0,0,0,0,0,0,0,0,47,47,47,47,23,21,22,21,12782.145,4264262.5,331069.09,1175.2437,5.3398128,2.3802712,1.0933455,0.21718447
2025-12-05T12:05:00,0,0,0,0,0,0,0,48,48,194,194,194,97,97,2863.1414,18.676722,7726.4946,43.424786,5.7336049,0.74208909,2.2091749,,0,0,0,0,194,194,97,97,135.35832,15.566503,2.1454022,0.1764359,0,0,0,0,0,0,0,0,48,48,48,48,24,23,24,19,12349.703,4258636.5,332150.69,1149.5314,5.3013015,1.9614729,0.73039913,0.17583586
2025-12-05T12:00:00,0,0,0,0,0,0,0,46,46,182,182,182,91,91,2954.4412,21.287704,7912.0039,43.076267,4.3604355,0.58234185,2.138325,,0,0,0,0,182,182,91,91,122.78828,12.850366,2.084192,0.14617559,0,0,0,0,0,0,0,0,46,46,46,46,23,21,21,19,12502.899,4273855.0,339211.0,1404.0505,5.4460869,2.1584837,1.0199032,0.19143184
2025-12-05T11:55:00,0,0,0,0,0,0,0,47,47,189,189,189,94,94,3573.5862,15.100868,7947.1318,40.880749,4.7169681,0.58962101,1.9499578,,0,0,0,0,189,189,94,94,135.19067,14.210749,2.0625498,0.15805346,0,0,0,0,0,0,0,0,47,47,47,47,24,22,20,21,13174.918,4264027.0,338309.72,1365.4939,4.6232409,2.0346246,0.8168838,0.26527062
2025-12-05T11:50:00,0,0,0,0,0,0,0,48,48,192,192,192,96,96,3194.6519,20.958775,7365.9282,42.950539,5.1335516,0.71836913,2.1856794,,0,0,0,0,192,192,96,96,117.48655,14.92013,1.9738126,0.17021486,0,0,0,0,0,0,0,0,48,48,48,48,24,24,22,21,12259.973,4275910.5,341012.69,1467.7632,6.0834417,2.2431636,0.82097441,0.19769193
2025-12-05T11:45:00,0,0,0,0,0,0,0,46,46,182,182,182,91,91,3008.3506,23.139063,7827.5405,41.608631,5.5520768,0.74758822,2.1527734,,0,0,0,0,182,182,91,91,116.38085,14.219457,1.8778085,0.12431841,0,0,0,0,0,0,0,0,46,46,46,46,23,23,20,19,12422.309,4288586.0,343213.16,1375.0529,4.3703413,2.3892252,0.75605482,0.19447555
2025-12-05T11:40:00,0,0,0,0,0,0,0,48,48,191,191,191,95,95,3206.2659,21.135752,7948.9185,48.583389,5.1264305,0.66921157,2.2517667,,0,0,0,0,191,191,95,95,149.20024,15.286412,2.2461736,0.15313405,0,0,0,0,0,0,0,0,48,48,48,48,23,22,22,22,12846.493,4323297.0,357692.34,1593.1307,4.6810279,2.7154112,0.77810937,0.15577739
2025-12-05T11:35:00,0,0,0,0,0,0,0,47,47,190,190,190,95,95,3429.2415,16.754393,7733.9507,43.082764,5.4969215,0.81982905,1.8696826,,0,0,0,0,190,190,95,95,120.1584,14.129641,2.1407268,0.16908836,0,0,0,0,0,0,0,0,47,47,47,47,23,22,19,19,13392.169,4320143.5,352839.31,1583.9623,5.7010694,2.4594736,0.90439349,0.19962743
2025-12-05T11:30:00,0,0,0,0,0,0,0,46,46,182,182,182,91,91,2993.7427,17.263773,7905.9424,44.443607,5.5005674,0.70269465,2.2664735,,0,0,0,0,182,182,91,91,149.89183,13.96262,2.2628696,0.1272696,0,0,0,0,0,0,0,0,46,46,46,46,23,22,22,20,11801.348,4208686.0,311093.75,1182.8711,5.588727,2.0864477,0.76618963,0.16480021
2025-12-05T11:25:00,0,0,0,0,0,0,0,48,48,193,193,193,96,96,2980.6741,19.44739,8292.1523,56.976219,4.7023039,0.78086317,2.1553199,,0,0,0,0,193,193,96,96,223.681,16.486227,2.1485283,0.16558127,0,0,0,0,0,0,0,0,48,48,48,48,23,24,21,22,11557.946,4230691.5,318209.06,1177.6563,5.5872612,2.2167604,1.248313,0.16683036
2025-12-05T11:20:00,0,0,0,0,0,0,0,47,47,188,188,188,94,94,3379.3127,18.594105,8537.0615,60.024017,5.477674,0.67157447,1.9664551,,0,0,0,0,188,188,94,94,283.29022,15.673161,1.6421549,0.15826979,0,0,0,0,0,0,0,0,47,47,47,47,22,23,18,22,12798.66,4213918.5,311722.78,1155.9069,5.7649913,2.5365613,1.0464132,0.17454539
2025-12-05T11:15:00,0,0,0,0,0,0,0,46,46,182,182,182,91,91,3079.5938,22.140379,8159.791,72.502525,5.3995304,0.71065456,1.973742,,0,0,0,0,182,182,91,91,335.88382,18.547487,2.3188474,0.14018102,0,0,0,0,0,0,0,0,46,46,46,46,21,23,22,23,12308.673,4239825.0,324327.16,1224.828,5.6191363,2.3713956,1.0459254,0.20604998
2025-12-05T11:10:00,0,0,0,0,0,0,0,49,49,195,195,195,97,97,3140.0212,18.651741,8621.3203,72.153732,6.1953807,0.83033448,2.2953925,,0,0,0,0,195,195,97,97,350.68137,18.996099,2.2772279,0.16577718,0,0,0,0,0,0,0,0,49,49,49,49,24,22,22,19,12561.832,4332705.0,354005.97,1528.2357,5.5910444,2.3963051,0.83220023,0.23939748
2025-12-05T11:05:00,0,0,0,0,0,0,0,46,46,186,186,186,93,93,3326.0063,18.657059,8648.7471,85.570068,6.5785751,0.72286159,2.0098443,,0,0,0,0,186,186,93,93,303.28366,17.972618,2.2174001,0.15083727,0,0,0,0,0,0,0,0,46,46,46,46,23,23,22,18,13332.942,4313686.0,347972.81,1420.5847,6.3715663,2.1189153,0.80448431,0.20826481
2025-12-05T11:00:00,0,0,0,0,0,0,0,46,46,182,182,182,91,91,3454.3435,16.755672,8203.0918,70.393005,6.1236286,0.83005214,2.1584265,,0,0,0,0,182,182,91,91,277.22681,19.109983,2.3408997,0.18085195,0,0,0,0,0,0,0,0,46,46,46,46,23,22,21,21,12713.771,4248962.0,333609.5,1331.043,4.9012804,2.3347237,0.95665729,0.1930768
2025-12-05T10:55:00,0,0,0,0,0,0,0,49,49,197,197,197,98,98,3378.3669,20.355154,8214.1855,54.051426,5.2708263,0.70156449,1.8193694,,0,0,0,0,197,197,98,98,234.45967,16.011044,1.832463,0.16426073,0,0,0,0,0,0,0,0,49,49,49,49,25,24,24,22,11403.921,4208126.5,311738.25,1054.501,5.570837,1.8829137,0.95619673,0.20404094
2025-12-05T10:50:00,0,0,0,0,0,0,0,46,46,184,184,184,92,92,3356.1484,20.795103,8298.0752,62.138184,5.7405176,0.74684554,2.3931162,,0,0,0,0,184,184,92,92,266.13354,17.143236,2.1165066,0.17178154,0,0,0,0,0,0,0,0,46,46,46,46,23,23,20,20,11999.382,4217003.5,315185.78,998.53271,5.083251,2.1397994,0.91264695,0.2487683
2025-12-05T10:45:00,0,0,0,0,0,0,0,46,46,182,182,182,91,91,3588.1084,20.277342,8389.8486,87.817413,6.5822573,0.82814175,2.1584268,,0,0,0,0,182,182,91,91,337.10159,22.361843,2.5337126,0.16960058,0,0,0,0,0,0,0,0,46,46,46,46,23,22,23,19,12847.139,4219966.5,325240.06,1056.5822,6.3593812,2.5352092,0.90618569,0.21276547
2025-12-05T10:40:00,0,0,0,0,0,0,0,50,50,198,198,198,99,99,3145.5928,21.333658,7881.1118,55.224537,4.8721538,0.83321673,2.1855273,,0,0,0,0,198,198,99,99,221.10291,15.725856,2.2759545,0.11868063,0,0,0,0,0,0,0,0,50,50,50,50,24,25,25,22,12033.192,4235892.5,331724.28,1141.2019,5.6418624,2.6417387,1.0226879,0.19413191
2025-12-05T10:35:00,0,0,0,0,0,0,0,46,46,182,182,182,91,91,3079.376,24.277912,8134.167,52.681084,5.6531129,0.65620923,2.0641997,,0,0,0,0,182,182,91,91,180.02271,16.660475,2.070622,0.13381754,0,0,0,0,0,0,0,0,46,46,46,46,23,22,21,21,12892.784,4293247.5,343169.31,1144.4973,4.8973179,2.3615327,0.78948128,0.20969397
2025-12-05T10:30:00,0,0,0,0,0,0,0,46,46,182,182,182,91,91,3431.9941,23.250027,8219.6484,51.607937,6.0265536,0.92206782,2.2030275,,0,0,0,0,182,182,91,91,206.60274,14.497522,2.3578629,0.14672896,0,0,0,0,0,0,0,0,46,46,46,46,23,23,22,17,13575.08,4320005.0,348902.38,1229.4553,5.3906155,1.8019484,0.65520591,0.27320778
2025-12-05T10:25:00,0,0,0,0,0,0,0,50,50,198,198,198,99,99,3178.9124,20.088213,7769.9937,56.300076,5.850955,0.70707816,2.0001764,,0,0,0,0,198,198,99,99,209.22946,15.288809,2.0742941,0.15954067,0,0,0,0,0,0,0,0,50,50,50,50,25,24,24,19,12697.501,4301023.0,354441.16,1293.0702,5.1061554,1.6759064,1.016319,0.19698928
2025-12-05T10:20:00,0,0,0,0,0,0,0,46,46,182,182,182,91,91,2878.0745,21.270184,8302.9414,66.063652,6.2940049,0.5199368,2.4027889,,0,0,0,0,182,182,91,91,256.5705,19.114229,2.0717528,0.19118108,0,0,0,0,0,0,0,0,46,46,46,46,23,23,23,16,12330.305,4242715.5,332820.78,1204.4758,5.7452359,2.7279963,1.0559579,0.24348888
2025-12-05T10:15:00,0,0,0,0,0,0,0,46,46,182,182,182,91,91,3149.3108,18.396782,9183.2861,108.56155,7.2271099,0.79630238,2.192977,,0,0,0,0,182,182,91,91,523.89594,23.809473,2.0078585,0.18804546,0,0,0,0,0,0,0,0,46,46,46,46,23,19,21,20,12143.684,4271990.5,342650.81,1172.1208,5.854197,2.2918291,0.87899709,0.23756565
2025-12-05T10:10:00,0,0,0,0,0,0,0,50,50,198,198,198,99,99,3406.4353,18.638771,8732.6973,82.374321,5.9647684,0.82677811,2.0434825,,0,0,0,0,198,198,99,99,387.79184,17.9345,1.732823,0.17352803,0,0,0,0,0,0,0,0,50,50,50,50,25,24,22,23,12998.845,4272743.0,334872.72,1104.4261,5.721662,1.9886714,0.86425424,0.21264206
2025-12-05T10:05:00,0,0,0,0,0,0,0,46,46,182,182,182,91,91,2961.364,19.354584,8425.7646,69.894867,6.3356075,0.6574828,1.8355423,,0,0,0,0,182,182,91,91,328.73093,16.182886,1.8693271,0.20123352,0,0,0,0,0,0,0,0,46,46,46,46,23,21,20,19,12464.388,4251199.5,328592.22,959.37793,5.9552336,1.6958481,0.95472854,0.1483361
2025-12-05T10:00:00,0,0,0,0,0,0,0,25,25,103,103,103,51,51,3155.3481,18.451962,8534.5049,80.5588,6.089118,0.86550361,2.2257502,,0,0,0,0,103,103,51,51,382.22421,18.004282,2.5032771,0.14502756,0,0,0,0,0,0,0,0,25,25,25,25,13,12,10,10,11652.83,4208126.0,304755.38,820.6438,5.2077384,1.7971102,0.70725977,0.10936102
2025-12-05T09:50:00,0,0,0,0,0,0,0,46,46,182,182,182,91,91,3072.9985,18.519428,8480.8838,88.041397,6.260325,0.86730421,1.7545071,,0,0,0,0,182,182,91,91,434.48776,18.252443,2.0225596,0.16784832,0,0,0,0,0,0,0,0,46,46,46,46,23,22,20,20,12036.467,4244486.5,325802.34,1010.3284,5.3371253,2.6902359,0.71763599,0.16705529
2025-12-05T09:45:00,0,0,0,0,0,0,0,46,46,185,185,185,92,92,3019.1531,22.865854,8604.8193,76.367912,5.1934762,0.77608997,1.5268623,,0,0,0,0,185,185,92,92,326.92609,17.845985,2.0035205,0.15147287,0,0,0,0,0,0,0,0,46,46,46,46,23,23,21,19,11559.592,4228727.0,317497.41,983.45984,5.8706312,2.133698,0.61242217,0.17195636
2025-12-05T09:40:00,0,0,0,0,0,0,0,49,49,196,196,196,98,98,3100.6677,21.329184,8535.9619,68.591469,5.6463618,0.82756931,2.0959301,,0,0,0,0,196,196,98,98,280.55521,18.663782,1.786039,0.17377236,0,0,0,0,0,0,0,0,49,49,49,49,24,24,21,22,12800.117,4259769.0,328616.69,1047.1501,6.5583744,2.3051598,1.0872172,0.15029237
2025-12-05T09:35:00,0,0,0,0,0,0,0,46,46,182,182,182,91,91,3169.1526,19.623234,8384.043,64.923637,5.5055203,0.93130124,1.9140646,,0,0,0,0,182,182,91,91,292.98361,17.645372,2.40027,0.18638539,0,0,0,0,0,0,0,0,46,46,46,46,22,20,18,19,12801.97,4274694.0,330250.03,993.0376,4.7909293,2.1616666,0.64686263,0.16940475
2025-12-05T09:30:00,0,0,0,0,0,0,0,47,47,187,187,187,93,93,3034.1184,23.629425,8797.3516,72.890053,6.3577032,0.79075992,2.032171,,0,0,0,0,187,187,93,93,359.36563,18.793882,2.3274565,0.11573884,0,0,0,0,0,0,0,0,47,47,47,47,22,21,20,19,11527.731,4222956.0,312289.53,916.41913,5.290278,2.2113564,0.76062691,0.14804018
2025-12-05T09:25:00,0,0,0,0,0,0,0,48,48,194,194,194,97,97,2994.6987,19.555626,8768.0313,71.470093,6.085783,0.82863623,2.0980957,,0,0,0,0,194,194,97,97,359.76736,14.548298,2.1294475,0.18814628,0,0,0,0,0,0,0,0,48,48,48,48,24,24,22,22,12136.161,4264160.5,329272.53,1072.9604,5.0199323,2.0017712,0.78674895,0.2058664
2025-12-05T09:20:00,0,0,0,0,0,0,0,46,46,182,182,182,91,91,3293.4326,21.211781,12104.967,103.06878,5.8353753,0.864757,1.8964758,,0,0,0,0,182,182,91,91,854.60138,19.337105,1.943399,0.18832213,0,0,0,0,0,0,0,0,46,46,46,46,22,20,19,20,13568.662,4297722.5,339700.34,1104.4362,5.0313053,2.2971399,0.87731355,0.21521927
2025-12-05T09:15:00,0,0,0,0,0,0,0,47,47,189,189,189,94,94,3146.8149,18.405239,7734.4497,58.827606,5.8091779,0.74332821,1.9232708,,0,0,0,0,189,189,94,94,217.30177,16.936489,2.3759177,0.13427866,0,0,0,0,0,0,0,0,47,47,47,47,24,23,22,21,11166.475,4208126.5,301797.81,836.32355,5.3940997,1.9191744,0.5789665,0.22293931
2025-12-05T09:10:00,0,0,0,0,0,0,0,48,48,192,192,192,96,96,3074.1538,22.70719,17055.91,206.33607,6.5597997,0.82094997,2.0638881,,0,0,0,0,192,192,96,96,1971.577,32.662491,2.2613137,0.15049376,0,0,0,0,0,0,0,0,48,48,48,48,24,24,21,20,11679.983,4205911.0,298152.69,804.75525,5.855619,2.4623961,0.65026712,0.22921041
2025-12-05T09:05:00,0,0,0,0,0,0,0,25,25,120,120,120,53,53,3494.9551,19.250164,82654.508,1624.1461,22.16177,0.93318623,1.7471436,,0,0,0,0,120,120,54,53,17183.168,157.41875,2.7515399,0.14863448,0,0,0,0,0,0,0,0,29,29,29,29,12,12,11,12,12719.244,4247319.0,325135.75,1014.5585,6.0915227,1.9649781,0.85742378,0.17053312
2025-12-05T09:00:00,0,0,0,0,0,0,0,22,22,150,150,150,52,52,2969.4646,18.363981,82681.164,2538.9963,24.822971,0.74630374,2.3780663,,0,0,0,0,79,150,54,52,20965.516,186.57703,3.1025651,0.19074965,0,0,0,0,0,0,0,0,35,35,35,35,11,11,10,11,12647.777,4290960.5,337001.84,1136.0999,5.6467838,2.4979687,0.84938484,0.13053088
2025-12-05T08:55:00,0,0,0,0,0,0,0,26,26,154,154,154,57,57,2976.2876,17.767523,21806.859,312.04358,6.8188796,0.82494241,2.0385211,,0,0,0,0,129,154,59,57,2744.7898,28.903572,2.433641,0.14773206,0,0,0,0,0,0,0,0,36,36,36,36,13,13,12,12,12752.578,4271342.0,333603.56,1110.1461,6.2957134,2.2508678,0.66160387,0.17832312
2025-12-05T08:50:00,0,0,0,0,0,0,0,22,22,145,145,145,52,52,3053.6711,20.118382,18748.736,486.37421,10.028357,0.86256707,1.7479601,,0,0,0,0,145,145,54,52,3632.3096,58.49762,1.976234,0.22484618,0,0,0,0,0,0,0,0,34,34,34,34,11,11,10,10,12504.407,4236000.5,326346.63,1082.3597,5.9341822,1.9261923,0.96122384,0.20441149
2025-12-05T08:45:00,0,0,0,0,0,0,0,23,23,152,152,152,53,53,3283.5659,17.758484,15041.609,225.85892,7.1549087,0.82568502,1.8138492,,0,0,0,0,152,152,55,53,1863.5453,32.136879,2.3764396,0.19300561,0,0,0,0,0,0,0,0,35,35,35,35,11,11,11,10,13272.9,4251176.5,332125.84,1165.7073,6.4423256,2.2903721,0.94409633,0.11509395
2025-12-05T08:40:00,0,0,0,0,0,0,0,25,25,153,153,153,57,57,3087.0483,19.681093,15500.085,233.48471,6.675878,0.64036566,2.117017,,0,0,0,0,153,153,59,57,1926.8619,29.826433,1.9131,0.15315242,0,0,0,0,0,0,0,0,36,36,36,36,13,12,13,12,12552.456,4230652.5,317737.09,932.50421,5.0567422,2.2888544,0.6731205,0.22633201
2025-12-05T08:35:00,0,0,0,0,0,0,0,22,22,145,145,145,51,51,2953.9187,27.860149,14380.063,183.19542,7.3313189,0.49750161,2.0612643,,0,0,0,0,145,145,54,51,1395.6355,28.246832,2.0608194,0.17112342,0,0,0,0,0,0,0,0,34,34,34,34,11,11,11,10,12422.725,4274175.0,327889.75,1092.8203,7.3468575,1.701118,0.71003187,0.13754536
2025-12-05T08:30:00,0,0,0,0,0,0,0,23,23,153,153,153,54,54,3297.5117,24.981615,13476.321,227.79706,7.7634249,0.90338868,1.9315965,,0,0,0,0,153,153,56,54,1505.6262,37.017574,2.4252572,0.18802729,0,0,0,0,0,0,0,0,36,36,36,36,12,11,11,10,13134.646,4234022.0,322513.63,1148.1367,7.4178538,2.3233914,0.95013952,0.22122473
2025-12-05T08:25:00,0,0,0,0,0,0,0,25,25,152,152,152,57,57,3113.75,21.501158,13827.447,256.97815,7.5833025,0.81330913,2.2120352,,0,0,0,0,152,152,59,57,1688.4252,37.177433,2.5768335,0.14796716,0,0,0,0,0,0,0,0,36,36,36,36,13,13,11,9,11486.727,4199649.5,291086.84,782.56006,6.4310846,1.9567033,1.0054473,0.28337207
2025-12-05T08:20:00,0,0,0,0,0,0,0,22,22,144,144,144,51,51,3004.4373,16.614717,13381.128,222.00246,7.1671896,0.81069601,1.5510416,,0,0,0,0,144,144,53,51,1474.4846,32.212376,2.3524845,0.13312109,0,0,0,0,0,0,0,0,34,34,34,34,10,11,10,10,12496.155,4228267.0,324611.66,1057.1755,6.6480966,2.4969251,0.92352623,0.12318632
2025-12-05T08:15:00,0,0,0,0,0,0,0,24,24,155,155,155,55,55,2933.1489,17.76041,13663.427,315.17413,8.2645645,0.85505909,1.9301157,,0,0,0,0,155,155,57,55,1783.8107,48.190483,2.0945692,0.18465237,0,0,0,0,0,0,0,0,36,36,36,36,12,12,11,10,12575.844,4234249.0,325626.16,1062.9656,6.8449745,2.0904074,0.92413044,0.22226688
2025-12-05T08:10:00,0,0,0,0,0,0,0,29,29,156,156,156,63,63,3421.7832,21.763567,13253.158,380.99509,9.8296051,0.81352866,1.9789498,,0,0,0,0,156,156,64,63,1756.0341,60.705536,2.2518876,0.16852835,0,0,0,0,0,0,0,0,37,37,37,37,14,14,13,11,13376.581,4265623.0,336801.03,1242.6908,5.7316289,2.097379,0.82205999,0.28805467
2025-12-05T08:05:00,0,0,0,0,0,0,0,27,27,153,153,153,60,60,3092.8877,20.018827,9245.7285,130.2798,7.8923492,0.7540406,2.1034598,,0,0,0,0,153,153,62,60,557.89008,27.385149,2.3322601,0.15656558,0,0,0,0,0,0,0,0,36,36,36,36,14,13,14,13,12559.533,4263262.0,328146.75,1042.3282,6.9845748,3.5819325,1.268981,0.21561164
2025-12-05T08:00:00,0,0,0,0,0,0,0,24,24,157,157,157,56,56,2949.5637,18.80221,8763.8447,96.62896,7.2407942,0.80156004,1.6894181,,0,0,0,0,157,157,58,56,386.74725,24.257441,2.5621819,0.18824679,0,0,0,0,0,0,0,0,37,37,37,37,12,11,10,11,12635.892,4252721.5,331649.5,1072.0481,5.5224061,2.4269254,1.1917015,0.22349057
2025-12-05T07:55:00,0,0,0,0,0,0,0,44,44,179,179,179,88,88,3392.6289,22.070969,8644.8809,75.284653,6.724803,0.81719327,2.0286863,,0,0,0,0,179,179,88,88,311.01038,18.545403,2.1523206,0.2071401,0,0,0,0,0,0,0,0,45,45,45,45,20,20,21,17,13486.841,4258840.5,326029.81,1049.5201,6.6795444,2.0679605,1.1842415,0.20184392
2025-12-05T07:50:00,0,0,0,0,0,0,0,46,46,182,182,182,91,91,2864.502,14.991917,8025.1484,77.945137,5.9047146,0.97746837,1.929141,,0,0,0,0,182,182,91,91,310.73779,21.809961,2.1678765,0.17900747,0,0,0,0,0,0,0,0,46,46,46,46,23,22,21,21,12084.25,4245046.0,324933.28,960.23035,6.0741005,1.8614844,0.82863057,0.22380008
2025-12-05T07:45:00,0,0,0,0,0,0,0,50,50,198,198,198,99,99,2994.7791,23.207199,9067.2705,90.256523,6.8306661,0.81887615,2.4927139,,0,0,0,0,198,198,99,99,402.01904,22.51763,2.2494473,0.20455454,0,0,0,0,0,0,0,0,50,50,50,50,25,24,22,22,11919.777,4261516.5,327454.84,1085.3827,6.7468996,2.5426812,0.97746962,0.21985765
2025-12-05T07:40:00,0,0,0,0,0,0,0,46,46,182,182,182,91,91,3288.9087,20.113813,8508.5967,69.523788,5.6174531,1.0522909,2.3732643,,0,0,0,0,182,182,91,91,288.61902,18.783098,2.0858886,0.20353912,0,0,0,0,0,0,0,0,46,46,46,46,23,23,23,20,13210.872,4295018.5,337640.84,1164.5366,6.660511,2.9976757,1.0874228,0.17844091
2025-12-05T07:35:00,0,0,0,0,0,0,0,46,46,182,182,182,91,91,3377.2676,16.9484,8112.8213,77.567375,6.5901814,0.74631459,2.8123622,,0,0,0,0,182,182,91,91,306.95932,19.152435,2.3985739,0.18029861,0,0,0,0,0,0,0,0,46,46,46,46,23,23,23,18,12487.686,4265184.5,335201.59,1052.2682,7.7818222,2.906297,1.2378244,0.27610612
2025-12-05T07:30:00,0,0,0,0,0,0,0,50,50,198,198,198,99,99,3019.1799,19.75001,8596.665,90.204269,6.439146,0.8861891,2.459801,,0,0,0,0,198,198,99,99,395.58542,19.78219,2.2245002,0.14758785,0,0,0,0,0,0,0,0,50,50,50,50,25,25,25,19,11966.323,4239063.0,323628.41,1076.4446,7.5190139,3.162097,1.1736617,0.22008912
2025-12-05T07:25:00,0,0,0,0,0,0,0,46,46,182,182,182,91,91,2936.8352,20.125496,9172.6904,103.11559,5.3103809,0.91920227,2.6421254,,0,0,0,0,182,182,91,91,534.93536,18.176029,2.1017208,0.15051015,0,0,0,0,0,0,0,0,46,46,46,46,23,23,20,19,12390.689,4261828.0,329716.91,1064.1315,8.3325729,2.5363235,1.0953009,0.23370427
2025-12-05T07:20:00,0,0,0,0,0,0,0,46,46,183,183,183,91,91,3509.3501,25.236465,8514.3447,78.595093,6.4032044,0.78078479,2.4989452,,0,0,0,0,183,183,91,91,324.91345,17.8955,2.1010375,0.20252164,0,0,0,0,0,0,0,0,46,46,46,46,23,23,21,21,12890.416,4256102.0,328165.34,1052.5078,7.4720521,2.6116123,1.0586871,0.30273664
2025-12-05T07:15:00,0,0,0,0,0,0,0,49,49,198,198,198,99,99,2868.646,25.273401,8183.2031,77.302437,6.0601978,0.8972348,2.7554681,,0,0,0,0,198,198,99,99,305.40692,20.632292,2.2905743,0.13767812,0,0,0,0,0,0,0,0,49,49,49,49,25,24,23,21,12128.719,4265517.5,329138.53,1064.9993,8.1751957,2.2828922,0.76706368,0.21647915
2025-12-05T07:10:00,0,0,0,0,0,0,0,46,46,182,182,182,91,91,3175.6934,20.581034,8470.2881,74.083817,6.0760813,0.76987565,2.2702429,,0,0,0,0,182,182,91,91,312.63837,19.027201,2.0762761,0.19782124,0,0,0,0,0,0,0,0,46,46,46,46,23,23,23,21,12356.932,4263506.5,332682.0,1054.7731,7.3994665,2.9909892,0.98107183,0.18977283
2025-12-05T07:05:00,0,0,0,0,0,0,0,46,46,185,185,185,92,92,3322.6328,24.39255,8313.4521,73.050293,7.1497011,0.85712248,2.7240613,,0,0,0,0,185,185,92,92,276.15347,18.865698,2.0308514,0.21433641,0,0,0,0,0,0,0,0,46,46,46,46,23,23,23,22,13014.744,4270573.0,332136.41,1076.2582,6.5018606,2.5041542,0.9913674,0.26374346
2025-12-05T07:00:00,0,0,0,0,0,0,0,49,49,196,196,196,98,98,2842.8328,24.286886,7901.1758,65.15863,5.9681945,0.85217112,2.2123055,,0,0,0,0,196,196,98,98,253.78699,18.564978,2.7340662,0.22949287,0,0,0,0,0,0,0,0,49,49,49,49,22,24,24,20,12376.736,4285199.5,336999.75,1144.1843,6.6608758,2.3601434,1.1915992,0.22517136
2025-12-05T06:55:00,0,0,0,0,0,0,0,46,46,182,182,182,91,91,2895.7896,18.023005,8367.1289,78.155754,6.3613625,0.72052473,2.7495441,,0,0,0,0,182,182,91,91,307.21539,22.143213,2.0819306,0.1931178,0,0,0,0,0,0,0,0,46,46,46,46,23,23,21,20,12388.312,4245326.0,329870.25,1084.3795,5.7293863,2.3167911,1.3143559,0.21009985
2025-12-05T06:50:00,0,0,0,0,0,0,0,47,47,187,187,187,93,93,2856.1321,18.853386,8313.9346,72.436562,6.6341667,1.0828285,2.564888,,0,0,0,0,187,187,93,93,282.09372,19.131521,2.1608155,0.22643775,0,0,0,0,0,0,0,0,47,47,47,47,23,22,22,17,11694.539,4225595.0,320934.5,1002.5185,6.0802717,2.901927,1.0561308,0.20902526
2025-12-05T06:45:00,0,0,0,0,0,0,0,48,48,194,194,194,97,97,3254.9421,21.104694,8095.5864,68.265915,6.5441732,0.98316318,3.1161242,,0,0,0,0,194,194,97,97,228.39108,19.52351,2.4990692,0.16481231,0,0,0,0,0,0,0,0,48,48,48,48,24,23,22,20,13245.465,4277227.0,341478.94,1208.3995,6.6727457,2.4086535,1.1669277,0.33425835
2025-12-05T06:40:00,0,0,0,0,0,0,0,46,46,182,182,182,91,91,2936.4534,21.065775,10087.423,124.01684,6.0760822,1.0134468,2.9116147,,0,0,0,0,182,182,91,91,738.01569,23.983524,2.4251492,0.17854634,0,0,0,0,0,0,0,0,46,46,46,46,23,23,20,21,12154.857,4239079.5,328329.31,1116.665,7.9205008,3.4478841,1.0818256,0.23189868
2025-12-05T06:35:00,0,0,0,0,0,0,0,47,47,189,189,189,94,94,3219.0225,20.643867,8568.208,69.453697,6.942513,0.89396137,2.6577652,,0,0,0,0,189,189,94,94,292.94614,18.625221,2.2285147,0.19251357,0,0,0,0,0,0,0,0,47,47,47,47,24,24,24,17,10849.485,4157986.8,288301.53,892.18469,9.2120514,3.8852582,1.1933181,0.26274231
2025-12-05T06:30:00,0,0,0,0,0,0,0,48,48,192,192,192,96,96,3635.4595,19.893074,7675.5469,52.936749,7.0465131,0.84425014,2.8006072,,0,0,0,0,192,192,96,96,115.87492,18.260817,2.484328,0.20097972,0,0,0,0,0,0,0,0,48,48,48,48,24,24,23,21,12515.511,4213708.5,305315.69,907.00696,7.843894,2.8373163,1.4648834,0.32281369
2025-12-05T06:25:00,0,0,0,0,0,0,0,46,46,182,182,182,91,91,3089.678,21.935972,7315.0034,43.587765,5.9591956,1.1366651,2.8041959,,0,0,0,0,182,182,91,91,108.51666,16.974625,2.8854136,0.15613583,0,0,0,0,0,0,0,0,46,46,46,46,23,23,21,21,12498.86,4263133.0,337027.38,1109.1156,9.6856747,3.6172693,1.1515275,0.20794478
2025-12-05T06:20:00,0,0,0,0,0,0,0,48,48,191,191,191,95,95,3354.1641,23.412256,7794.8784,48.704754,6.1740503,0.90130621,2.601655,,0,0,0,0,191,191,95,95,115.84168,15.919122,2.4714391,0.19903903,0,0,0,0,0,0,0,0,48,48,48,48,24,23,23,24,11795.806,4239479.5,326308.34,1011.1498,6.8894992,2.9521399,1.417684,0.19559655
2025-12-05T06:15:00,0,0,0,0,0,0,0,47,47,190,190,190,95,95,3384.7427,21.724058,7830.2393,46.601826,5.6929007,0.89566553,2.8205123,,0,0,0,0,190,190,95,95,127.97915,16.953123,2.43452,0.17741434,0,0,0,0,0,0,0,0,47,47,47,47,24,23,23,23,12129.988,4213319.5,303031.91,791.16241,8.3909397,3.4558003,1.1554143,0.26894283
2025-12-05T06:10:00,0,0,0,0,0,0,0,46,46,182,182,182,91,91,3398.1992,18.12813,7602.73,53.567013,6.8457456,0.9093321,2.5956402,,0,0,0,0,182,182,91,91,132.25717,17.655987,2.5981724,0.18039083,0,0,0,0,0,0,0,0,46,46,46,46,23,23,20,23,12776.77,4268354.5,332192.69,980.19995,6.6506047,3.1726329,1.0652331,0.2698991
2025-12-05T06:05:00,0,0,0,0,0,0,0,48,48,193,193,193,96,96,3235.6213,20.126556,7707.1982,49.548393,6.1529856,1.0084393,2.4083281,,0,0,0,0,193,193,96,96,145.6595,16.853479,2.8686247,0.19330893,0,0,0,0,0,0,0,0,48,48,48,48,24,23,21,20,12039.172,4270093.5,331031.34,1013.2916,5.5030351,2.3469577,1.1075377,0.16039526
2025-12-05T06:00:00,0,0,0,0,0,0,0,47,47,188,188,188,94,94,2957.6721,18.917234,7718.7358,49.691719,6.8689666,1.1187756,2.5085258,,0,0,0,0,188,188,94,94,120.23045,18.81727,2.8155935,0.21600959,0,0,0,0,0,0,0,0,47,47,47,47,23,22,23,21,11851.621,4222696.5,317769.63,905.01398,5.6651669,2.6270132,0.8476612,0.15510444
2025-12-05T05:55:00,0,0,0,0,0,0,0,46,46,182,182,182,91,91,3585.2195,21.381147,7756.0171,47.870319,7.6936626,1.0252273,2.0522645,,0,0,0,0,182,182,91,91,125.14413,18.390413,2.987757,0.23434207,0,0,0,0,0,0,0,0,46,46,46,46,23,22,22,21,12873.767,4242155.5,319207.63,683.85602,5.7036319,2.29424,0.82805169,0.16850342
2025-12-05T05:50:00,0,0,0,0,0,0,0,49,49,195,195,195,97,97,2976.9561,20.116337,7469.1606,52.423687,7.6737823,1.0677856,2.140799,,0,0,0,0,195,195,97,97,126.5209,20.34672,2.3841052,0.21703778,0,0,0,0,0,0,0,0,49,49,49,49,24,22,22,23,11787.91,4229325.5,316857.28,652.94446,4.7524414,1.6614381,0.6628086,0.23467849
2025-12-05T05:45:00,0,0,0,0,0,0,0,46,46,186,186,186,93,93,3148.0771,24.272514,7803.7559,53.428818,7.4503407,1.1683242,2.1281793,,0,0,0,0,186,186,93,93,128.23758,19.1222,2.9363766,0.21535255,0,0,0,0,0,0,0,0,46,46,46,46,23,21,19,17,11652.153,4203369.5,309666.63,614.70038,4.9953923,2.0843694,1.1811323,0.16295259
2025-12-05T05:40:00,0,0,0,0,0,0,0,46,46,182,182,182,91,91,3931.7329,20.569355,7946.4414,53.466717,7.2617798,1.1771011,2.4266598,,0,0,0,0,182,182,91,91,130.86873,18.496546,3.0974514,0.21884839,0,0,0,0,0,0,0,0,46,46,46,46,23,22,21,21,11748.095,4118902.8,275892.41,430.68686,5.432219,2.5037374,1.0100876,0.18233889
2025-12-05T05:35:00,0,0,0,0,0,0,0,49,49,197,197,197,98,98,3366.5537,20.409245,7389.7417,54.525188,7.5764117,1.0327359,2.1370463,,0,0,0,0,197,197,98,98,128.16356,20.595739,2.7578595,0.21346207,0,0,0,0,0,0,0,0,49,49,49,49,25,24,22,23,10803.681,4101135.3,274095.09,434.79437,5.4442267,2.7834845,1.0304555,0.20947151
2025-12-05T05:30:00,0,0,0,0,0,0,0,46,46,184,184,184,92,92,3325.3862,17.71928,7827.6729,55.688938,7.2633314,1.0550575,2.5401549,,0,0,0,0,184,184,92,92,136.94977,18.673771,3.0536249,0.1788248,0,0,0,0,0,0,0,0,46,46,46,46,22,21,21,17,10905.313,4074876.8,272326.09,413.26895,5.5430145,2.1347215,1.2103966,0.2395727
