timestamp,symbol,open,high,low,close,volume,trades
2025-11-29 03:00:00,BTCUSDT,90798.9,90874.03,90661.12,90680.26,203.76865,57847
2025-11-29 04:00:00,BTCUSDT,90680.26,90911.36,90551.12,90901.56,194.82906,50370
2025-11-29 05:00:00,BTCUSDT,90901.55,90931.56,90733.22,90747.16,201.02788,43306
2025-11-29 06:00:00,BTCUSDT,90747.16,90832.57,90311.92,90565.29,551.9962,108407
2025-11-29 07:00:00,BTCUSDT,90565.3,90666.0,90375.01,90567.67,281.69639,79396
2025-11-29 08:00:00,BTCUSDT,90567.66,90738.17,90477.44,90629.67,209.42959,77588
2025-11-29 09:00:00,BTCUSDT,90629.67,90665.37,90500.0,90560.08,255.33197,59938
2025-11-29 10:00:00,BTCUSDT,90560.08,90647.98,90376.37,90552.47,287.88192,70848
2025-11-29 11:00:00,BTCUSDT,90552.47,90682.33,90458.17,90673.19,204.80457,54348
2025-11-29 12:00:00,BTCUSDT,90673.2,90810.45,90530.93,90616.01,253.50149,58415
2025-11-29 13:00:00,BTCUSDT,90616.01,90805.99,90591.35,90783.17,243.4196,58075
2025-11-29 14:00:00,BTCUSDT,90783.16,90783.17,90610.41,90621.72,231.55273,53997
2025-11-29 15:00:00,BTCUSDT,90621.73,91110.36,90621.72,91063.5,419.55316,89679
2025-11-29 16:00:00,BTCUSDT,91063.5,91165.65,90862.22,91004.03,256.29667,72746
2025-11-29 17:00:00,BTCUSDT,91004.03,91019.0,90421.21,90421.21,800.09236,104846
2025-11-29 18:00:00,BTCUSDT,90421.21,90719.16,90155.47,90690.84,837.40131,135456
2025-11-29 19:00:00,BTCUSDT,90690.85,90850.83,90600.1,90640.78,298.72853,61127
2025-11-29 20:00:00,BTCUSDT,90640.77,91035.27,90400.21,90963.29,336.13338,68835
2025-11-29 21:00:00,BTCUSDT,90963.29,91051.87,90814.02,91008.68,179.69384,54863
2025-11-29 22:00:00,BTCUSDT,91008.68,91008.69,90700.65,90753.02,311.96344,67604
2025-11-29 23:00:00,BTCUSDT,90753.03,90896.97,90690.23,90802.44,133.73065,35300
2025-11-30 00:00:00,BTCUSDT,90802.44,90945.59,90765.12,90893.94,127.74315,52589
2025-11-30 01:00:00,BTCUSDT,90893.94,91055.5,90863.05,90913.31,246.89699,101430
2025-11-30 02:00:00,BTCUSDT,90913.3,91032.18,90749.9,90795.51,321.82107,99827
2025-11-30 03:00:00,BTCUSDT,90795.52,90917.96,90471.0,90909.35,418.70941,91005
2025-11-30 04:00:00,BTCUSDT,90909.35,90970.36,90799.91,90858.0,98.98576,43934
2025-11-30 05:00:00,BTCUSDT,90857.99,90857.99,90670.4,90783.75,146.33614,43787
2025-11-30 06:00:00,BTCUSDT,90783.76,90937.5,90717.51,90898.68,134.34933,49509
2025-11-30 07:00:00,BTCUSDT,90898.69,91037.72,90860.01,90968.16,170.24658,50889
2025-11-30 08:00:00,BTCUSDT,90968.16,91438.99,90927.16,91184.45,999.6229,149707
2025-11-30 09:00:00,BTCUSDT,91184.45,91632.0,91138.65,91413.07,857.09997,151077
2025-11-30 10:00:00,BTCUSDT,91413.07,91467.36,91200.0,91234.31,215.61141,84517
2025-11-30 11:00:00,BTCUSDT,91234.31,91397.33,90998.34,91048.78,443.35776,83314
2025-11-30 12:00:00,BTCUSDT,91048.79,91535.1,91009.0,91469.51,391.37581,113204
2025-11-30 13:00:00,BTCUSDT,91469.51,92000.01,91398.69,91769.99,1268.05794,160270
2025-11-30 14:00:00,BTCUSDT,91770.0,91779.94,91256.88,91499.99,479.45512,97212
2025-11-30 15:00:00,BTCUSDT,91499.98,91612.83,91326.59,91435.31,490.26099,84589
2025-11-30 16:00:00,BTCUSDT,91435.31,91850.0,91406.97,91825.18,328.17239,80666
2025-11-30 17:00:00,BTCUSDT,91825.18,91825.18,91313.26,91488.19,322.55187,80044
2025-11-30 18:00:00,BTCUSDT,91488.2,91488.2,91159.42,91459.9,239.73146,67667
2025-11-30 19:00:00,BTCUSDT,91459.91,91500.0,91298.4,91460.79,158.56074,50666
2025-11-30 20:00:00,BTCUSDT,91460.79,91626.75,91178.0,91315.6,260.58782,64668
2025-11-30 21:00:00,BTCUSDT,91315.59,91332.18,90888.48,91174.22,497.10764,94100
2025-11-30 22:00:00,BTCUSDT,91174.23,91351.61,91049.22,91225.28,263.92188,82883
2025-11-30 23:00:00,BTCUSDT,91225.28,91256.36,90336.9,90360.0,807.17762,176476
2025-12-01 00:00:00,BTCUSDT,90360.01,90417.0,86959.99,87000.0,4607.45526,742069
2025-12-01 01:00:00,BTCUSDT,87000.0,87749.99,86941.4,87168.91,1588.04096,368794
2025-12-01 02:00:00,BTCUSDT,87168.9,87500.0,86474.34,86722.29,2052.19788,306696
2025-12-01 03:00:00,BTCUSDT,86722.3,86800.0,86161.61,86346.13,2001.96556,305414
2025-12-01 04:00:00,BTCUSDT,86346.13,86350.01,85695.44,85801.03,1863.01351,290041
2025-12-01 05:00:00,BTCUSDT,85801.03,86006.85,85604.0,86001.08,749.36259,202598
2025-12-01 06:00:00,BTCUSDT,86001.08,86357.43,85974.66,86234.16,931.6074,201689
2025-12-01 07:00:00,BTCUSDT,86234.17,86578.06,86049.9,86550.3,1393.18357,199117
2025-12-01 08:00:00,BTCUSDT,86550.3,86890.77,86390.25,86869.51,948.06769,202766
2025-12-01 09:00:00,BTCUSDT,86869.5,86938.01,86518.18,86704.86,866.92667,224498
2025-12-01 10:00:00,BTCUSDT,86704.85,86814.0,86552.0,86647.73,366.02338,122798
2025-12-01 11:00:00,BTCUSDT,86647.73,86699.99,86131.01,86149.15,824.75013,141513
2025-12-01 12:00:00,BTCUSDT,86146.59,86231.52,84756.0,85430.64,2098.18769,356055
2025-12-01 13:00:00,BTCUSDT,85430.64,86166.43,85350.0,85986.85,1097.45554,348111
2025-12-01 14:00:00,BTCUSDT,85986.85,86674.0,85868.0,86067.9,1654.56841,479616
2025-12-01 15:00:00,BTCUSDT,86067.9,86137.17,83822.76,84677.87,3274.16077,676950
2025-12-01 16:00:00,BTCUSDT,84677.87,85463.12,84030.95,84571.8,2152.34019,523950
2025-12-01 17:00:00,BTCUSDT,84571.8,85265.66,84442.75,84920.3,917.46569,332788
2025-12-01 18:00:00,BTCUSDT,84925.01,85555.0,84723.83,85199.48,911.27586,293923
2025-12-01 19:00:00,BTCUSDT,85199.48,85299.14,84603.97,85024.5,617.02121,305797
2025-12-01 20:00:00,BTCUSDT,85024.5,85833.01,85007.69,85518.0,1007.0535,378254
2025-12-01 21:00:00,BTCUSDT,85518.01,86507.3,85499.99,86436.65,1202.40704,304674
2025-12-01 22:00:00,BTCUSDT,86436.64,86860.0,86300.0,86572.65,780.37442,219192
2025-12-01 23:00:00,BTCUSDT,86572.65,86833.55,86249.8,86286.01,604.10735,182382
2025-12-02 00:00:00,BTCUSDT,86286.01,86674.53,86184.39,86513.33,887.97566,242555
2025-12-02 01:00:00,BTCUSDT,86513.33,87350.0,86394.0,86454.93,1192.01967,319806
2025-12-02 02:00:00,BTCUSDT,86454.93,86857.79,86272.55,86554.47,522.02975,237361
2025-12-02 03:00:00,BTCUSDT,86554.46,87106.62,86214.99,86976.99,643.79096,189066
2025-12-02 04:00:00,BTCUSDT,86977.0,87288.48,86900.79,86970.28,689.46639,189948
2025-12-02 05:00:00,BTCUSDT,86970.28,87125.36,86818.14,87008.2,320.12167,143469
2025-12-02 06:00:00,BTCUSDT,87008.2,87179.22,86870.0,87090.46,385.60175,118095
2025-12-02 07:00:00,BTCUSDT,87090.46,87117.18,86882.23,87012.65,338.04553,113780
2025-12-02 08:00:00,BTCUSDT,87012.64,87058.41,86296.21,86471.89,1046.58604,168626
2025-12-02 09:00:00,BTCUSDT,86471.88,86999.0,86450.6,86769.87,806.33465,169024
2025-12-02 10:00:00,BTCUSDT,86769.88,87628.78,86760.01,87272.44,661.40198,161766
2025-12-02 11:00:00,BTCUSDT,87272.44,87602.47,86985.51,87368.92,846.713,192484
2025-12-02 12:00:00,BTCUSDT,87368.92,87560.77,87208.68,87264.2,839.51657,179163
2025-12-02 13:00:00,BTCUSDT,87264.2,87883.43,87032.75,87731.41,1559.3403,282654
2025-12-02 14:00:00,BTCUSDT,87731.41,89275.54,87600.0,89271.99,2529.97385,546485
2025-12-02 15:00:00,BTCUSDT,89271.99,91200.0,89263.06,90850.01,4371.66947,769533
2025-12-02 16:00:00,BTCUSDT,90850.01,91296.72,90201.0,90759.15,2014.14601,483255
2025-12-02 17:00:00,BTCUSDT,90759.15,91990.0,90736.05,91458.4,1594.71699,404348
2025-12-02 18:00:00,BTCUSDT,91458.4,92237.15,91326.22,91954.49,1650.85803,350262
2025-12-02 19:00:00,BTCUSDT,91954.49,92307.65,91850.0,91903.39,892.95903,237180
2025-12-02 20:00:00,BTCUSDT,91903.38,91930.09,90720.87,91026.67,1812.81861,360992
2025-12-02 21:00:00,BTCUSDT,91026.66,91631.49,90965.02,91562.43,750.79479,191323
2025-12-02 22:00:00,BTCUSDT,91562.42,92000.0,91510.6,91981.91,1005.0385,202089
2025-12-02 23:00:00,BTCUSDT,91981.91,91981.91,91269.38,91277.88,848.30812,144035
2025-12-03 00:00:00,BTCUSDT,91277.88,91747.99,90990.23,91660.12,1282.57519,217007
2025-12-03 01:00:00,BTCUSDT,91660.13,92482.02,91468.21,92251.63,1105.16296,314043
2025-12-03 02:00:00,BTCUSDT,92251.64,93051.64,92158.0,92817.92,1322.86837,340323
2025-12-03 03:00:00,BTCUSDT,92817.93,93087.09,92597.26,92628.91,714.46982,227045
2025-12-03 04:00:00,BTCUSDT,92628.91,93482.87,92625.0,93362.21,1228.95814,338999
2025-12-03 05:00:00,BTCUSDT,93362.21,93660.0,93116.02,93642.92,1042.55272,267039
2025-12-03 06:00:00,BTCUSDT,93642.92,93958.58,93146.26,93431.8,1068.27612,286181
2025-12-03 07:00:00,BTCUSDT,93431.81,93468.43,92871.03,92999.99,1206.67241,219699
2025-12-03 08:00:00,BTCUSDT,93000.0,93173.93,92682.1,92765.65,908.28425,175117
2025-12-03 09:00:00,BTCUSDT,92765.64,93217.52,92709.41,93178.46,651.04477,187897
2025-12-03 10:00:00,BTCUSDT,93178.45,93389.62,92861.88,92939.4,644.12113,214906
2025-12-03 11:00:00,BTCUSDT,92939.4,93054.93,92666.0,93005.68,566.65244,190342
2025-12-03 12:00:00,BTCUSDT,93005.68,93112.1,92672.55,92937.39,609.37614,197924
2025-12-03 13:00:00,BTCUSDT,92937.39,93258.53,92886.59,93130.88,653.22336,207073
2025-12-03 14:00:00,BTCUSDT,93130.89,93700.0,91697.0,92357.54,3444.5392,789487
2025-12-03 15:00:00,BTCUSDT,92357.54,92993.98,91922.21,92373.3,1816.10102,544962
2025-12-03 16:00:00,BTCUSDT,92373.3,92739.09,91786.99,92242.24,1045.70106,340835
2025-12-03 17:00:00,BTCUSDT,92242.24,93040.0,92199.72,92956.22,952.33734,285761
2025-12-03 18:00:00,BTCUSDT,92956.22,93500.0,92383.05,92623.86,1065.25501,276506
2025-12-03 19:00:00,BTCUSDT,92623.85,93099.47,92528.75,93024.99,561.39144,199586
2025-12-03 20:00:00,BTCUSDT,93025.0,93400.0,92825.56,92980.43,993.99987,244767
2025-12-03 21:00:00,BTCUSDT,92981.45,93769.23,92860.0,93700.0,961.39093,181901
2025-12-03 22:00:00,BTCUSDT,93700.01,94150.0,93301.87,93781.01,1201.71927,275401
2025-12-03 23:00:00,BTCUSDT,93781.01,94091.71,93377.58,93429.95,665.85289,210381
2025-12-04 00:00:00,BTCUSDT,93429.95,93480.0,92669.82,93054.86,1095.83853,291000
2025-12-04 01:00:00,BTCUSDT,93054.87,93750.73,92981.35,93195.07,1304.157,303241
2025-12-04 02:00:00,BTCUSDT,93195.07,94070.7,93117.8,93943.24,944.67997,261696
2025-12-04 03:00:00,BTCUSDT,93943.24,94080.0,93402.38,93543.04,500.0247,200817
2025-12-04 04:00:00,BTCUSDT,93543.03,93588.48,93231.56,93360.58,388.95379,159286
2025-12-04 05:00:00,BTCUSDT,93360.58,93380.39,92775.0,92979.25,931.22487,167156
2025-12-04 06:00:00,BTCUSDT,92979.25,93371.12,92824.32,93140.74,1076.30029,195061
2025-12-04 07:00:00,BTCUSDT,93140.75,93413.39,92888.0,93397.67,674.02891,158624
2025-12-04 08:00:00,BTCUSDT,93397.67,93600.0,93044.41,93260.63,411.88207,156610
2025-12-04 09:00:00,BTCUSDT,93260.64,93621.31,93235.5,93454.7,402.88554,184026
2025-12-04 10:00:00,BTCUSDT,93454.71,93553.69,93156.42,93260.0,373.45816,152539
2025-12-04 11:00:00,BTCUSDT,93260.0,93318.17,92736.9,92948.31,728.79798,184000
2025-12-04 12:00:00,BTCUSDT,92948.32,93200.0,92782.48,92990.18,474.71729,156376
2025-12-04 13:00:00,BTCUSDT,92990.18,93060.63,92424.0,92516.38,997.53962,266092
2025-12-04 14:00:00,BTCUSDT,92516.38,92821.26,91801.0,91894.01,1176.07323,408170
2025-12-04 15:00:00,BTCUSDT,91894.0,93257.0,91886.55,92971.49,1647.82775,496779
2025-12-04 16:00:00,BTCUSDT,92971.49,93174.55,92268.76,92431.72,1073.45255,383107
2025-12-04 17:00:00,BTCUSDT,92431.71,92536.0,91756.57,92426.76,1204.88261,295910
2025-12-04 18:00:00,BTCUSDT,92426.77,92550.86,91890.32,92127.52,605.6924,279573
2025-12-04 19:00:00,BTCUSDT,92127.53,92174.91,90889.0,91975.44,1976.68364,506674
2025-12-04 20:00:00,BTCUSDT,91975.43,92532.42,91688.92,92476.25,812.83088,297215
2025-12-04 21:00:00,BTCUSDT,92476.25,92718.53,92086.0,92158.23,581.65983,160020
2025-12-04 22:00:00,BTCUSDT,92158.24,92497.25,92151.79,92348.78,231.66801,101982
2025-12-04 23:00:00,BTCUSDT,92348.78,92461.03,92076.66,92078.06,188.68097,90095
2025-12-05 00:00:00,BTCUSDT,92078.06,92474.0,92058.82,92299.08,300.89002,152523
2025-12-05 01:00:00,BTCUSDT,92299.09,92600.0,92227.44,92358.03,512.17408,133360
2025-12-05 02:00:00,BTCUSDT,92358.03,92692.36,92252.66,92518.4,403.18655,110919
2025-12-05 03:00:00,BTCUSDT,92518.4,92665.56,91959.92,92142.75,535.04122,146019
2025-12-05 04:00:00,BTCUSDT,92142.75,92386.31,91813.37,92028.14,507.97714,145811
2025-12-05 05:00:00,BTCUSDT,92028.15,92204.69,91880.13,91932.85,239.31127,95418
2025-12-05 06:00:00,BTCUSDT,91932.85,92286.77,91905.83,92275.26,277.29503,96824
2025-12-05 07:00:00,BTCUSDT,92275.27,92497.51,92203.34,92258.65,362.60812,117312
2025-12-05 08:00:00,BTCUSDT,92258.64,92258.65,91892.86,92112.04,447.11606,119752
2025-12-05 09:00:00,BTCUSDT,92112.04,92112.04,90956.25,91128.56,1077.36085,248493
2025-12-05 10:00:00,BTCUSDT,91128.55,91488.0,91083.87,91272.85,493.57021,164486
2025-12-05 11:00:00,BTCUSDT,91272.85,91563.7,91128.4,91351.43,413.65104,153790
2025-12-05 12:00:00,BTCUSDT,91351.44,91432.69,91081.57,91242.4,357.37789,135097
2025-12-05 13:00:00,BTCUSDT,91242.4,91352.56,90215.51,90465.14,1524.52886,343493
2025-12-05 14:00:00,BTCUSDT,90465.14,90744.24,89874.7,90287.67,1551.1367,445724
2025-12-05 15:00:00,BTCUSDT,90287.67,91478.67,90258.24,90459.35,1911.11908,513806
2025-12-05 16:00:00,BTCUSDT,90459.34,90498.59,88056.0,88810.89,3451.73023,686597
2025-12-05 17:00:00,BTCUSDT,88810.88,89540.71,88607.25,89336.13,1157.12551,430479
2025-12-05 18:00:00,BTCUSDT,89335.53,89795.59,88908.53,88936.04,857.04766,332660
2025-12-05 19:00:00,BTCUSDT,88936.04,89800.0,88814.88,89629.26,1041.63454,315284
2025-12-05 20:00:00,BTCUSDT,89629.27,89745.37,89181.91,89301.75,1024.68482,244324
2025-12-05 21:00:00,BTCUSDT,89301.75,89484.0,89075.91,89177.68,695.18131,153154
2025-12-05 22:00:00,BTCUSDT,89177.68,89376.03,88901.6,89232.47,401.94285,124255
2025-12-05 23:00:00,BTCUSDT,89232.48,89383.46,88940.2,89330.04,249.28114,110772
2025-12-06 00:00:00,BTCUSDT,89330.04,89466.34,89030.67,89422.25,286.14614,100622
2025-12-06 01:00:00,BTCUSDT,89422.25,89500.0,89205.03,89333.83,226.8064,103664
2025-12-06 02:00:00,BTCUSDT,89333.84,89354.0,89175.0,89225.33,148.24522,58825
2025-11-29 03:00:00,ETHUSDT,3030.51,3036.0,3017.73,3022.6,6805.8259,59947
2025-11-29 04:00:00,ETHUSDT,3022.61,3045.6,3020.0,3041.04,6376.7451,52828
2025-11-29 05:00:00,ETHUSDT,3041.01,3043.26,3031.4,3033.21,5840.4203,39331
2025-11-29 06:00:00,ETHUSDT,3033.21,3038.45,2992.5,3007.64,21897.2576,115334
2025-11-29 07:00:00,ETHUSDT,3007.64,3014.51,2995.8,3004.9,8437.5736,80752
2025-11-29 08:00:00,ETHUSDT,3004.9,3011.41,3001.03,3008.29,5129.7948,78594
2025-11-29 09:00:00,ETHUSDT,3008.28,3010.4,2998.35,3002.05,8389.8706,68334
2025-11-29 10:00:00,ETHUSDT,3002.05,3007.95,2986.09,2997.32,14219.3495,105621
2025-11-29 11:00:00,ETHUSDT,2997.31,3002.86,2992.08,2999.82,9857.1595,55643
2025-11-29 12:00:00,ETHUSDT,2999.82,3002.3,2992.68,2997.22,6908.8901,63928
2025-11-29 13:00:00,ETHUSDT,2997.21,3001.97,2992.39,2998.4,4964.9233,61479
2025-11-29 14:00:00,ETHUSDT,2998.4,2998.72,2986.4,2988.28,15545.4928,100673
2025-11-29 15:00:00,ETHUSDT,2988.29,3014.09,2988.29,3007.41,17318.0464,135914
2025-11-29 16:00:00,ETHUSDT,3007.41,3011.31,2998.37,3003.07,12386.3867,101365
2025-11-29 17:00:00,ETHUSDT,3003.07,3004.5,2966.88,2969.98,19747.667,130230
2025-11-29 18:00:00,ETHUSDT,2969.98,2998.45,2961.91,2994.72,17579.192,149827
2025-11-29 19:00:00,ETHUSDT,2994.73,2999.81,2984.0,2988.47,4628.9189,54693
2025-11-29 20:00:00,ETHUSDT,2988.47,2999.16,2983.1,2997.42,3653.4837,66426
2025-11-29 21:00:00,ETHUSDT,2997.42,2999.17,2982.49,2994.18,3667.386,62341
2025-11-29 22:00:00,ETHUSDT,2994.19,2995.88,2984.09,2988.83,4074.4943,62951
2025-11-29 23:00:00,ETHUSDT,2988.83,2994.05,2985.74,2989.16,2725.732,49797
2025-11-30 00:00:00,ETHUSDT,2989.17,2999.67,2987.95,2997.31,3169.2708,53360
2025-11-30 01:00:00,ETHUSDT,2997.31,3012.29,2996.33,3004.97,6218.0609,61829
2025-11-30 02:00:00,ETHUSDT,3004.96,3011.94,2990.38,2990.96,4973.8916,59701
2025-11-30 03:00:00,ETHUSDT,2990.96,3005.43,2975.3,3001.69,8342.7414,83712
2025-11-30 04:00:00,ETHUSDT,3001.68,3003.45,2995.74,2998.49,2354.0327,40791
2025-11-30 05:00:00,ETHUSDT,2998.49,2998.51,2985.69,2992.3,5631.133,47367
2025-11-30 06:00:00,ETHUSDT,2992.3,3000.85,2987.04,2997.86,3047.0143,51629
2025-11-30 07:00:00,ETHUSDT,2997.86,3008.9,2996.25,3005.22,3438.6445,46764
2025-11-30 08:00:00,ETHUSDT,3005.22,3018.48,3002.57,3006.88,7926.0099,104006
2025-11-30 09:00:00,ETHUSDT,3006.88,3015.0,3004.45,3010.16,5095.4649,75654
2025-11-30 10:00:00,ETHUSDT,3010.16,3011.56,3005.98,3009.59,4713.219,46056
2025-11-30 11:00:00,ETHUSDT,3009.59,3017.61,2999.94,3003.36,5556.6529,62285
2025-11-30 12:00:00,ETHUSDT,3003.37,3033.53,3000.34,3025.99,11634.0596,107653
2025-11-30 13:00:00,ETHUSDT,3025.99,3053.02,3022.51,3048.99,21862.5951,172399
2025-11-30 14:00:00,ETHUSDT,3049.0,3051.01,3027.41,3037.84,13453.9962,110016
2025-11-30 15:00:00,ETHUSDT,3037.83,3037.83,3024.69,3028.69,13847.1171,84175
2025-11-30 16:00:00,ETHUSDT,3028.69,3049.34,3028.24,3043.57,9136.8847,102028
2025-11-30 17:00:00,ETHUSDT,3043.57,3044.33,3031.49,3041.01,9475.6127,94319
2025-11-30 18:00:00,ETHUSDT,3041.02,3041.5,3029.06,3036.9,3891.5617,57975
2025-11-30 19:00:00,ETHUSDT,3036.9,3040.97,3029.39,3034.71,4418.0306,54840
2025-11-30 20:00:00,ETHUSDT,3034.71,3041.14,3023.32,3028.94,3633.5299,60352
2025-11-30 21:00:00,ETHUSDT,3028.94,3029.46,3014.93,3022.34,6733.4648,78403
2025-11-30 22:00:00,ETHUSDT,3022.35,3036.74,3021.13,3033.62,5606.3105,73070
2025-11-30 23:00:00,ETHUSDT,3033.62,3035.47,2989.06,2991.26,18563.1265,168397
2025-12-01 00:00:00,ETHUSDT,2991.25,2999.47,2830.63,2836.4,100170.4911,824955
2025-12-01 01:00:00,ETHUSDT,2836.4,2860.0,2833.65,2850.86,26167.4515,362506
2025-12-01 02:00:00,ETHUSDT,2850.87,2873.82,2827.47,2837.92,38591.3783,268324
2025-12-01 03:00:00,ETHUSDT,2837.92,2842.0,2813.2,2825.77,34474.4182,272650
2025-12-01 04:00:00,ETHUSDT,2825.77,2827.97,2806.71,2821.83,27234.3801,285953
2025-12-01 05:00:00,ETHUSDT,2821.83,2830.92,2810.12,2827.8,13480.4566,157001
2025-12-01 06:00:00,ETHUSDT,2827.8,2835.84,2822.5,2824.56,9577.2834,124739
2025-12-01 07:00:00,ETHUSDT,2824.57,2844.11,2820.02,2840.21,16399.137,140013
2025-12-01 08:00:00,ETHUSDT,2840.21,2846.31,2832.3,2840.55,14459.6513,138342
2025-12-01 09:00:00,ETHUSDT,2840.55,2854.35,2828.62,2839.59,71328.5537,177962
2025-12-01 10:00:00,ETHUSDT,2839.59,2846.5,2837.57,2844.02,26318.7573,97917
2025-12-01 11:00:00,ETHUSDT,2844.02,2850.66,2836.0,2838.35,42305.0311,161206
2025-12-01 12:00:00,ETHUSDT,2838.36,2840.31,2794.59,2821.08,37040.9502,355674
2025-12-01 13:00:00,ETHUSDT,2821.08,2839.83,2805.0,2813.29,30227.999,344718
2025-12-01 14:00:00,ETHUSDT,2813.28,2832.0,2805.88,2818.03,30987.8159,444525
2025-12-01 15:00:00,ETHUSDT,2818.03,2820.44,2716.04,2745.72,129921.2631,761221
2025-12-01 16:00:00,ETHUSDT,2745.73,2755.79,2719.73,2731.47,43671.3232,490369
2025-12-01 17:00:00,ETHUSDT,2731.51,2752.92,2728.42,2739.62,16817.0001,288629
2025-12-01 18:00:00,ETHUSDT,2739.62,2758.02,2724.75,2749.54,18002.8709,273101
2025-12-01 19:00:00,ETHUSDT,2749.54,2753.5,2730.59,2740.8,13672.2667,249332
2025-12-01 20:00:00,ETHUSDT,2740.8,2770.3,2739.89,2757.82,35229.5088,292962
2025-12-01 21:00:00,ETHUSDT,2757.84,2797.84,2756.01,2791.71,34890.5279,274153
2025-12-01 22:00:00,ETHUSDT,2791.72,2814.14,2790.73,2797.35,28162.087,173820
2025-12-01 23:00:00,ETHUSDT,2797.35,2819.35,2796.67,2799.07,9872.3885,148177
2025-12-02 00:00:00,ETHUSDT,2799.07,2804.31,2782.81,2795.68,10803.2312,210771
2025-12-02 01:00:00,ETHUSDT,2795.67,2825.11,2793.12,2795.09,14683.6168,278002
2025-12-02 02:00:00,ETHUSDT,2795.09,2814.5,2785.07,2801.14,8800.4747,211985
2025-12-02 03:00:00,ETHUSDT,2801.14,2810.43,2785.49,2804.55,6642.6519,145345
2025-12-02 04:00:00,ETHUSDT,2804.55,2814.2,2803.07,2805.0,7014.7794,126856
2025-12-02 05:00:00,ETHUSDT,2805.0,2807.32,2796.88,2803.21,9151.1806,104909
2025-12-02 06:00:00,ETHUSDT,2803.21,2815.88,2797.62,2812.92,7359.0956,123244
2025-12-02 07:00:00,ETHUSDT,2812.92,2814.43,2802.85,2805.65,6660.281,110313
2025-12-02 08:00:00,ETHUSDT,2805.66,2806.78,2782.19,2798.18,11698.0659,173344
2025-12-02 09:00:00,ETHUSDT,2798.2,2811.63,2795.55,2798.05,7952.1157,153563
2025-12-02 10:00:00,ETHUSDT,2798.04,2834.5,2797.61,2823.13,12892.8161,167326
2025-12-02 11:00:00,ETHUSDT,2823.13,2831.36,2816.46,2826.18,9173.9588,157844
2025-12-02 12:00:00,ETHUSDT,2826.18,2831.94,2816.82,2827.86,12289.1955,137453
2025-12-02 13:00:00,ETHUSDT,2827.86,2848.07,2822.2,2844.73,29156.9059,250587
2025-12-02 14:00:00,ETHUSDT,2844.73,2910.05,2841.0,2894.98,89820.4002,535462
2025-12-02 15:00:00,ETHUSDT,2894.98,3024.98,2893.82,3006.61,112646.1637,948765
2025-12-02 16:00:00,ETHUSDT,3006.61,3025.0,2987.19,2995.58,50652.6862,555166
2025-12-02 17:00:00,ETHUSDT,2995.57,3033.7,2993.99,3015.83,25008.7524,323850
2025-12-02 18:00:00,ETHUSDT,3015.83,3033.76,3007.99,3013.56,19679.9312,271356
2025-12-02 19:00:00,ETHUSDT,3013.56,3029.47,3013.02,3015.83,9228.1932,155021
2025-12-02 20:00:00,ETHUSDT,3015.84,3016.95,2972.35,2979.72,28776.8127,260845
2025-12-02 21:00:00,ETHUSDT,2979.71,2998.0,2977.66,2995.45,10618.9606,146829
2025-12-02 22:00:00,ETHUSDT,2995.44,3021.27,2995.06,3017.55,10739.0981,137865
2025-12-02 23:00:00,ETHUSDT,3017.55,3018.49,2991.87,2996.07,12257.9912,135235
2025-12-03 00:00:00,ETHUSDT,2996.07,3008.62,2985.58,3003.2,11724.6488,120887
2025-12-03 01:00:00,ETHUSDT,3003.19,3027.84,2999.3,3015.84,11178.0916,129292
2025-12-03 02:00:00,ETHUSDT,3015.84,3048.0,3013.97,3031.0,19622.9467,201452
2025-12-03 03:00:00,ETHUSDT,3031.01,3038.0,3021.2,3030.75,8750.3202,120872
2025-12-03 04:00:00,ETHUSDT,3030.74,3059.45,3029.59,3056.77,20555.1175,164844
2025-12-03 05:00:00,ETHUSDT,3056.78,3070.66,3048.23,3058.57,18848.1017,175029
2025-12-03 06:00:00,ETHUSDT,3058.56,3085.56,3055.25,3067.21,26963.4398,199598
2025-12-03 07:00:00,ETHUSDT,3067.21,3068.58,3051.83,3057.44,17245.2563,129185
2025-12-03 08:00:00,ETHUSDT,3057.44,3060.99,3043.75,3050.77,13267.095,128010
2025-12-03 09:00:00,ETHUSDT,3050.76,3063.29,3045.25,3060.64,7420.7262,121594
2025-12-03 10:00:00,ETHUSDT,3060.64,3080.0,3050.22,3055.61,12248.0288,133762
2025-12-03 11:00:00,ETHUSDT,3055.61,3077.0,3049.51,3073.23,12528.7388,118575
2025-12-03 12:00:00,ETHUSDT,3073.23,3084.39,3067.17,3081.14,19224.8769,136584
2025-12-03 13:00:00,ETHUSDT,3081.15,3094.96,3077.7,3090.27,16630.8664,175062
2025-12-03 14:00:00,ETHUSDT,3090.27,3145.68,3030.42,3076.53,103536.0387,921217
2025-12-03 15:00:00,ETHUSDT,3076.53,3110.35,3056.62,3086.12,33224.6498,630959
2025-12-03 16:00:00,ETHUSDT,3086.13,3107.28,3064.36,3088.35,18437.3778,391565
2025-12-03 17:00:00,ETHUSDT,3088.35,3134.07,3087.47,3127.9,24091.617,361987
2025-12-03 18:00:00,ETHUSDT,3127.91,3142.15,3104.34,3115.3,20262.897,322746
2025-12-03 19:00:00,ETHUSDT,3115.3,3133.28,3111.67,3128.2,14027.0904,243207
2025-12-03 20:00:00,ETHUSDT,3128.2,3159.0,3117.0,3138.26,32515.6815,349605
2025-12-03 21:00:00,ETHUSDT,3138.23,3169.91,3128.5,3164.42,23091.2942,267777
2025-12-03 22:00:00,ETHUSDT,3164.43,3197.11,3144.26,3189.22,38030.5689,352205
2025-12-03 23:00:00,ETHUSDT,3189.23,3214.99,3178.48,3188.36,30244.3446,314475
2025-12-04 00:00:00,ETHUSDT,3188.39,3207.0,3174.19,3198.29,24628.0917,335317
2025-12-04 01:00:00,ETHUSDT,3198.3,3240.35,3194.82,3202.99,38689.5286,367085
2025-12-04 02:00:00,ETHUSDT,3203.0,3225.99,3198.87,3221.56,12170.4067,230290
2025-12-04 03:00:00,ETHUSDT,3221.56,3228.68,3205.11,3210.13,9571.4474,158985
2025-12-04 04:00:00,ETHUSDT,3210.12,3219.48,3187.14,3191.63,12943.1849,162107
2025-12-04 05:00:00,ETHUSDT,3191.63,3195.0,3170.47,3185.31,20725.147,176786
2025-12-04 06:00:00,ETHUSDT,3185.32,3219.62,3180.6,3205.13,21196.2917,218995
2025-12-04 07:00:00,ETHUSDT,3205.12,3205.28,3180.9,3190.1,21456.4265,161133
2025-12-04 08:00:00,ETHUSDT,3190.1,3197.05,3175.51,3184.05,12935.83,164141
2025-12-04 09:00:00,ETHUSDT,3184.05,3208.63,3182.39,3200.04,10724.1419,175375
2025-12-04 10:00:00,ETHUSDT,3200.04,3203.96,3184.81,3188.41,7794.0963,155306
2025-12-04 11:00:00,ETHUSDT,3188.4,3194.88,3177.67,3186.55,9878.365,166100
2025-12-04 12:00:00,ETHUSDT,3186.55,3193.45,3172.88,3176.8,8575.9308,158877
2025-12-04 13:00:00,ETHUSDT,3176.79,3190.59,3158.56,3170.57,23021.3798,292198
2025-12-04 14:00:00,ETHUSDT,3170.57,3188.67,3139.72,3144.5,35043.9636,424506
2025-12-04 15:00:00,ETHUSDT,3144.49,3224.38,3143.86,3208.15,42754.2623,571452
2025-12-04 16:00:00,ETHUSDT,3208.15,3225.0,3160.07,3169.0,30700.3682,428486
2025-12-04 17:00:00,ETHUSDT,3169.0,3175.64,3135.5,3160.57,22079.8423,324902
2025-12-04 18:00:00,ETHUSDT,3160.56,3165.53,3133.71,3141.27,14934.751,284069
2025-12-04 19:00:00,ETHUSDT,3141.26,3142.25,3066.37,3119.27,56125.9451,567918
2025-12-04 20:00:00,ETHUSDT,3119.26,3145.42,3105.9,3141.36,23638.1184,358252
2025-12-04 21:00:00,ETHUSDT,3141.36,3152.07,3118.74,3123.34,13501.8787,215051
2025-12-04 22:00:00,ETHUSDT,3123.34,3149.0,3123.34,3143.66,8277.5638,137836
2025-12-04 23:00:00,ETHUSDT,3143.66,3144.31,3128.88,3133.26,5331.437,122342
2025-12-05 00:00:00,ETHUSDT,3133.26,3157.74,3132.45,3146.68,11725.4847,155647
2025-12-05 01:00:00,ETHUSDT,3146.68,3170.87,3143.53,3163.56,10712.2543,165807
2025-12-05 02:00:00,ETHUSDT,3163.55,3189.21,3156.5,3183.22,12525.5029,164138
2025-12-05 03:00:00,ETHUSDT,3183.21,3193.33,3166.02,3170.98,8866.7787,143189
2025-12-05 04:00:00,ETHUSDT,3170.98,3181.88,3152.0,3168.15,11195.3947,175969
2025-12-05 05:00:00,ETHUSDT,3168.15,3173.7,3152.71,3155.96,6886.6454,109501
2025-12-05 06:00:00,ETHUSDT,3155.97,3176.5,3155.96,3169.07,7192.0378,110464
2025-12-05 07:00:00,ETHUSDT,3169.08,3182.88,3166.68,3173.94,11142.9948,152157
2025-12-05 08:00:00,ETHUSDT,3173.95,3173.95,3143.36,3155.17,14202.9244,155675
2025-12-05 09:00:00,ETHUSDT,3155.18,3155.55,3107.82,3121.8,41406.6243,307642
2025-12-05 10:00:00,ETHUSDT,3121.79,3148.44,3120.59,3134.88,17638.3244,208600
2025-12-05 11:00:00,ETHUSDT,3134.89,3143.46,3110.36,3131.38,14723.0945,178588
2025-12-05 12:00:00,ETHUSDT,3131.38,3135.3,3117.84,3128.25,17363.7515,170399
2025-12-05 13:00:00,ETHUSDT,3128.25,3137.74,3087.53,3099.05,33644.7524,354110
2025-12-05 14:00:00,ETHUSDT,3099.06,3115.96,3082.75,3103.51,29190.0699,399209
2025-12-05 15:00:00,ETHUSDT,3103.52,3157.99,3094.65,3106.34,50806.5259,537101
2025-12-05 16:00:00,ETHUSDT,3106.35,3108.73,3000.27,3032.78,87395.2477,738796
2025-12-05 17:00:00,ETHUSDT,3032.77,3039.73,3006.54,3033.52,29444.754,428584
2025-12-05 18:00:00,ETHUSDT,3033.52,3063.31,3004.1,3007.53,31503.4147,355446
2025-12-05 19:00:00,ETHUSDT,3007.53,3047.37,2983.08,3038.49,31788.9137,350973
2025-12-05 20:00:00,ETHUSDT,3038.5,3049.34,3015.42,3022.52,22355.3795,273132
2025-12-05 21:00:00,ETHUSDT,3022.52,3038.64,3014.56,3020.22,16361.8439,167319
2025-12-05 22:00:00,ETHUSDT,3020.28,3032.46,3010.13,3027.13,6481.3665,105748
2025-12-05 23:00:00,ETHUSDT,3027.13,3027.57,3006.78,3021.78,5828.818,104214
2025-12-06 00:00:00,ETHUSDT,3021.77,3028.82,3012.58,3025.96,6102.8285,112892
2025-12-06 01:00:00,ETHUSDT,3025.97,3033.5,3019.33,3026.82,4826.6088,91041
2025-12-06 02:00:00,ETHUSDT,3026.83,3027.14,3018.48,3022.8,2767.6144,48641
2025-11-29 03:00:00,BNBUSDT,885.29,886.54,883.58,884.14,2052.206,16873
2025-11-29 04:00:00,BNBUSDT,884.13,884.84,882.79,884.47,4508.329,20034
2025-11-29 05:00:00,BNBUSDT,884.47,884.48,881.1,881.3,4327.374,25981
2025-11-29 06:00:00,BNBUSDT,881.29,882.8,876.46,878.9,6775.794,32570
2025-11-29 07:00:00,BNBUSDT,878.91,880.55,878.1,879.06,4438.056,22247
2025-11-29 08:00:00,BNBUSDT,879.07,880.72,878.0,880.0,2930.714,32227
2025-11-29 09:00:00,BNBUSDT,880.0,881.52,879.39,881.21,2804.322,21227
2025-11-29 10:00:00,BNBUSDT,881.2,882.25,878.15,879.07,2289.992,20339
2025-11-29 11:00:00,BNBUSDT,879.07,879.77,877.49,878.56,3387.721,23325
2025-11-29 12:00:00,BNBUSDT,878.56,879.6,875.97,877.19,4347.107,27666
2025-11-29 13:00:00,BNBUSDT,877.19,878.7,875.22,878.09,2906.864,25637
2025-11-29 14:00:00,BNBUSDT,878.1,878.24,875.51,875.76,2072.749,20894
2025-11-29 15:00:00,BNBUSDT,875.76,882.0,875.75,880.93,4531.382,31623
2025-11-29 16:00:00,BNBUSDT,880.92,881.76,879.12,881.29,2236.304,22219
2025-11-29 17:00:00,BNBUSDT,881.29,881.65,872.79,872.93,6826.738,31846
2025-11-29 18:00:00,BNBUSDT,872.93,874.27,868.25,874.01,9661.032,50430
2025-11-29 19:00:00,BNBUSDT,874.01,874.59,872.6,873.1,1360.896,12282
2025-11-29 20:00:00,BNBUSDT,873.09,874.68,870.6,874.53,1361.704,14177
2025-11-29 21:00:00,BNBUSDT,874.53,875.66,872.0,875.4,1344.721,11336
2025-11-29 22:00:00,BNBUSDT,875.4,875.4,872.73,873.5,1286.02,12039
2025-11-29 23:00:00,BNBUSDT,873.5,875.21,871.59,872.9,1395.475,14218
2025-11-30 00:00:00,BNBUSDT,872.9,875.3,872.8,875.3,1642.967,14358
2025-11-30 01:00:00,BNBUSDT,875.29,878.58,874.9,876.86,1782.82,13638
2025-11-30 02:00:00,BNBUSDT,876.86,878.94,873.89,873.96,1593.936,14678
2025-11-30 03:00:00,BNBUSDT,873.97,876.2,869.56,875.59,3779.914,24803
2025-11-30 04:00:00,BNBUSDT,875.6,876.95,873.85,874.2,1596.962,15189
2025-11-30 05:00:00,BNBUSDT,874.2,874.26,870.13,871.45,2782.138,25039
2025-11-30 06:00:00,BNBUSDT,871.45,874.29,870.8,872.44,1910.122,17636
2025-11-30 07:00:00,BNBUSDT,872.44,875.6,872.21,874.78,1820.671,15575
2025-11-30 08:00:00,BNBUSDT,874.79,878.6,874.4,877.34,3527.914,33088
2025-11-30 09:00:00,BNBUSDT,877.35,879.53,876.8,879.17,2991.592,25607
2025-11-30 10:00:00,BNBUSDT,879.18,879.69,876.52,877.14,2140.05,17777
2025-11-30 11:00:00,BNBUSDT,877.14,878.92,875.76,876.72,3086.432,25237
2025-11-30 12:00:00,BNBUSDT,876.72,883.66,875.7,882.58,5510.09,35161
2025-11-30 13:00:00,BNBUSDT,882.59,896.5,882.58,896.45,20608.706,88347
2025-11-30 14:00:00,BNBUSDT,896.45,897.89,890.23,893.91,10627.812,58085
2025-11-30 15:00:00,BNBUSDT,893.91,895.38,890.26,893.99,4584.642,30097
2025-11-30 16:00:00,BNBUSDT,894.0,899.75,893.87,899.12,5951.702,30985
2025-11-30 17:00:00,BNBUSDT,899.11,899.12,895.32,897.46,3402.523,25638
2025-11-30 18:00:00,BNBUSDT,897.46,897.48,892.85,895.9,4437.434,20575
2025-11-30 19:00:00,BNBUSDT,895.91,896.63,893.94,894.99,1427.337,13935
2025-11-30 20:00:00,BNBUSDT,895.0,897.0,892.4,895.32,3463.89,17029
2025-11-30 21:00:00,BNBUSDT,895.33,895.55,886.79,889.06,6305.191,25663
2025-11-30 22:00:00,BNBUSDT,889.07,890.11,885.61,888.37,3028.241,22191
2025-11-30 23:00:00,BNBUSDT,888.38,888.53,874.2,875.31,8227.501,43800
2025-12-01 00:00:00,BNBUSDT,875.3,877.12,834.3,834.5,60097.061,297599
2025-12-01 01:00:00,BNBUSDT,834.5,845.47,834.21,837.79,18317.468,119240
2025-12-01 02:00:00,BNBUSDT,837.82,842.51,834.04,836.01,15731.694,90993
2025-12-01 03:00:00,BNBUSDT,836.0,836.99,827.59,829.4,19324.312,90011
2025-12-01 04:00:00,BNBUSDT,829.39,829.66,821.88,823.17,13363.091,82218
2025-12-01 05:00:00,BNBUSDT,823.17,824.63,820.73,823.29,9081.19,50996
2025-12-01 06:00:00,BNBUSDT,823.3,829.98,822.55,828.03,14200.254,53379
2025-12-01 07:00:00,BNBUSDT,828.03,832.97,825.33,832.43,8150.424,54034
2025-12-01 08:00:00,BNBUSDT,832.44,833.39,827.7,829.91,12399.729,55527
2025-12-01 09:00:00,BNBUSDT,829.9,832.18,823.0,823.63,18815.782,81095
2025-12-01 10:00:00,BNBUSDT,823.63,828.04,823.63,828.0,10176.391,45648
2025-12-01 11:00:00,BNBUSDT,828.01,828.01,823.8,824.86,12511.916,52309
2025-12-01 12:00:00,BNBUSDT,824.86,824.95,814.42,821.43,18343.349,92803
2025-12-01 13:00:00,BNBUSDT,821.43,826.39,815.33,816.48,14808.655,87103
2025-12-01 14:00:00,BNBUSDT,816.48,824.99,815.9,819.86,14599.003,98869
2025-12-01 15:00:00,BNBUSDT,819.87,820.41,801.7,811.85,30112.213,169805
2025-12-01 16:00:00,BNBUSDT,811.86,816.51,808.41,810.11,10719.249,93151
2025-12-01 17:00:00,BNBUSDT,810.11,816.22,810.11,812.52,6325.425,59476
2025-12-01 18:00:00,BNBUSDT,812.53,818.86,812.05,817.31,5860.778,43313
2025-12-01 19:00:00,BNBUSDT,817.31,817.56,811.6,814.7,3367.567,35548
2025-12-01 20:00:00,BNBUSDT,814.69,821.11,814.61,817.31,7187.521,61694
2025-12-01 21:00:00,BNBUSDT,817.31,824.73,817.17,822.99,7677.172,47487
2025-12-01 22:00:00,BNBUSDT,823.0,830.22,823.0,826.9,6088.03,35253
2025-12-01 23:00:00,BNBUSDT,826.89,832.32,826.61,826.61,5488.111,35630
2025-12-02 00:00:00,BNBUSDT,826.6,827.8,823.8,826.3,3778.991,40903
2025-12-02 01:00:00,BNBUSDT,826.29,834.0,825.6,828.96,6853.851,65943
2025-12-02 02:00:00,BNBUSDT,828.96,833.57,826.58,827.62,7853.369,55371
2025-12-02 03:00:00,BNBUSDT,827.61,830.06,820.46,828.38,9503.685,46964
2025-12-02 04:00:00,BNBUSDT,828.39,832.69,828.2,832.58,5251.483,47250
2025-12-02 05:00:00,BNBUSDT,832.58,833.0,828.59,831.72,6001.319,42143
2025-12-02 06:00:00,BNBUSDT,831.71,832.94,829.25,831.74,3634.617,34046
2025-12-02 07:00:00,BNBUSDT,831.74,831.9,828.7,830.94,5082.404,33236
2025-12-02 08:00:00,BNBUSDT,830.93,831.24,825.25,829.05,11556.778,53755
2025-12-02 09:00:00,BNBUSDT,829.05,837.4,828.84,836.2,11612.192,49679
2025-12-02 10:00:00,BNBUSDT,836.2,843.21,834.02,840.97,12476.025,57158
2025-12-02 11:00:00,BNBUSDT,840.96,845.3,839.42,843.23,7008.01,53277
2025-12-02 12:00:00,BNBUSDT,843.23,843.7,839.74,841.6,7251.05,49856
2025-12-02 13:00:00,BNBUSDT,841.59,846.85,839.81,845.77,8655.925,64430
2025-12-02 14:00:00,BNBUSDT,845.77,860.22,845.14,859.59,22987.062,136058
2025-12-02 15:00:00,BNBUSDT,859.59,875.6,858.61,871.4,33633.946,200401
2025-12-02 16:00:00,BNBUSDT,871.39,875.93,865.23,872.8,15420.783,111432
2025-12-02 17:00:00,BNBUSDT,872.8,881.03,870.83,876.93,11128.197,80245
2025-12-02 18:00:00,BNBUSDT,876.92,884.99,876.7,880.89,10106.328,58650
2025-12-02 19:00:00,BNBUSDT,880.88,885.0,879.15,882.58,7949.679,51993
2025-12-02 20:00:00,BNBUSDT,882.57,882.9,872.6,875.8,13837.945,64994
2025-12-02 21:00:00,BNBUSDT,875.8,879.3,875.33,877.91,3174.507,30381
2025-12-02 22:00:00,BNBUSDT,877.9,881.96,877.87,880.3,4138.224,30579
2025-12-02 23:00:00,BNBUSDT,880.3,881.36,875.98,876.61,4253.31,29164
2025-12-03 00:00:00,BNBUSDT,876.6,879.0,873.6,878.51,5017.967,32903
2025-12-03 01:00:00,BNBUSDT,878.51,886.57,878.25,883.42,9370.87,56717
2025-12-03 02:00:00,BNBUSDT,883.41,889.56,881.4,887.14,11404.507,72717
2025-12-03 03:00:00,BNBUSDT,887.15,889.51,885.62,887.82,6601.743,36530
2025-12-03 04:00:00,BNBUSDT,887.81,895.0,887.37,894.86,7880.445,44001
2025-12-03 05:00:00,BNBUSDT,894.87,902.07,894.01,901.8,15309.365,58572
2025-12-03 06:00:00,BNBUSDT,901.8,910.57,896.3,898.83,23867.384,105802
2025-12-03 07:00:00,BNBUSDT,898.83,899.79,894.17,896.55,9625.667,58745
2025-12-03 08:00:00,BNBUSDT,896.55,897.57,893.6,896.05,4894.031,40286
2025-12-03 09:00:00,BNBUSDT,896.05,901.59,894.48,900.15,5374.378,41020
2025-12-03 10:00:00,BNBUSDT,900.15,901.0,895.01,896.84,5337.79,42487
2025-12-03 11:00:00,BNBUSDT,896.85,899.3,893.57,898.92,5684.628,38934
2025-12-03 12:00:00,BNBUSDT,898.92,903.48,898.13,901.33,7897.043,57156
2025-12-03 13:00:00,BNBUSDT,901.34,905.48,900.57,900.95,6966.147,57551
2025-12-03 14:00:00,BNBUSDT,900.95,906.19,887.79,895.58,28831.747,186152
2025-12-03 15:00:00,BNBUSDT,895.58,901.5,891.34,897.2,11075.637,84535
2025-12-03 16:00:00,BNBUSDT,897.2,903.36,892.85,899.06,8104.221,56191
2025-12-03 17:00:00,BNBUSDT,899.07,907.74,898.37,907.07,8369.653,49548
2025-12-03 18:00:00,BNBUSDT,907.06,908.0,900.81,902.5,5411.183,51718
2025-12-03 19:00:00,BNBUSDT,902.51,907.21,902.0,906.99,2534.884,26505
2025-12-03 20:00:00,BNBUSDT,906.99,911.82,905.0,907.99,6783.656,37152
2025-12-03 21:00:00,BNBUSDT,908.0,917.06,907.11,916.61,7113.484,39228
2025-12-03 22:00:00,BNBUSDT,916.61,920.0,911.9,918.83,10432.992,60112
2025-12-03 23:00:00,BNBUSDT,918.83,922.63,916.8,920.76,13420.507,73490
2025-12-04 00:00:00,BNBUSDT,920.77,925.9,914.89,922.48,16473.388,96889
2025-12-04 01:00:00,BNBUSDT,922.48,928.24,919.6,919.9,10509.896,67225
2025-12-04 02:00:00,BNBUSDT,919.9,925.88,918.8,921.86,8200.753,59446
2025-12-04 03:00:00,BNBUSDT,921.85,922.82,915.94,916.8,6574.693,42431
2025-12-04 04:00:00,BNBUSDT,916.81,919.12,912.61,913.17,6282.047,36456
2025-12-04 05:00:00,BNBUSDT,913.17,913.45,906.3,908.07,9632.598,49807
2025-12-04 06:00:00,BNBUSDT,908.08,915.34,908.0,913.41,7202.53,37568
2025-12-04 07:00:00,BNBUSDT,913.42,913.78,909.58,910.79,5713.269,31302
2025-12-04 08:00:00,BNBUSDT,910.79,911.9,907.36,908.5,4783.496,41975
2025-12-04 09:00:00,BNBUSDT,908.5,913.17,908.4,911.01,4816.915,42852
2025-12-04 10:00:00,BNBUSDT,911.0,912.0,908.78,909.93,3528.407,34419
2025-12-04 11:00:00,BNBUSDT,909.93,910.89,907.07,908.88,3076.613,38549
2025-12-04 12:00:00,BNBUSDT,908.88,910.23,907.6,908.7,2515.581,22277
2025-12-04 13:00:00,BNBUSDT,908.7,909.42,902.48,903.13,6473.29,55236
2025-12-04 14:00:00,BNBUSDT,903.13,910.53,901.78,902.69,8056.077,78003
2025-12-04 15:00:00,BNBUSDT,902.69,916.13,902.47,910.76,10519.731,91503
2025-12-04 16:00:00,BNBUSDT,910.76,912.43,904.9,906.08,7714.242,61825
2025-12-04 17:00:00,BNBUSDT,906.07,906.98,898.09,905.69,7951.242,61434
2025-12-04 18:00:00,BNBUSDT,905.7,905.9,898.53,899.69,5964.06,56400
2025-12-04 19:00:00,BNBUSDT,899.69,900.26,886.79,898.52,14593.082,114171
2025-12-04 20:00:00,BNBUSDT,898.52,901.8,896.0,901.45,6402.783,62382
2025-12-04 21:00:00,BNBUSDT,901.46,902.91,897.15,897.4,4090.877,29958
2025-12-04 22:00:00,BNBUSDT,897.4,904.18,897.4,902.19,2717.993,23871
2025-12-04 23:00:00,BNBUSDT,902.19,902.65,899.43,899.92,1986.0,21431
2025-12-05 00:00:00,BNBUSDT,899.92,904.4,899.4,902.77,2369.988,24911
2025-12-05 01:00:00,BNBUSDT,902.77,907.06,901.72,903.64,3144.446,27847
2025-12-05 02:00:00,BNBUSDT,903.64,906.6,901.8,904.64,2810.705,23202
2025-12-05 03:00:00,BNBUSDT,904.65,906.72,900.22,901.81,2806.288,22538
2025-12-05 04:00:00,BNBUSDT,901.8,905.6,900.29,902.2,3910.692,26551
2025-12-05 05:00:00,BNBUSDT,902.2,903.92,898.37,899.82,3852.128,24221
2025-12-05 06:00:00,BNBUSDT,899.82,904.46,899.81,904.38,3048.098,25591
2025-12-05 07:00:00,BNBUSDT,904.38,907.92,901.19,901.65,4871.614,31174
2025-12-05 08:00:00,BNBUSDT,901.64,902.32,897.43,899.49,3866.895,30003
2025-12-05 09:00:00,BNBUSDT,899.49,899.5,889.53,890.94,9199.364,65394
2025-12-05 10:00:00,BNBUSDT,890.93,896.39,890.83,894.64,4827.413,40598
2025-12-05 11:00:00,BNBUSDT,894.65,895.92,890.41,894.09,3921.042,33625
2025-12-05 12:00:00,BNBUSDT,894.09,894.1,891.46,892.8,3277.237,32608
2025-12-05 13:00:00,BNBUSDT,892.8,894.5,884.88,886.58,10644.131,65736
2025-12-05 14:00:00,BNBUSDT,886.58,890.8,884.59,887.73,7582.016,84512
2025-12-05 15:00:00,BNBUSDT,887.73,900.18,887.49,888.87,15037.657,114690
2025-12-05 16:00:00,BNBUSDT,888.86,889.39,870.18,878.92,22584.472,170564
2025-12-05 17:00:00,BNBUSDT,878.92,884.14,876.0,882.96,7787.523,93280
2025-12-05 18:00:00,BNBUSDT,882.96,887.27,877.11,877.64,6417.805,66628
2025-12-05 19:00:00,BNBUSDT,877.64,885.54,874.9,883.69,6144.456,56252
2025-12-05 20:00:00,BNBUSDT,883.69,885.15,879.87,880.41,3258.891,42394
2025-12-05 21:00:00,BNBUSDT,880.41,883.1,879.37,880.69,2434.99,32103
2025-12-05 22:00:00,BNBUSDT,880.7,884.39,878.5,882.7,1888.478,27867
2025-12-05 23:00:00,BNBUSDT,882.71,884.56,878.7,883.57,1807.67,23911
2025-12-06 00:00:00,BNBUSDT,883.57,885.68,881.11,885.41,2773.697,19254
2025-12-06 01:00:00,BNBUSDT,885.42,886.74,883.15,884.61,2413.746,23387
2025-12-06 02:00:00,BNBUSDT,884.62,884.62,881.7,882.06,1428.875,14842
2025-11-29 03:00:00,SOLUSDT,137.2,137.4,136.7,136.83,54531.5,22328
2025-11-29 04:00:00,SOLUSDT,136.84,137.72,136.84,137.64,41405.206,20269
2025-11-29 05:00:00,SOLUSDT,137.65,137.66,137.14,137.22,60045.13,19058
2025-11-29 06:00:00,SOLUSDT,137.22,137.6,136.22,137.11,162032.312,42484
2025-11-29 07:00:00,SOLUSDT,137.11,137.55,136.93,137.28,52995.013,27515
2025-11-29 08:00:00,SOLUSDT,137.28,137.48,136.64,136.98,84762.582,30671
2025-11-29 09:00:00,SOLUSDT,136.98,137.12,136.6,136.67,61895.572,24593
2025-11-29 10:00:00,SOLUSDT,136.68,137.01,136.39,136.82,73404.532,29445
2025-11-29 11:00:00,SOLUSDT,136.81,137.37,136.66,137.33,45066.19,23461
2025-11-29 12:00:00,SOLUSDT,137.33,137.47,136.87,136.94,39342.965,24376
2025-11-29 13:00:00,SOLUSDT,136.94,137.08,136.67,136.91,44345.387,26844
2025-11-29 14:00:00,SOLUSDT,136.91,136.91,136.5,136.54,42988.307,24272
2025-11-29 15:00:00,SOLUSDT,136.54,137.66,136.54,137.58,107679.387,41596
2025-11-29 16:00:00,SOLUSDT,137.58,137.84,137.05,137.66,64119.84,33963
2025-11-29 17:00:00,SOLUSDT,137.67,138.1,136.07,136.19,173154.741,46513
2025-11-29 18:00:00,SOLUSDT,136.19,136.35,134.76,135.69,216814.773,70742
2025-11-29 19:00:00,SOLUSDT,135.69,136.24,135.42,135.68,72615.372,32220
2025-11-29 20:00:00,SOLUSDT,135.67,136.33,135.33,136.23,59025.386,33904
2025-11-29 21:00:00,SOLUSDT,136.24,136.52,135.76,136.46,36682.602,23619
2025-11-29 22:00:00,SOLUSDT,136.45,136.46,135.38,135.81,121295.745,34122
2025-11-29 23:00:00,SOLUSDT,135.82,136.2,135.49,135.91,52894.73,24813
2025-11-30 00:00:00,SOLUSDT,135.92,136.45,135.73,135.95,93845.179,32060
2025-11-30 01:00:00,SOLUSDT,135.95,136.61,135.86,136.29,114935.777,35217
2025-11-30 02:00:00,SOLUSDT,136.3,136.8,135.85,135.93,105466.426,34966
2025-11-30 03:00:00,SOLUSDT,135.92,136.5,135.25,136.4,116839.286,34426
2025-11-30 04:00:00,SOLUSDT,136.41,136.95,136.22,136.34,65092.341,28723
2025-11-30 05:00:00,SOLUSDT,136.35,136.35,135.57,135.77,41459.43,21874
2025-11-30 06:00:00,SOLUSDT,135.77,136.49,135.52,136.33,67203.652,23591
2025-11-30 07:00:00,SOLUSDT,136.33,136.72,136.19,136.53,63671.398,23499
2025-11-30 08:00:00,SOLUSDT,136.52,137.09,136.12,136.81,111045.095,44585
2025-11-30 09:00:00,SOLUSDT,136.81,137.1,136.46,136.82,63055.059,34430
2025-11-30 10:00:00,SOLUSDT,136.82,136.96,136.52,136.68,44352.39,26851
2025-11-30 11:00:00,SOLUSDT,136.67,136.9,136.23,136.42,35599.503,27924
2025-11-30 12:00:00,SOLUSDT,136.43,137.73,136.2,137.58,107166.542,43441
2025-11-30 13:00:00,SOLUSDT,137.58,140.19,137.33,139.26,307421.588,96909
2025-11-30 14:00:00,SOLUSDT,139.26,139.47,138.13,138.51,203846.272,66979
2025-11-30 15:00:00,SOLUSDT,138.51,138.54,137.51,138.33,83536.333,39743
2025-11-30 16:00:00,SOLUSDT,138.34,139.82,138.29,139.52,116194.662,47855
2025-11-30 17:00:00,SOLUSDT,139.52,139.52,138.36,138.46,111076.853,44043
2025-11-30 18:00:00,SOLUSDT,138.47,138.64,137.86,138.61,90928.526,34445
2025-11-30 19:00:00,SOLUSDT,138.61,138.67,137.37,137.63,108764.091,36929
2025-11-30 20:00:00,SOLUSDT,137.62,137.93,136.87,137.3,101103.662,35307
2025-11-30 21:00:00,SOLUSDT,137.29,137.4,136.62,137.04,78211.956,34305
2025-11-30 22:00:00,SOLUSDT,137.03,137.89,136.99,137.72,64844.119,32370
2025-11-30 23:00:00,SOLUSDT,137.72,137.79,133.26,133.48,312505.189,111080
2025-12-01 00:00:00,SOLUSDT,133.48,133.74,127.53,127.57,958104.526,433228
2025-12-01 01:00:00,SOLUSDT,127.57,129.33,127.46,127.96,252307.445,179199
2025-12-01 02:00:00,SOLUSDT,127.96,128.66,127.47,127.57,236817.859,99378
2025-12-01 03:00:00,SOLUSDT,127.58,127.58,126.53,126.97,167417.967,92834
2025-12-01 04:00:00,SOLUSDT,126.97,127.05,126.19,126.38,156787.128,89079
2025-12-01 05:00:00,SOLUSDT,126.38,126.57,125.81,126.11,133038.873,62547
2025-12-01 06:00:00,SOLUSDT,126.1,126.86,126.02,126.72,95904.62,54101
2025-12-01 07:00:00,SOLUSDT,126.72,127.47,126.32,127.42,123914.425,57907
2025-12-01 08:00:00,SOLUSDT,127.41,127.82,127.0,127.72,130667.753,55163
2025-12-01 09:00:00,SOLUSDT,127.71,128.09,126.86,127.02,132932.334,56474
2025-12-01 10:00:00,SOLUSDT,127.01,127.56,126.96,127.25,54382.564,31321
2025-12-01 11:00:00,SOLUSDT,127.25,127.38,126.89,127.12,63172.655,37973
2025-12-01 12:00:00,SOLUSDT,127.12,127.19,125.38,126.6,229039.468,111732
2025-12-01 13:00:00,SOLUSDT,126.59,127.72,126.13,126.49,149498.06,108178
2025-12-01 14:00:00,SOLUSDT,126.49,127.09,125.55,126.11,182077.108,138351
2025-12-01 15:00:00,SOLUSDT,126.12,126.31,123.11,125.11,504343.481,230220
2025-12-01 16:00:00,SOLUSDT,125.11,125.34,123.38,123.53,378648.164,142340
2025-12-01 17:00:00,SOLUSDT,123.54,124.98,123.51,124.44,174059.993,90466
2025-12-01 18:00:00,SOLUSDT,124.44,125.31,123.76,124.51,152769.476,87299
2025-12-01 19:00:00,SOLUSDT,124.52,124.6,123.27,123.86,122853.996,84502
2025-12-01 20:00:00,SOLUSDT,123.86,125.36,123.83,124.45,137375.983,97651
2025-12-01 21:00:00,SOLUSDT,124.44,127.17,124.22,126.1,260903.562,87883
2025-12-01 22:00:00,SOLUSDT,126.1,127.43,125.85,126.83,117782.724,60212
2025-12-01 23:00:00,SOLUSDT,126.83,127.4,126.54,126.66,92703.893,50974
2025-12-02 00:00:00,SOLUSDT,126.66,127.56,126.46,127.37,117394.752,72082
2025-12-02 01:00:00,SOLUSDT,127.36,128.54,126.79,126.99,109171.609,94760
2025-12-02 02:00:00,SOLUSDT,126.99,128.14,126.63,126.97,100722.837,73448
2025-12-02 03:00:00,SOLUSDT,126.97,127.68,126.02,127.23,115367.499,57443
2025-12-02 04:00:00,SOLUSDT,127.23,127.85,126.87,126.89,95543.143,48984
2025-12-02 05:00:00,SOLUSDT,126.89,127.09,126.46,126.69,89214.107,42673
2025-12-02 06:00:00,SOLUSDT,126.69,127.85,126.44,127.68,70928.378,41714
2025-12-02 07:00:00,SOLUSDT,127.68,127.71,127.0,127.26,48129.447,35706
2025-12-02 08:00:00,SOLUSDT,127.26,127.32,126.01,126.17,76214.607,52351
2025-12-02 09:00:00,SOLUSDT,126.16,127.21,126.14,126.77,87538.873,56130
2025-12-02 10:00:00,SOLUSDT,126.77,128.84,126.71,128.3,112452.275,60403
2025-12-02 11:00:00,SOLUSDT,128.3,128.53,127.82,128.31,112572.343,57046
2025-12-02 12:00:00,SOLUSDT,128.32,129.03,128.2,128.88,164984.745,57497
2025-12-02 13:00:00,SOLUSDT,128.87,131.02,128.46,130.61,367693.712,109018
2025-12-02 14:00:00,SOLUSDT,130.6,133.45,130.4,132.97,395093.239,186859
2025-12-02 15:00:00,SOLUSDT,132.97,139.87,132.95,137.84,991212.586,389768
2025-12-02 16:00:00,SOLUSDT,137.83,139.71,137.38,139.37,547630.627,280741
2025-12-02 17:00:00,SOLUSDT,139.38,140.88,139.25,139.48,362605.699,192711
2025-12-02 18:00:00,SOLUSDT,139.47,140.3,139.37,139.84,197001.63,120165
2025-12-02 19:00:00,SOLUSDT,139.85,140.64,139.77,140.25,124838.574,85049
2025-12-02 20:00:00,SOLUSDT,140.26,140.38,138.2,138.73,368016.488,145151
2025-12-02 21:00:00,SOLUSDT,138.73,139.29,138.37,139.11,118281.543,79500
2025-12-02 22:00:00,SOLUSDT,139.11,139.98,138.86,139.92,147987.712,89981
2025-12-02 23:00:00,SOLUSDT,139.92,139.94,138.4,138.68,102260.322,73512
2025-12-03 00:00:00,SOLUSDT,138.67,138.95,137.76,138.16,203105.226,88702
2025-12-03 01:00:00,SOLUSDT,138.16,139.23,137.88,138.87,140556.928,62002
2025-12-03 02:00:00,SOLUSDT,138.87,140.32,138.8,140.03,139297.228,81239
2025-12-03 03:00:00,SOLUSDT,140.03,140.65,139.79,140.33,108686.893,51436
2025-12-03 04:00:00,SOLUSDT,140.33,142.49,140.18,142.26,276283.259,97651
2025-12-03 05:00:00,SOLUSDT,142.26,143.25,142.16,143.06,211439.113,85281
2025-12-03 06:00:00,SOLUSDT,143.05,144.26,142.37,142.46,173358.792,91625
2025-12-03 07:00:00,SOLUSDT,142.45,142.58,141.83,141.88,93978.528,57735
2025-12-03 08:00:00,SOLUSDT,141.89,142.67,141.47,142.14,87600.129,53028
2025-12-03 09:00:00,SOLUSDT,142.14,142.46,141.55,142.09,101078.735,52521
2025-12-03 10:00:00,SOLUSDT,142.09,142.28,141.18,141.3,67221.701,44177
2025-12-03 11:00:00,SOLUSDT,141.3,141.75,140.75,141.72,82997.593,49482
2025-12-03 12:00:00,SOLUSDT,141.72,142.09,141.09,141.92,72351.042,49648
2025-12-03 13:00:00,SOLUSDT,141.91,142.46,141.5,141.87,85679.48,57369
2025-12-03 14:00:00,SOLUSDT,141.87,143.59,138.78,140.95,454651.317,310132
2025-12-03 15:00:00,SOLUSDT,140.95,142.09,140.14,141.0,134395.868,139788
2025-12-03 16:00:00,SOLUSDT,141.0,142.0,139.87,140.7,218344.643,103985
2025-12-03 17:00:00,SOLUSDT,140.71,142.1,140.47,141.83,135367.865,93183
2025-12-03 18:00:00,SOLUSDT,141.82,142.39,140.67,141.17,173813.126,75636
2025-12-03 19:00:00,SOLUSDT,141.17,141.6,141.02,141.28,106188.916,50527
2025-12-03 20:00:00,SOLUSDT,141.27,142.24,140.74,141.7,104944.469,69561
2025-12-03 21:00:00,SOLUSDT,141.7,146.08,141.61,145.49,265536.7,111788
2025-12-03 22:00:00,SOLUSDT,145.5,145.92,143.08,144.55,336417.16,171958
2025-12-03 23:00:00,SOLUSDT,144.56,145.63,144.48,144.67,180850.094,92440
2025-12-04 00:00:00,SOLUSDT,144.67,145.38,143.64,145.01,114011.952,90767
2025-12-04 01:00:00,SOLUSDT,145.02,146.91,144.11,144.18,174274.944,119292
2025-12-04 02:00:00,SOLUSDT,144.18,146.1,143.99,145.6,83194.088,83988
2025-12-04 03:00:00,SOLUSDT,145.6,145.64,144.32,144.67,68731.339,61930
2025-12-04 04:00:00,SOLUSDT,144.68,144.9,143.72,144.17,59093.238,44635
2025-12-04 05:00:00,SOLUSDT,144.16,144.23,142.95,143.24,92367.986,50025
2025-12-04 06:00:00,SOLUSDT,143.24,144.29,143.1,143.96,81169.589,51914
2025-12-04 07:00:00,SOLUSDT,143.97,144.01,142.64,143.47,125423.493,52766
2025-12-04 08:00:00,SOLUSDT,143.47,144.07,142.74,142.9,63497.327,47434
2025-12-04 09:00:00,SOLUSDT,142.9,144.2,142.89,143.91,68326.484,50979
2025-12-04 10:00:00,SOLUSDT,143.92,144.19,143.29,143.35,57914.328,48388
2025-12-04 11:00:00,SOLUSDT,143.35,143.5,142.7,143.06,91661.961,54394
2025-12-04 12:00:00,SOLUSDT,143.05,143.5,142.4,142.88,78252.97,51221
2025-12-04 13:00:00,SOLUSDT,142.88,143.18,141.79,142.23,152773.599,89908
2025-12-04 14:00:00,SOLUSDT,142.23,143.34,141.44,141.82,168508.42,138506
2025-12-04 15:00:00,SOLUSDT,141.81,144.26,141.78,143.21,233885.396,147486
2025-12-04 16:00:00,SOLUSDT,143.2,143.85,142.25,142.62,121354.23,91655
2025-12-04 17:00:00,SOLUSDT,142.62,142.81,141.11,142.14,120102.874,84220
2025-12-04 18:00:00,SOLUSDT,142.14,142.22,140.32,140.75,105505.95,78135
2025-12-04 19:00:00,SOLUSDT,140.75,140.87,137.8,139.67,290381.511,160162
2025-12-04 20:00:00,SOLUSDT,139.66,140.5,139.18,140.37,104406.31,79382
2025-12-04 21:00:00,SOLUSDT,140.38,140.43,138.5,138.72,108024.509,59295
2025-12-04 22:00:00,SOLUSDT,138.72,139.78,138.72,139.39,80918.497,46008
2025-12-04 23:00:00,SOLUSDT,139.39,139.43,138.7,139.01,50461.246,36957
2025-12-05 00:00:00,SOLUSDT,139.01,139.72,138.9,139.24,72058.7,47807
2025-12-05 01:00:00,SOLUSDT,139.24,140.2,139.14,139.82,79938.515,50585
2025-12-05 02:00:00,SOLUSDT,139.83,140.15,139.25,139.81,101601.457,50286
2025-12-05 03:00:00,SOLUSDT,139.8,140.18,138.3,138.56,104393.147,47986
2025-12-05 04:00:00,SOLUSDT,138.55,139.14,138.07,138.52,97628.063,47604
2025-12-05 05:00:00,SOLUSDT,138.52,138.74,137.77,138.04,94173.457,36431
2025-12-05 06:00:00,SOLUSDT,138.05,139.0,138.03,138.89,60035.591,37479
2025-12-05 07:00:00,SOLUSDT,138.9,140.75,138.77,139.68,161682.94,62640
2025-12-05 08:00:00,SOLUSDT,139.67,139.67,137.81,138.19,135576.525,54123
2025-12-05 09:00:00,SOLUSDT,138.2,138.27,136.28,136.34,229985.947,100309
2025-12-05 10:00:00,SOLUSDT,136.34,137.98,136.13,137.71,147047.808,61230
2025-12-05 11:00:00,SOLUSDT,137.71,138.09,136.87,137.02,100748.05,53314
2025-12-05 12:00:00,SOLUSDT,137.01,137.14,135.21,136.67,179328.148,52903
2025-12-05 13:00:00,SOLUSDT,136.67,137.06,135.77,135.94,143257.041,98319
2025-12-05 14:00:00,SOLUSDT,135.94,136.31,134.41,134.74,188627.584,131107
2025-12-05 15:00:00,SOLUSDT,134.73,137.2,134.63,135.05,290534.912,190907
2025-12-05 16:00:00,SOLUSDT,135.04,135.2,131.18,132.2,416442.876,249852
2025-12-05 17:00:00,SOLUSDT,132.2,132.73,131.11,132.16,188683.579,129512
2025-12-05 18:00:00,SOLUSDT,132.16,133.03,131.17,131.35,130922.888,101898
2025-12-05 19:00:00,SOLUSDT,131.36,133.04,130.73,132.5,147747.82,108055
2025-12-05 20:00:00,SOLUSDT,132.49,132.9,131.96,132.56,103897.292,74934
2025-12-05 21:00:00,SOLUSDT,132.57,133.16,132.0,132.4,106120.318,48964
2025-12-05 22:00:00,SOLUSDT,132.4,132.86,132.11,132.72,37192.609,36406
2025-12-05 23:00:00,SOLUSDT,132.72,133.43,132.27,133.29,49733.876,32256
2025-12-06 00:00:00,SOLUSDT,133.29,133.7,132.8,133.46,45224.674,35498
2025-12-06 01:00:00,SOLUSDT,133.47,133.83,133.2,133.49,37205.336,33992
2025-12-06 02:00:00,SOLUSDT,133.49,133.52,132.88,132.94,19706.802,20539
2025-11-29 03:00:00,ADAUSDT,0.4179,0.4187,0.4162,0.4163,1749491.8,4041
2025-11-29 04:00:00,ADAUSDT,0.4162,0.4187,0.4149,0.4182,4617550.7,5766
2025-11-29 05:00:00,ADAUSDT,0.4182,0.4184,0.4163,0.4164,1278236.6,3369
2025-11-29 06:00:00,ADAUSDT,0.4164,0.4181,0.4134,0.4157,3966322.9,6349
2025-11-29 07:00:00,ADAUSDT,0.4158,0.4174,0.415,0.4154,991531.0,2706
2025-11-29 08:00:00,ADAUSDT,0.4153,0.4166,0.4141,0.415,1370019.3,3698
2025-11-29 09:00:00,ADAUSDT,0.4151,0.416,0.4141,0.4152,1118267.4,2426
2025-11-29 10:00:00,ADAUSDT,0.4151,0.4176,0.4137,0.4165,2682902.2,5692
2025-11-29 11:00:00,ADAUSDT,0.4166,0.4192,0.4161,0.4185,1573331.4,4219
2025-11-29 12:00:00,ADAUSDT,0.4185,0.4197,0.417,0.4176,2883512.6,8218
2025-11-29 13:00:00,ADAUSDT,0.4176,0.4187,0.4168,0.4172,2604470.1,7571
2025-11-29 14:00:00,ADAUSDT,0.4171,0.4185,0.4155,0.4158,2483440.8,6219
2025-11-29 15:00:00,ADAUSDT,0.4158,0.421,0.4157,0.4202,3754247.5,8072
2025-11-29 16:00:00,ADAUSDT,0.4202,0.4216,0.4177,0.4191,1968782.9,6381
2025-11-29 17:00:00,ADAUSDT,0.4191,0.4196,0.4141,0.4144,3032097.5,6486
2025-11-29 18:00:00,ADAUSDT,0.4144,0.4164,0.4114,0.4154,3496377.3,7678
2025-11-29 19:00:00,ADAUSDT,0.4154,0.4172,0.4137,0.4149,1640273.5,3378
2025-11-29 20:00:00,ADAUSDT,0.4149,0.4177,0.4133,0.4173,2283672.8,4922
2025-11-29 21:00:00,ADAUSDT,0.4175,0.4183,0.4153,0.4168,1396935.2,3994
2025-11-29 22:00:00,ADAUSDT,0.4167,0.4167,0.4143,0.4154,1210271.5,3128
2025-11-29 23:00:00,ADAUSDT,0.4154,0.4166,0.4136,0.4147,1132645.9,2455
2025-11-30 00:00:00,ADAUSDT,0.4147,0.4168,0.4142,0.4145,686263.3,2452
2025-11-30 01:00:00,ADAUSDT,0.4145,0.4168,0.4139,0.4158,1601367.1,3384
2025-11-30 02:00:00,ADAUSDT,0.4158,0.4177,0.4142,0.4144,2057860.0,4061
2025-11-30 03:00:00,ADAUSDT,0.4144,0.4204,0.4135,0.42,10498271.1,12425
2025-11-30 04:00:00,ADAUSDT,0.4201,0.4205,0.4165,0.4178,2241529.7,4619
2025-11-30 05:00:00,ADAUSDT,0.4177,0.4183,0.415,0.4167,1660768.6,3840
2025-11-30 06:00:00,ADAUSDT,0.4167,0.4189,0.4155,0.4168,1355082.8,3126
2025-11-30 07:00:00,ADAUSDT,0.4167,0.4197,0.4164,0.4185,991036.7,2660
2025-11-30 08:00:00,ADAUSDT,0.4185,0.4219,0.4168,0.4184,4070415.5,7548
2025-11-30 09:00:00,ADAUSDT,0.4184,0.4207,0.4181,0.4203,1958702.6,4314
2025-11-30 10:00:00,ADAUSDT,0.4202,0.4213,0.4184,0.4194,2584817.7,4857
2025-11-30 11:00:00,ADAUSDT,0.4194,0.4202,0.417,0.4176,1455676.6,3749
2025-11-30 12:00:00,ADAUSDT,0.4175,0.4232,0.4171,0.4219,2523114.6,6353
2025-11-30 13:00:00,ADAUSDT,0.4219,0.4261,0.421,0.4258,4231649.4,8544
2025-11-30 14:00:00,ADAUSDT,0.4259,0.4263,0.4225,0.4247,2428558.0,5591
2025-11-30 15:00:00,ADAUSDT,0.4246,0.4246,0.4207,0.4229,2129493.7,5986
2025-11-30 16:00:00,ADAUSDT,0.4229,0.4274,0.4228,0.4254,2337367.3,6469
2025-11-30 17:00:00,ADAUSDT,0.4254,0.4265,0.4227,0.4249,2169506.5,5872
2025-11-30 18:00:00,ADAUSDT,0.425,0.4257,0.4234,0.4254,1861536.5,4555
2025-11-30 19:00:00,ADAUSDT,0.4254,0.4264,0.4239,0.4251,1943293.9,3804
2025-11-30 20:00:00,ADAUSDT,0.4251,0.4269,0.4226,0.4246,1919973.1,4072
2025-11-30 21:00:00,ADAUSDT,0.4245,0.4249,0.4216,0.4238,1807635.1,4033
2025-11-30 22:00:00,ADAUSDT,0.4238,0.4262,0.4221,0.4245,1612178.9,3992
2025-11-30 23:00:00,ADAUSDT,0.4245,0.4246,0.4142,0.4143,5879550.3,9859
2025-12-01 00:00:00,ADAUSDT,0.4142,0.4158,0.3878,0.3881,40304873.7,57683
2025-12-01 01:00:00,ADAUSDT,0.3881,0.3959,0.3877,0.3899,27695512.5,32240
2025-12-01 02:00:00,ADAUSDT,0.3899,0.3927,0.3888,0.3901,11204147.6,15069
2025-12-01 03:00:00,ADAUSDT,0.3901,0.3904,0.384,0.3862,8543920.1,13462
2025-12-01 04:00:00,ADAUSDT,0.3861,0.3871,0.3833,0.3843,6018776.4,9787
2025-12-01 05:00:00,ADAUSDT,0.3842,0.3859,0.3826,0.3846,6374392.1,8328
2025-12-01 06:00:00,ADAUSDT,0.3845,0.3862,0.3814,0.3836,6318087.9,8139
2025-12-01 07:00:00,ADAUSDT,0.3837,0.3891,0.3811,0.3886,8432808.6,9304
2025-12-01 08:00:00,ADAUSDT,0.3886,0.3889,0.3869,0.3878,4245246.3,6371
2025-12-01 09:00:00,ADAUSDT,0.3878,0.3888,0.3851,0.3854,4684756.7,6177
2025-12-01 10:00:00,ADAUSDT,0.3854,0.387,0.3853,0.3861,1729905.4,3495
2025-12-01 11:00:00,ADAUSDT,0.3861,0.3863,0.3823,0.3827,3939134.4,6015
2025-12-01 12:00:00,ADAUSDT,0.3827,0.3832,0.3734,0.3793,17305678.3,19415
2025-12-01 13:00:00,ADAUSDT,0.3792,0.3826,0.377,0.3779,9389162.9,13662
2025-12-01 14:00:00,ADAUSDT,0.3779,0.3844,0.3778,0.3804,6913780.7,13806
2025-12-01 15:00:00,ADAUSDT,0.3805,0.381,0.3707,0.3762,13377595.3,23471
2025-12-01 16:00:00,ADAUSDT,0.3763,0.3764,0.3715,0.372,5453278.5,12119
2025-12-01 17:00:00,ADAUSDT,0.372,0.3764,0.3719,0.3747,4959435.1,9477
2025-12-01 18:00:00,ADAUSDT,0.3747,0.3792,0.3746,0.3785,4974566.8,13551
2025-12-01 19:00:00,ADAUSDT,0.3785,0.3787,0.3747,0.3764,2263630.7,5893
2025-12-01 20:00:00,ADAUSDT,0.3763,0.3806,0.3762,0.3777,4242660.7,9205
2025-12-01 21:00:00,ADAUSDT,0.3777,0.3826,0.3777,0.3818,4976281.5,8362
2025-12-01 22:00:00,ADAUSDT,0.3819,0.3851,0.3813,0.3836,3107807.7,6159
2025-12-01 23:00:00,ADAUSDT,0.3837,0.3877,0.3837,0.3856,2915736.9,5673
2025-12-02 00:00:00,ADAUSDT,0.3856,0.3876,0.3848,0.3871,2686768.4,6040
2025-12-02 01:00:00,ADAUSDT,0.387,0.3915,0.3861,0.3865,3804930.8,8523
2025-12-02 02:00:00,ADAUSDT,0.3864,0.3907,0.3853,0.3884,4615018.9,7574
2025-12-02 03:00:00,ADAUSDT,0.3884,0.392,0.3859,0.3913,3055843.0,5542
2025-12-02 04:00:00,ADAUSDT,0.3913,0.3937,0.3906,0.3912,3751447.1,6032
2025-12-02 05:00:00,ADAUSDT,0.3912,0.3922,0.3898,0.391,3372723.4,5263
2025-12-02 06:00:00,ADAUSDT,0.391,0.3922,0.3892,0.3915,2001193.4,3801
2025-12-02 07:00:00,ADAUSDT,0.3916,0.3917,0.3888,0.3894,1802579.1,3281
2025-12-02 08:00:00,ADAUSDT,0.3894,0.3897,0.3854,0.3861,4767323.6,6887
2025-12-02 09:00:00,ADAUSDT,0.3862,0.3894,0.386,0.3871,3178415.4,5264
2025-12-02 10:00:00,ADAUSDT,0.3871,0.3937,0.3869,0.392,4201294.8,6298
2025-12-02 11:00:00,ADAUSDT,0.392,0.3949,0.3906,0.3939,3492307.9,6737
2025-12-02 12:00:00,ADAUSDT,0.3938,0.3956,0.3929,0.3952,4836840.7,6319
2025-12-02 13:00:00,ADAUSDT,0.3952,0.3991,0.3938,0.3983,4663283.1,8683
2025-12-02 14:00:00,ADAUSDT,0.3984,0.4075,0.3973,0.4073,11086368.0,18985
2025-12-02 15:00:00,ADAUSDT,0.4074,0.4312,0.4074,0.4283,31503893.8,47441
2025-12-02 16:00:00,ADAUSDT,0.4284,0.4326,0.4259,0.4295,18697713.4,33770
2025-12-02 17:00:00,ADAUSDT,0.4296,0.4341,0.428,0.4287,8899510.1,18542
2025-12-02 18:00:00,ADAUSDT,0.4288,0.4326,0.4284,0.4305,6511476.8,12733
2025-12-02 19:00:00,ADAUSDT,0.4305,0.438,0.4299,0.4345,6653112.1,12225
2025-12-02 20:00:00,ADAUSDT,0.4346,0.4375,0.4323,0.4362,11278454.1,19952
2025-12-02 21:00:00,ADAUSDT,0.4362,0.4378,0.4348,0.437,4842687.4,11018
2025-12-02 22:00:00,ADAUSDT,0.4369,0.439,0.4345,0.4364,6332805.6,12213
2025-12-02 23:00:00,ADAUSDT,0.4364,0.4386,0.4332,0.4335,4282652.3,9541
2025-12-03 00:00:00,ADAUSDT,0.4335,0.435,0.4298,0.4346,6514052.7,12195
2025-12-03 01:00:00,ADAUSDT,0.4346,0.4368,0.4327,0.4358,3515704.8,9006
2025-12-03 02:00:00,ADAUSDT,0.4358,0.4388,0.4349,0.4379,5596088.4,11174
2025-12-03 03:00:00,ADAUSDT,0.4378,0.4389,0.4357,0.4381,3723198.6,7207
2025-12-03 04:00:00,ADAUSDT,0.4381,0.4415,0.4354,0.4403,7930974.6,15195
2025-12-03 05:00:00,ADAUSDT,0.4404,0.4445,0.4398,0.4403,6942045.2,12230
2025-12-03 06:00:00,ADAUSDT,0.4403,0.4472,0.4403,0.4451,6688944.9,14702
2025-12-03 07:00:00,ADAUSDT,0.4451,0.4468,0.4422,0.4429,3529494.1,9556
2025-12-03 08:00:00,ADAUSDT,0.4428,0.447,0.4415,0.4447,2710743.3,7477
2025-12-03 09:00:00,ADAUSDT,0.4448,0.4452,0.4396,0.4417,4001966.4,7399
2025-12-03 10:00:00,ADAUSDT,0.4418,0.442,0.4369,0.4372,3358456.3,6205
2025-12-03 11:00:00,ADAUSDT,0.4373,0.438,0.4356,0.437,3286771.6,6747
2025-12-03 12:00:00,ADAUSDT,0.437,0.4376,0.4338,0.4349,5054997.6,7590
2025-12-03 13:00:00,ADAUSDT,0.4348,0.4371,0.4342,0.436,3745421.9,7065
2025-12-03 14:00:00,ADAUSDT,0.436,0.4414,0.4265,0.4316,19190449.9,37642
2025-12-03 15:00:00,ADAUSDT,0.4316,0.4363,0.4312,0.4342,5372768.7,14556
2025-12-03 16:00:00,ADAUSDT,0.4343,0.4397,0.4317,0.4368,4870304.6,10809
2025-12-03 17:00:00,ADAUSDT,0.4368,0.4441,0.4368,0.4427,5124101.3,9852
2025-12-03 18:00:00,ADAUSDT,0.4428,0.4439,0.44,0.4417,4134687.4,10477
2025-12-03 19:00:00,ADAUSDT,0.4417,0.4454,0.4407,0.445,2002331.3,5735
2025-12-03 20:00:00,ADAUSDT,0.445,0.4495,0.4438,0.4468,5167860.6,10395
2025-12-03 21:00:00,ADAUSDT,0.4468,0.4541,0.4466,0.4535,7238916.9,11947
2025-12-03 22:00:00,ADAUSDT,0.4535,0.4538,0.4484,0.4501,6266116.3,13149
2025-12-03 23:00:00,ADAUSDT,0.4501,0.453,0.4496,0.4499,4440806.0,9405
2025-12-04 00:00:00,ADAUSDT,0.45,0.4527,0.4469,0.4503,5793699.0,10480
2025-12-04 01:00:00,ADAUSDT,0.4503,0.4558,0.4483,0.4485,6518176.7,12107
2025-12-04 02:00:00,ADAUSDT,0.4486,0.4529,0.4482,0.4503,3706958.2,7830
2025-12-04 03:00:00,ADAUSDT,0.4503,0.4511,0.4475,0.4494,3073959.4,6532
2025-12-04 04:00:00,ADAUSDT,0.4494,0.4512,0.4454,0.4473,4956475.9,8184
2025-12-04 05:00:00,ADAUSDT,0.4474,0.4484,0.4451,0.4474,4711390.3,9089
2025-12-04 06:00:00,ADAUSDT,0.4475,0.454,0.4475,0.4515,6055725.1,10212
2025-12-04 07:00:00,ADAUSDT,0.4514,0.4527,0.4491,0.4518,4585824.4,7083
2025-12-04 08:00:00,ADAUSDT,0.4518,0.4527,0.4477,0.4483,4660764.4,7778
2025-12-04 09:00:00,ADAUSDT,0.4484,0.451,0.4483,0.4488,3140210.7,5918
2025-12-04 10:00:00,ADAUSDT,0.4489,0.4494,0.4453,0.4454,2903679.0,5307
2025-12-04 11:00:00,ADAUSDT,0.4454,0.4476,0.4443,0.4464,1939366.0,6436
2025-12-04 12:00:00,ADAUSDT,0.4463,0.4481,0.4444,0.447,1883539.2,4960
2025-12-04 13:00:00,ADAUSDT,0.4471,0.4486,0.4439,0.4439,5192416.0,10363
2025-12-04 14:00:00,ADAUSDT,0.444,0.4469,0.4396,0.441,6749257.5,16218
2025-12-04 15:00:00,ADAUSDT,0.4409,0.4529,0.4409,0.4506,9172902.8,18114
2025-12-04 16:00:00,ADAUSDT,0.4507,0.452,0.4462,0.447,5234547.8,12758
2025-12-04 17:00:00,ADAUSDT,0.4469,0.4473,0.4422,0.445,2823778.4,8540
2025-12-04 18:00:00,ADAUSDT,0.445,0.4468,0.4418,0.4429,1977074.2,7351
2025-12-04 19:00:00,ADAUSDT,0.4429,0.4432,0.4346,0.4414,8266244.4,19644
2025-12-04 20:00:00,ADAUSDT,0.4415,0.4438,0.439,0.4425,4097043.9,9627
2025-12-04 21:00:00,ADAUSDT,0.4424,0.4435,0.4376,0.4382,2715080.3,5721
2025-12-04 22:00:00,ADAUSDT,0.4383,0.4418,0.4383,0.4409,1860867.6,4461
2025-12-04 23:00:00,ADAUSDT,0.4409,0.4412,0.4388,0.4394,1530506.1,3910
2025-12-05 00:00:00,ADAUSDT,0.4394,0.4427,0.4391,0.4412,2326473.5,4960
2025-12-05 01:00:00,ADAUSDT,0.4411,0.4425,0.4393,0.4396,1927325.7,4763
2025-12-05 02:00:00,ADAUSDT,0.4396,0.4426,0.4381,0.4407,2623340.6,5086
2025-12-05 03:00:00,ADAUSDT,0.4407,0.4429,0.4386,0.4397,2039879.9,4687
2025-12-05 04:00:00,ADAUSDT,0.4396,0.4424,0.4381,0.4391,2948282.4,6222
2025-12-05 05:00:00,ADAUSDT,0.439,0.4395,0.436,0.4368,3258599.4,4277
2025-12-05 06:00:00,ADAUSDT,0.4369,0.4404,0.4369,0.4394,3102134.7,5459
2025-12-05 07:00:00,ADAUSDT,0.4393,0.4424,0.4388,0.4416,2527118.7,4998
2025-12-05 08:00:00,ADAUSDT,0.4416,0.4416,0.4361,0.4378,2952997.4,6124
2025-12-05 09:00:00,ADAUSDT,0.4378,0.4378,0.4298,0.4306,5902944.2,12634
2025-12-05 10:00:00,ADAUSDT,0.4306,0.4337,0.4298,0.4317,2301784.3,5791
2025-12-05 11:00:00,ADAUSDT,0.4316,0.4321,0.428,0.4304,3179668.3,6056
2025-12-05 12:00:00,ADAUSDT,0.4304,0.4314,0.4297,0.4307,2634464.3,4352
2025-12-05 13:00:00,ADAUSDT,0.4306,0.4319,0.4257,0.4262,5510222.8,11543
2025-12-05 14:00:00,ADAUSDT,0.4262,0.428,0.4232,0.4247,5815585.1,16044
2025-12-05 15:00:00,ADAUSDT,0.4247,0.4325,0.4247,0.4262,9258937.1,21659
2025-12-05 16:00:00,ADAUSDT,0.4262,0.4264,0.4093,0.4137,16726275.9,34045
2025-12-05 17:00:00,ADAUSDT,0.4136,0.4163,0.4111,0.4148,4997140.5,15957
2025-12-05 18:00:00,ADAUSDT,0.4148,0.4182,0.4108,0.4109,5356032.2,15658
2025-12-05 19:00:00,ADAUSDT,0.4109,0.4177,0.4091,0.4161,4306721.4,12208
2025-12-05 20:00:00,ADAUSDT,0.4161,0.4169,0.4134,0.4141,2310708.6,6316
2025-12-05 21:00:00,ADAUSDT,0.414,0.4169,0.4131,0.4141,2675770.9,5966
2025-12-05 22:00:00,ADAUSDT,0.4142,0.4171,0.4128,0.4162,1559224.1,4214
2025-12-05 23:00:00,ADAUSDT,0.4161,0.4166,0.4137,0.4157,1378186.2,2957
2025-12-06 00:00:00,ADAUSDT,0.4156,0.4157,0.4121,0.4156,2465463.9,4554
2025-12-06 01:00:00,ADAUSDT,0.4156,0.4172,0.4148,0.4165,1347736.1,4599
2025-12-06 02:00:00,ADAUSDT,0.4164,0.4164,0.414,0.4143,548390.5,2121
