timestamp,crypto_BTCUSDT_close,crypto_BTCUSDT_volume,crypto_ETHUSDT_close,crypto_ETHUSDT_volume,crypto_BNBUSDT_close,crypto_BNBUSDT_volume,crypto_SOLUSDT_close,crypto_SOLUSDT_volume,crypto_ADAUSDT_close,crypto_ADAUSDT_volume,solar_density,solar_speed,solar_temperature,geomag_kp,solar_xray,seismic_count,seismic_max_mag,climate_temperature,climate_humidity,climate_pressure,climate_wind_speed
2025-11-29 00:00:00,,,,,,,,,,,,,,2.67,,0.0,0.0,4.5,89,1021.5,3.0
2025-11-29 01:00:00,,,,,,,,,,,,,,2.67,,0.0,0.0,3.4,92,1021.5,4.0
2025-11-29 02:00:00,,,,,,,,,,,,,,2.67,,0.0,0.0,2.5,93,1021.3,3.7
2025-11-29 03:00:00,90680.26,203.76865,3022.6,6805.8259,884.14,2052.206,136.83,54531.5,0.4163,1749491.8,0.24,608.7,5261.0,3.0,1.225964041395855e-07,1.0,5.1,2.3,94,1021.1,2.6
2025-11-29 04:00:00,90901.56,194.82906,3041.04,6376.7451,884.47,4508.329,137.64,41405.206,0.4182,4617550.7,0.33,593.8,2000.0,3.0,8.700644826831194e-08,2.0,4.9,1.8,95,1020.9,3.4
2025-11-29 05:00:00,90747.16,201.02788,3033.21,5840.4203,881.3,4327.374,137.22,60045.13,0.4164,1278236.6,0.38,602.4,13532.0,3.0,1.2396202464515227e-07,1.0,2.53896063450723,1.4,94,1020.8,3.5
2025-11-29 06:00:00,90565.29,551.9962,3007.64,21897.2576,878.9,6775.794,137.11,162032.312,0.4157,3966322.9,0.22,610.5,2000.0,4.0,1.3383061059357715e-07,5.0,5.1,0.9,95,1020.8,3.7
2025-11-29 07:00:00,90567.67,281.69639,3004.9,8437.5736,879.06,4438.056,137.28,52995.013,0.4154,991531.0,0.49,542.9,2000.0,4.0,1.4775299916891527e-07,1.0,2.86,0.2,95,1020.8,3.5
2025-11-29 08:00:00,90629.67,209.42959,3008.29,5129.7948,880.0,2930.714,136.98,84762.582,0.415,1370019.3,1.14,582.6,12422.0,4.0,1.1697002832988801e-07,1.0,5.9,0.7,95,1020.8,2.5
2025-11-29 09:00:00,90560.08,255.33197,3002.05,8389.8706,881.21,2804.322,136.67,61895.572,0.4152,1118267.4,1.14,582.6,12422.0,3.33,6.093384854466422e-07,0.0,0.0,2.6,88,1020.8,1.3
2025-11-29 10:00:00,90552.47,287.88192,2997.32,14219.3495,879.07,2289.992,136.82,73404.532,0.4165,2682902.2,1.14,582.6,12422.0,3.33,6.464092905389407e-08,1.0,2.51,4.9,81,1020.7,1.2
2025-11-29 11:00:00,90673.19,204.80457,2999.82,9857.1595,878.56,3387.721,137.33,45066.19,0.4185,1573331.4,1.14,582.6,12422.0,3.33,5.2635872549444684e-08,1.0,5.0,6.7,76,1020.0,2.4
2025-11-29 12:00:00,90616.01,253.50149,2997.22,6908.8901,877.19,4347.107,136.94,39342.965,0.4176,2883512.6,0.12,591.0,2000.0,4.0,5.8729781926558644e-08,1.0,4.7,8.3,72,1018.5,4.0
2025-11-29 13:00:00,90783.17,243.4196,2998.4,4964.9233,878.09,2906.864,136.91,44345.387,0.4172,2604470.1,12.66,563.3,565984.0,4.0,4.542195952694783e-08,3.0,4.6,9.7,67,1017.1,5.6
2025-11-29 14:00:00,90621.72,231.55273,2988.28,15545.4928,875.76,2072.749,136.54,42988.307,0.4158,2483440.8,0.09,593.6,2000.0,4.0,2.1305203290467034e-07,1.0,2.76,10.4,64,1015.9,8.3
2025-11-29 15:00:00,91063.5,419.55316,3007.41,17318.0464,880.93,4531.382,137.58,107679.387,0.4202,3754247.5,0.16,598.1,2000.0,4.0,2.9736122542090015e-07,2.0,4.8,10.6,61,1015.3,9.5
2025-11-29 16:00:00,91004.03,256.29667,3003.07,12386.3867,881.29,2236.304,137.66,64119.84,0.4191,1968782.9,0.08,591.0,2000.0,4.0,5.066653102403507e-06,1.0,2.6,10.0,64,1015.2,8.5
2025-11-29 17:00:00,90421.21,800.09236,2969.98,19747.667,872.93,6826.738,136.19,173154.741,0.4144,3032097.5,14.5,611.6,596233.0,4.0,7.010284548414347e-07,1.0,3.2,8.2,74,1015.4,8.5
2025-11-29 18:00:00,90690.84,837.40131,2994.72,17579.192,874.01,9661.032,135.69,216814.773,0.4154,3496377.3,0.17,572.6,2000.0,3.0,3.4043463870148116e-07,2.0,4.8,7.7,76,1015.4,9.2
2025-11-29 19:00:00,90640.78,298.72853,2988.47,4628.9189,873.1,1360.896,135.68,72615.372,0.4149,1640273.5,0.35,600.5,13807.0,3.0,1.305555770159117e-07,0.0,0.0,7.4,77,1015.6,9.7
2025-11-29 20:00:00,90963.29,336.13338,2997.42,3653.4837,874.53,1361.704,136.23,59025.386,0.4173,2283672.8,0.3,598.8,11187.0,3.0,9.841349424277723e-08,1.0,4.9,6.8,80,1015.6,9.7
2025-11-29 21:00:00,91008.68,179.69384,2994.18,3667.386,875.4,1344.721,136.46,36682.602,0.4168,1396935.2,0.14,572.6,2000.0,3.0,5.059932561835012e-08,2.0,4.4,6.1,87,1015.7,9.6
2025-11-29 22:00:00,90753.02,311.96344,2988.83,4074.4943,873.5,1286.02,135.81,121295.745,0.4154,1210271.5,0.06,615.3,2000.0,3.0,9.399628453365949e-08,2.0,5.8,5.6,92,1015.9,7.4
2025-11-29 23:00:00,90802.44,133.73065,2989.16,2725.732,872.9,1395.475,135.91,52894.73,0.4147,1132645.9,0.2,572.6,2000.0,3.0,4.462181735220838e-08,1.0,5.3,4.8,94,1016.0,4.3
2025-11-30 00:00:00,90893.94,127.74315,2997.31,3169.2708,875.3,1642.967,135.95,93845.179,0.4145,686263.3,14.52,600.1,650258.0,4.0,4.532005348778512e-08,1.0,2.9,5.6,93,1016.0,4.9
2025-11-30 01:00:00,90913.31,246.89699,3004.97,6218.0609,876.86,1782.82,136.29,114935.777,0.4158,1601367.1,13.37,584.6,632682.0,4.0,2.5974603090617165e-07,0.0,0.0,5.2,95,1015.2,4.5
2025-11-30 02:00:00,90795.51,321.82107,2990.96,4973.8916,873.96,1593.936,135.93,105466.426,0.4144,2057860.0,0.42,575.1,2000.0,4.0,5.3101913977116055e-08,2.0,4.5,5.9,93,1014.7,5.5
2025-11-30 03:00:00,90909.35,418.70941,3001.69,8342.7414,875.59,3779.914,136.4,116839.286,0.42,10498271.1,0.18,572.6,2000.0,4.0,1.4477451770744665e-07,1.0,2.99,5.9,95,1014.5,4.6
2025-11-30 04:00:00,90858.0,98.98576,2998.49,2354.0327,874.2,1596.962,136.34,65092.341,0.4178,2241529.7,0.15,593.8,2000.0,4.0,5.230373645304098e-08,1.0,3.49,5.9,97,1014.3,4.2
2025-11-30 05:00:00,90783.75,146.33614,2992.3,5631.133,871.45,2782.138,135.77,41459.43,0.4167,1660768.6,0.25,598.7,2000.0,4.0,1.618003011572e-07,1.0,4.5,5.9,97,1014.4,3.1
2025-11-30 06:00:00,90898.68,134.34933,2997.86,3047.0143,872.44,1910.122,136.33,67203.652,0.4168,1355082.8,0.73,588.6,11817.0,2.33,4.252414385064185e-07,1.0,3.4,5.9,96,1014.7,10.4
2025-11-30 07:00:00,90968.16,170.24658,3005.22,3438.6445,874.78,1820.671,136.53,63671.398,0.4185,991036.7,0.74,591.9,12470.0,2.33,2.1098928471019462e-07,4.0,4.4,5.6,96,1015.0,6.2
2025-11-30 08:00:00,91184.45,999.6229,3006.88,7926.0099,877.34,3527.914,136.81,111045.095,0.4184,4070415.5,0.49,594.2,11462.0,2.33,8.033286746922386e-08,3.0,4.7,5.3,96,1016.4,12.2
2025-11-30 09:00:00,91413.07,857.09997,3010.16,5095.4649,879.17,2991.592,136.82,63055.059,0.4203,1958702.6,0.49,594.2,11462.0,3.33,9.216535801215286e-08,1.0,2.8,6.7,85,1017.0,18.2
2025-11-30 10:00:00,91234.31,215.61141,3009.59,4713.219,877.14,2140.05,136.68,44352.39,0.4194,2584817.7,0.49,594.2,11462.0,3.33,1.0244823300809003e-07,2.0,5.3,7.7,74,1017.9,16.1
2025-11-30 11:00:00,91048.78,443.35776,3003.36,5556.6529,876.72,3086.432,136.42,35599.503,0.4176,1455676.6,0.49,594.2,11462.0,3.33,4.924237941850151e-07,1.0,2.72025408767562,9.0,65,1017.9,15.5
2025-11-30 12:00:00,91469.51,391.37581,3025.99,11634.0596,882.58,5510.09,137.58,107166.542,0.4219,2523114.6,0.14,601.4,2000.0,1.67,1.309407196004031e-07,2.0,4.9,9.9,56,1017.6,21.0
2025-11-30 13:00:00,91769.99,1268.05794,3048.99,21862.5951,896.45,20608.706,139.26,307421.588,0.4258,4231649.4,0.33,596.4,11262.0,1.67,9.039825954459957e-07,0.0,0.0,10.9,50,1017.0,18.1
2025-11-30 14:00:00,91499.99,479.45512,3037.84,13453.9962,893.91,10627.812,138.51,203846.272,0.4247,2428558.0,0.32,595.0,11826.0,1.67,4.093890879630635e-07,2.0,3.11,11.0,48,1016.9,16.7
2025-11-30 15:00:00,91435.31,490.26099,3028.69,13847.1171,893.99,4584.642,138.33,83536.333,0.4229,2129493.7,0.3,595.8,10338.0,2.33,1.0263472205451762e-07,2.0,2.77,11.1,45,1016.5,16.7
2025-11-30 16:00:00,91825.18,328.17239,3043.57,9136.8847,899.12,5951.702,139.52,116194.662,0.4254,2337367.3,1.02,554.1,42792.0,2.33,7.166974569372542e-08,1.0,4.8,10.2,50,1017.0,12.1
2025-11-30 17:00:00,91488.19,322.55187,3041.01,9475.6127,897.46,3402.523,138.46,111076.853,0.4249,2169506.5,0.39,588.9,10212.0,2.33,5.828764670923192e-08,2.0,4.6,8.5,57,1017.9,8.7
2025-11-30 18:00:00,91459.9,239.73146,3036.9,3891.5617,895.9,4437.434,138.61,90928.526,0.4254,1861536.5,9.57,557.7,372099.0,3.33,8.243024751664052e-08,0.0,0.0,7.6,63,1018.6,7.8
2025-11-30 19:00:00,91460.79,158.56074,3034.71,4418.0306,894.99,1427.337,137.63,108764.091,0.4251,1943293.9,9.47,555.8,378067.0,3.33,1.7369345073348086e-07,1.0,2.8,7.1,66,1020.1,9.4
2025-11-30 20:00:00,91315.6,260.58782,3028.94,3633.5299,895.32,3463.89,137.3,101103.662,0.4246,1919973.1,1.36,562.2,51324.0,3.33,1.2848194330672413e-07,0.0,0.0,6.3,68,1020.9,10.6
2025-11-30 21:00:00,91174.22,497.10764,3022.34,6733.4648,889.06,6305.191,137.04,78211.956,0.4238,1807635.1,9.5,557.5,380438.0,2.67,1.9495757896947907e-07,1.0,2.7,5.7,70,1021.6,10.9
2025-11-30 22:00:00,91225.28,263.92188,3033.62,5606.3105,888.37,3028.241,137.72,64844.119,0.4245,1612178.9,1.1,537.6,19175.0,2.67,4.891705884801922e-07,1.0,2.9042913389857907,5.0,74,1022.1,9.6
2025-11-30 23:00:00,90360.0,807.17762,2991.26,18563.1265,875.31,8227.501,133.48,312505.189,0.4143,5879550.3,9.02,556.9,378054.0,2.67,3.007673399224586e-08,1.0,4.9,4.2,77,1022.3,8.7
2025-12-01 00:00:00,87000.0,4607.45526,2836.4,100170.4911,834.5,60097.061,127.57,958104.526,0.3881,40304873.7,9.18,553.0,362968.0,4.0,4.6095230743503635e-08,1.0,4.6,3.9,76,1022.5,10.7
2025-12-01 01:00:00,87168.91,1588.04096,2850.86,26167.4515,837.79,18317.468,127.96,252307.445,0.3899,27695512.5,8.95,552.8,339857.0,4.0,5.012374160173749e-08,3.0,4.6,3.6,76,1022.7,10.2
2025-12-01 02:00:00,86722.29,2052.19788,2837.92,38591.3783,836.01,15731.694,127.57,236817.859,0.3901,11204147.6,8.99,560.1,259889.0,4.0,3.817502047809285e-08,2.0,4.1,3.3,77,1022.9,8.4
2025-12-01 03:00:00,86346.13,2001.96556,2825.77,34474.4182,829.4,19324.312,126.97,167417.967,0.3862,8543920.1,7.03,529.9,235372.0,1.0,2.191621570091229e-05,2.0,3.27,2.7,79,1023.0,7.3
2025-12-01 04:00:00,85801.03,1863.01351,2821.83,27234.3801,823.17,13363.091,126.38,156787.128,0.3843,6018776.4,6.78,524.2,256522.0,1.0,1.5422103842865909e-06,1.0,3.21,2.1,81,1022.8,8.5
2025-12-01 05:00:00,86001.08,749.36259,2827.8,13480.4566,823.29,9081.19,126.11,133038.873,0.3846,6374392.1,5.9,519.5,238136.0,1.0,4.1572940290279803e-07,0.0,0.0,1.7,81,1022.9,6.9
2025-12-01 06:00:00,86234.16,931.6074,2824.56,9577.2834,828.03,14200.254,126.72,95904.62,0.3836,6318087.9,5.81,510.8,175387.0,1.67,2.2846936076348356e-07,4.0,4.2,1.2,81,1023.5,7.8
2025-12-01 07:00:00,86550.3,1393.18357,2840.21,16399.137,832.43,8150.424,127.42,123914.425,0.3886,8432808.6,7.33,520.0,142010.0,1.67,1.4939480763587198e-07,2.0,4.4,0.7,82,1023.7,5.9
2025-12-01 08:00:00,86869.51,948.06769,2840.55,14459.6513,829.91,12399.729,127.72,130667.753,0.3878,4245246.3,6.88,509.5,132993.0,1.67,7.622507780524757e-08,2.0,4.7,0.8,80,1024.1,6.2
2025-12-01 09:00:00,86704.86,866.92667,2839.59,71328.5537,823.63,18815.782,127.02,132932.334,0.3854,4684756.7,6.88,509.5,132993.0,2.0,1.578993646944582e-07,0.0,0.0,2.2,76,1024.3,4.1
2025-12-01 10:00:00,86647.73,366.02338,2844.02,26318.7573,828.0,10176.391,127.25,54382.564,0.3861,1729905.4,6.88,509.5,132993.0,2.0,2.8147923103460926e-07,4.0,3.9,4.2,69,1024.5,3.8
2025-12-01 11:00:00,86149.15,824.75013,2838.35,42305.0311,824.86,12511.916,127.12,63172.655,0.3827,3939134.4,6.88,509.5,132993.0,2.0,1.3877820492780302e-07,0.0,0.0,6.3,63,1023.4,3.6
2025-12-01 12:00:00,85430.64,2098.18769,2821.08,37040.9502,821.43,18343.349,126.6,229039.468,0.3793,17305678.3,6.73,503.5,139738.0,2.0,7.584164052332198e-08,3.0,4.2,7.6,62,1022.3,2.4
2025-12-01 13:00:00,85986.85,1097.45554,2813.29,30227.999,816.48,14808.655,126.49,149498.06,0.3779,9389162.9,6.55,501.1,142730.0,2.0,3.675756943266606e-08,3.0,3.7,9.0,60,1021.2,2.4
2025-12-01 14:00:00,86067.9,1654.56841,2818.03,30987.8159,819.86,14599.003,126.11,182077.108,0.3804,6913780.7,5.07,480.0,165070.0,2.0,6.753572279194486e-08,1.0,4.8,9.8,58,1020.1,4.8
2025-12-01 15:00:00,84677.87,3274.16077,2745.72,129921.2631,811.85,30112.213,125.11,504343.481,0.3762,13377595.3,3.96,469.6,134018.0,3.0,3.9988762523535115e-08,2.0,4.6,9.9,60,1019.4,6.9
2025-12-01 16:00:00,84571.8,2152.34019,2731.47,43671.3232,810.11,10719.249,123.53,378648.164,0.372,5453278.5,3.3,487.6,167333.0,3.0,8.227820558204257e-08,0.0,0.0,9.2,65,1019.1,5.9
2025-12-01 17:00:00,84920.3,917.46569,2739.62,16817.0001,812.52,6325.425,124.44,174059.993,0.3747,4959435.1,3.95,458.2,123559.0,3.0,5.860811569391444e-08,1.0,4.1,7.7,76,1018.9,4.3
2025-12-01 18:00:00,85199.48,911.27586,2749.54,18002.8709,817.31,5860.778,124.51,152769.476,0.3785,4974566.8,5.07,474.2,170167.0,2.0,7.90461101018991e-08,2.0,4.9,7.5,77,1018.8,5.4
2025-12-01 19:00:00,85024.5,617.02121,2740.8,13672.2667,814.7,3367.567,123.86,122853.996,0.3764,2263630.7,4.24,452.0,118357.0,2.0,1.5677383657930477e-07,0.0,0.0,7.1,78,1019.3,6.8
2025-12-01 20:00:00,85518.0,1007.0535,2757.82,35229.5088,817.31,7187.521,124.45,137375.983,0.3777,4242660.7,4.35,453.4,119140.0,2.0,4.318074431353125e-08,1.0,5.1,6.5,79,1019.4,6.7
2025-12-01 21:00:00,86436.65,1202.40704,2791.71,34890.5279,822.99,7677.172,126.1,260903.562,0.3818,4976281.5,3.78,449.7,129840.0,2.0,3.9549846064801386e-08,1.0,4.9,6.3,78,1019.1,6.2
2025-12-01 22:00:00,86572.65,780.37442,2797.35,28162.087,826.9,6088.03,126.83,117782.724,0.3836,3107807.7,3.79,446.3,108052.0,2.0,1.974768935042448e-07,2.0,5.1,5.8,79,1018.6,6.2
2025-12-01 23:00:00,86286.01,604.10735,2799.07,9872.3885,826.61,5488.111,126.66,92703.893,0.3856,2915736.9,2.99,433.7,94496.0,2.0,3.927871716769005e-08,3.0,5.2,5.1,82,1018.3,6.2
2025-12-02 00:00:00,86513.33,887.97566,2795.68,10803.2312,826.3,3778.991,127.37,117394.752,0.3871,2686768.4,4.54,447.0,125510.0,2.33,5.919285328559454e-08,3.0,4.9,4.6,86,1018.3,7.1
2025-12-02 01:00:00,86454.93,1192.01967,2795.09,14683.6168,828.96,6853.851,126.99,109171.609,0.3865,3804930.8,2.34,424.0,91998.0,2.33,5.171418848703979e-08,1.0,4.9,3.9,88,1017.9,6.2
2025-12-02 02:00:00,86554.47,522.02975,2801.14,8800.4747,827.62,7853.369,126.97,100722.837,0.3884,4615018.9,3.43,436.6,90953.0,2.33,1.0687354290439544e-07,1.0,3.3,3.3,90,1017.8,4.9
2025-12-02 03:00:00,86976.99,643.79096,2804.55,6642.6519,828.38,9503.685,127.23,115367.499,0.3913,3055843.0,2.4,431.2,113784.0,2.67,1.2696625617536483e-07,0.0,0.0,2.9,91,1017.5,4.6
2025-12-02 04:00:00,86970.28,689.46639,2805.0,7014.7794,832.58,5251.483,126.89,95543.143,0.3912,3751447.1,2.72,440.8,157387.0,2.67,1.040828436771335e-07,1.0,4.6,2.3,93,1016.9,4.3
2025-12-02 05:00:00,87008.2,320.12167,2803.21,9151.1806,831.72,6001.319,126.69,89214.107,0.391,3372723.4,5.82,484.8,147113.0,2.67,7.426418591194306e-08,2.0,5.0,2.1,95,1016.8,5.2
2025-12-02 06:00:00,87090.46,385.60175,2812.92,7359.0956,831.74,3634.617,127.68,70928.378,0.3915,2001193.4,4.18,457.3,109755.0,1.67,6.877821334683176e-08,1.0,3.47,2.5,94,1017.2,5.9
2025-12-02 07:00:00,87012.65,338.04553,2805.65,6660.281,830.94,5082.404,127.26,48129.447,0.3894,1802579.1,4.91,468.9,130042.0,1.67,5.207176556609738e-08,1.0,5.2,3.4,94,1017.6,7.8
2025-12-02 08:00:00,86471.89,1046.58604,2798.18,11698.0659,829.05,11556.778,126.17,76214.607,0.3861,4767323.6,2.6,438.6,85431.0,1.67,8.679615604023638e-08,1.0,2.52,3.6,94,1017.4,6.2
2025-12-02 09:00:00,86769.87,806.33465,2798.05,7952.1157,836.2,11612.192,126.77,87538.873,0.3871,3178415.4,2.6,438.6,85431.0,2.0,1.1073611716483356e-07,2.0,3.4377456567127695,4.4,93,1017.9,4.9
2025-12-02 10:00:00,87272.44,661.40198,2823.13,12892.8161,840.97,12476.025,128.3,112452.275,0.392,4201294.8,2.6,438.6,85431.0,2.0,4.5202973808500246e-08,2.0,5.2,5.0,91,1017.8,3.2
2025-12-02 11:00:00,87368.92,846.713,2826.18,9173.9588,843.23,7008.01,128.31,112572.343,0.3939,3492307.9,2.6,438.6,85431.0,2.0,4.4346975869302696e-08,3.0,5.3,6.3,85,1017.3,6.5
2025-12-02 12:00:00,87264.2,839.51657,2827.86,12289.1955,841.6,7251.05,128.88,164984.745,0.3952,4836840.7,0.2,538.2,2000.0,2.0,3.404640480653143e-08,2.0,4.7,8.1,75,1016.2,8.1
2025-12-02 13:00:00,87731.41,1559.3403,2844.73,29156.9059,845.77,8655.925,130.61,367693.712,0.3983,4663283.1,2.44,416.4,82227.0,2.0,4.0092068331887276e-08,1.0,5.1,9.2,66,1015.4,10.5
2025-12-02 14:00:00,89271.99,2529.97385,2894.98,89820.4002,859.59,22987.062,132.97,395093.239,0.4073,11086368.0,0.19,538.2,2000.0,2.0,4.2171215852704336e-08,3.0,3.4,10.0,57,1014.4,8.8
2025-12-02 15:00:00,90850.01,4371.66947,3006.61,112646.1637,871.4,33633.946,137.84,991212.586,0.4283,31503893.8,4.24,432.6,64953.0,1.67,3.300235462688761e-08,2.0,4.4,10.3,50,1013.8,8.1
2025-12-02 16:00:00,90759.15,2014.14601,2995.58,50652.6862,872.8,15420.783,139.37,547630.627,0.4295,18697713.4,3.75,417.7,96400.0,1.67,5.867542185455932e-08,1.0,3.67,9.1,59,1013.9,6.6
2025-12-02 17:00:00,91458.4,1594.71699,3015.83,25008.7524,876.93,11128.197,139.48,362605.699,0.4287,8899510.1,3.13,424.1,87426.0,1.67,3.041499141431814e-08,1.0,4.4,6.9,77,1014.9,11.5
2025-12-02 18:00:00,91954.49,1650.85803,3013.56,19679.9312,880.89,10106.328,139.84,197001.63,0.4305,6511476.8,0.42,471.4,9098.0,3.0,2.998626058570153e-08,0.0,0.0,6.2,81,1015.2,11.6
2025-12-02 19:00:00,91903.39,892.95903,3015.83,9228.1932,882.58,7949.679,140.25,124838.574,0.4345,6653112.1,3.47,396.5,52584.0,3.0,3.5376210405502206e-08,1.0,4.7,5.8,83,1015.4,12.4
2025-12-02 20:00:00,91026.67,1812.81861,2979.72,28776.8127,875.8,13837.945,138.73,368016.488,0.4362,11278454.1,1.38,440.4,63295.0,3.0,2.8734095991467257e-08,0.0,0.0,5.3,87,1015.6,12.0
2025-12-02 21:00:00,91562.43,750.79479,2995.45,10618.9606,877.91,3174.507,139.11,118281.543,0.437,4842687.4,2.54,391.5,53236.0,2.0,2.874089410909164e-08,0.0,0.0,4.8,89,1015.6,10.8
2025-12-02 22:00:00,91981.91,1005.0385,3017.55,10739.0981,880.3,4138.224,139.92,147987.712,0.4364,6332805.6,6.27,408.8,64151.0,2.0,1.996253651270763e-08,2.0,4.9,4.3,92,1015.4,9.2
2025-12-02 23:00:00,91277.88,848.30812,2996.07,12257.9912,876.61,4253.31,138.68,102260.322,0.4335,4282652.3,7.38,396.1,16879.0,2.0,3.165250461734104e-08,2.0,5.6,4.1,94,1015.2,8.6
2025-12-03 00:00:00,91660.12,1282.57519,3003.2,11724.6488,878.51,5017.967,138.16,203105.226,0.4346,6514052.7,7.86,393.7,24391.0,1.67,2.0110788057081663e-07,1.0,2.51,4.6,93,1014.9,9.7
2025-12-03 01:00:00,92251.63,1105.16296,3015.84,11178.0916,883.42,9370.87,138.87,140556.928,0.4358,3515704.8,10.69,404.4,27127.0,1.67,4.9986280004077344e-08,5.0,4.5,4.5,94,1014.5,9.8
2025-12-03 02:00:00,92817.92,1322.86837,3031.0,19622.9467,887.14,11404.507,140.03,139297.228,0.4379,5596088.4,11.27,399.9,43926.0,1.67,2.2894347750934685e-08,0.0,0.0,4.2,95,1014.5,8.1
2025-12-03 03:00:00,92628.91,714.46982,3030.75,8750.3202,887.82,6601.743,140.33,108686.893,0.4381,3723198.6,10.07,397.5,37608.0,2.67,2.3896372880471972e-08,2.0,2.85,3.7,97,1014.7,8.1
2025-12-03 04:00:00,93362.21,1228.95814,3056.77,20555.1175,894.86,7880.445,142.26,276283.259,0.4403,7930974.6,9.69,397.4,38342.0,2.67,6.381113593079135e-08,1.0,4.3,3.5,98,1014.8,5.5
2025-12-03 05:00:00,93642.92,1042.55272,3058.57,18848.1017,901.8,15309.365,143.06,211439.113,0.4403,6942045.2,9.51,398.2,22753.0,2.67,6.587459466800283e-08,0.0,0.0,3.2,99,1015.6,6.3
2025-12-03 06:00:00,93431.8,1068.27612,3067.21,26963.4398,898.83,23867.384,142.46,173358.792,0.4451,6688944.9,6.0,376.3,16916.0,2.0,3.2719750464593744e-08,0.0,0.0,3.1,99,1016.7,4.5
2025-12-03 07:00:00,92999.99,1206.67241,3057.44,17245.2563,896.55,9625.667,141.88,93978.528,0.4429,3529494.1,6.24,373.8,16245.0,2.0,2.2925803477846785e-08,1.0,4.6,2.6,99,1017.6,5.6
2025-12-03 08:00:00,92765.65,908.28425,3050.77,13267.095,896.05,4894.031,142.14,87600.129,0.4447,2710743.3,6.97,376.3,15880.0,2.0,3.1115501286649305e-08,0.0,0.0,2.6,97,1018.4,4.4
2025-12-03 09:00:00,93178.46,651.04477,3060.64,7420.7262,900.15,5374.378,142.09,101078.735,0.4417,4001966.4,6.97,376.3,15880.0,3.0,2.232663653956024e-08,1.0,2.919167267441528,4.3,89,1019.5,6.7
2025-12-03 10:00:00,92939.4,644.12113,3055.61,12248.0288,896.84,5337.79,141.3,67221.701,0.4372,3358456.3,6.97,376.3,15880.0,3.0,8.050291455674596e-08,1.0,4.1,5.5,77,1020.5,7.0
2025-12-03 11:00:00,93005.68,566.65244,3073.23,12528.7388,898.92,5684.628,141.72,82997.593,0.437,3286771.6,6.97,376.3,15880.0,3.0,3.8256271039927014e-08,1.0,4.2,6.5,65,1020.7,5.9
2025-12-03 12:00:00,92937.39,609.37614,3081.14,19224.8769,901.33,7897.043,141.92,72351.042,0.4349,5054997.6,8.9,382.4,16269.0,4.67,2.6226071980772758e-08,2.0,4.7,7.8,60,1020.2,6.9
2025-12-03 13:00:00,93130.88,653.22336,3090.27,16630.8664,900.95,6966.147,141.87,85679.48,0.436,3745421.9,12.69,389.7,24441.0,4.67,3.2261215210382943e-07,4.0,4.451483061928972,8.4,57,1019.9,6.8
2025-12-03 14:00:00,92357.54,3444.5392,3076.53,103536.0387,895.58,28831.747,140.95,454651.317,0.4316,19190449.9,10.21,393.9,30291.0,4.67,6.21776621301251e-08,3.0,4.4,9.0,51,1019.4,11.4
2025-12-03 15:00:00,92373.3,1816.10102,3086.12,33224.6498,897.2,11075.637,141.0,134395.868,0.4342,5372768.7,11.26,401.8,52987.0,4.33,3.124876357674111e-08,1.0,2.69,8.7,51,1019.4,15.2
2025-12-03 16:00:00,92242.24,1045.70106,3088.35,18437.3778,899.06,8104.221,140.7,218344.643,0.4368,4870304.6,18.79,438.7,93288.0,4.33,1.7094167503728386e-07,1.0,2.51,8.2,53,1019.8,12.4
2025-12-03 17:00:00,92956.22,952.33734,3127.9,24091.617,907.07,8369.653,141.83,135367.865,0.4427,5124101.3,29.13,490.0,149234.0,4.33,4.790270224930282e-08,2.0,4.7,7.1,59,1020.5,11.1
2025-12-03 18:00:00,92623.86,1065.25501,3115.3,20262.897,902.5,5411.183,141.17,173813.126,0.4417,4134687.4,25.23,472.2,127964.0,6.67,4.2310656311883577e-08,0.0,0.0,6.9,63,1021.0,11.4
2025-12-03 19:00:00,93024.99,561.39144,3128.2,14027.0904,906.99,2534.884,141.28,106188.916,0.445,2002331.3,40.71,453.7,88383.0,6.67,2.2491041917760413e-08,0.0,0.0,6.1,68,1021.5,9.3
2025-12-03 20:00:00,92980.43,993.99987,3138.26,32515.6815,907.99,6783.656,141.7,104944.469,0.4468,5167860.6,39.95,440.5,62660.0,6.67,8.785406890865488e-08,0.0,0.0,6.1,69,1021.8,8.7
2025-12-03 21:00:00,93700.0,961.39093,3164.42,23091.2942,916.61,7113.484,145.49,265536.7,0.4535,7238916.9,32.48,459.0,84842.0,4.67,3.529407521796202e-08,0.0,0.0,5.9,70,1021.9,9.7
2025-12-03 22:00:00,93781.01,1201.71927,3189.22,38030.5689,918.83,10432.992,144.55,336417.16,0.4501,6266116.3,59.85,452.2,86792.0,4.67,5.783928713753994e-08,2.0,4.5,5.8,71,1021.9,7.9
2025-12-03 23:00:00,93429.95,665.85289,3188.36,30244.3446,920.76,13420.507,144.67,180850.094,0.4499,4440806.0,15.95,500.7,212015.0,4.67,1.209522793033102e-07,2.0,4.2,5.2,73,1021.9,8.3
2025-12-04 00:00:00,93054.86,1095.83853,3198.29,24628.0917,922.48,16473.388,145.01,114011.952,0.4503,5793699.0,16.3,540.4,350741.0,5.0,3.448717578180549e-08,3.0,4.1,5.0,73,1021.5,10.5
2025-12-04 01:00:00,93195.07,1304.157,3202.99,38689.5286,919.9,10509.896,144.18,174274.944,0.4485,6518176.7,18.08,588.0,581651.0,5.0,2.4593374448045324e-08,0.0,0.0,4.6,78,1020.8,11.1
2025-12-04 02:00:00,93943.24,944.67997,3221.56,12170.4067,921.86,8200.753,145.6,83194.088,0.4503,3706958.2,16.83,607.6,486640.0,5.0,3.557327232783791e-08,0.0,0.0,4.6,83,1020.4,13.2
2025-12-04 03:00:00,93543.04,500.0247,3210.13,9571.4474,916.8,6574.693,144.67,68731.339,0.4494,3073959.4,20.01,633.7,769631.0,5.0,3.573677986423718e-06,5.0,5.5,4.7,86,1020.2,14.9
2025-12-04 04:00:00,93360.58,388.95379,3191.63,12943.1849,913.17,6282.047,144.17,59093.238,0.4473,4956475.9,16.65,619.1,648618.0,5.0,1.332381742713551e-07,3.0,5.3,4.5,93,1019.4,16.3
2025-12-04 05:00:00,92979.25,931.22487,3185.31,20725.147,908.07,9632.598,143.24,92367.986,0.4474,4711390.3,17.14,652.7,822413.0,5.0,7.729417461632693e-08,1.0,3.059156117103804,5.0,97,1018.5,17.4
2025-12-04 06:00:00,93140.74,1076.30029,3205.13,21196.2917,913.41,7202.53,143.96,81169.589,0.4515,6055725.1,21.23,661.7,1242003.0,4.67,7.951362590574718e-08,3.0,2.8,6.0,96,1018.0,17.5
2025-12-04 07:00:00,93397.67,674.02891,3190.1,21456.4265,910.79,5713.269,143.47,125423.493,0.4518,4585824.4,0.14,590.9,2000.0,4.67,4.346552273659654e-08,2.0,5.8,6.5,96,1017.6,18.6
2025-12-04 08:00:00,93260.63,411.88207,3184.05,12935.83,908.5,4783.496,142.9,63497.327,0.4483,4660764.4,18.89,644.7,773580.0,4.67,5.5530374964973817e-08,1.0,3.1,7.1,93,1017.8,19.4
2025-12-04 09:00:00,93454.7,402.88554,3200.04,10724.1419,911.01,4816.915,143.91,68326.484,0.4488,3140210.7,18.89,644.7,773580.0,4.0,9.681377122205959e-08,0.0,0.0,7.4,93,1017.6,17.9
2025-12-04 10:00:00,93260.0,373.45816,3188.41,7794.0963,909.93,3528.407,143.35,57914.328,0.4454,2903679.0,18.89,644.7,773580.0,4.0,8.899579739818364e-08,1.0,2.6058920091601823,7.6,94,1017.7,19.7
2025-12-04 11:00:00,92948.31,728.79798,3186.55,9878.365,908.88,3076.613,143.06,91661.961,0.4464,1939366.0,18.89,644.7,773580.0,4.0,1.4824021832282597e-07,1.0,2.52,8.7,87,1017.7,17.1
2025-12-04 12:00:00,92990.18,474.71729,3176.8,8575.9308,908.7,2515.581,142.88,78252.97,0.447,1883539.2,0.23,610.5,2000.0,4.0,9.285916036105846e-08,3.0,5.1,9.1,83,1017.1,14.7
2025-12-04 13:00:00,92516.38,997.53962,3170.57,23021.3798,903.13,6473.29,142.23,152773.599,0.4439,5192416.0,0.24,610.5,2000.0,4.0,6.618243730827089e-08,8.0,4.8,9.6,82,1016.3,13.6
2025-12-04 14:00:00,91894.01,1176.07323,3144.5,35043.9636,902.69,8056.077,141.82,168508.42,0.441,6749257.5,0.19,610.5,2000.0,4.0,5.299151695226101e-08,1.0,3.13,9.8,80,1015.8,14.7
2025-12-04 15:00:00,92971.49,1647.82775,3208.15,42754.2623,910.76,10519.731,143.21,233885.396,0.4506,9172902.8,0.18,610.5,2000.0,4.33,3.673404691539872e-08,0.0,0.0,10.0,76,1015.7,12.4
2025-12-04 16:00:00,92431.72,1073.45255,3169.0,30700.3682,906.08,7714.242,142.62,121354.23,0.447,5234547.8,0.3,610.5,2000.0,4.33,9.083068164272845e-08,1.0,4.7,9.9,65,1015.8,14.2
2025-12-04 17:00:00,92426.76,1204.88261,3160.57,22079.8423,905.69,7951.242,142.14,120102.874,0.445,2823778.4,0.24,610.5,2000.0,4.33,2.699282752871568e-08,2.0,4.5,8.9,72,1016.5,13.5
2025-12-04 18:00:00,92127.52,605.6924,3141.27,14934.751,899.69,5964.06,140.75,105505.95,0.4429,1977074.2,0.19,610.5,2000.0,3.67,2.360242135068802e-08,1.0,3.67,8.2,80,1017.1,13.9
2025-12-04 19:00:00,91975.44,1976.68364,3119.27,56125.9451,898.52,14593.082,139.67,290381.511,0.4414,8266244.4,0.23,610.5,2000.0,3.67,2.8209402813672568e-08,4.0,5.3,7.5,86,1017.5,13.5
2025-12-04 20:00:00,92476.25,812.83088,3141.36,23638.1184,901.45,6402.783,140.37,104406.31,0.4425,4097043.9,0.33,549.0,2000.0,3.67,1.5587739099487408e-08,4.0,3.13,7.1,88,1017.6,12.2
2025-12-04 21:00:00,92158.23,581.65983,3123.34,13501.8787,897.4,4090.877,138.72,108024.509,0.4382,2715080.3,0.22,610.5,2000.0,3.0,7.547584779388217e-09,2.0,3.35,6.6,89,1017.9,10.2
2025-12-04 22:00:00,92348.78,231.66801,3143.66,8277.5638,902.19,2717.993,139.39,80918.497,0.4409,1860867.6,22.32,611.5,992151.0,3.0,2.4124847897155632e-08,1.0,3.4876444477302186,6.3,90,1018.1,9.5
2025-12-04 23:00:00,92078.06,188.68097,3133.26,5331.437,899.92,1986.0,139.01,50461.246,0.4394,1530506.1,0.15,610.5,2000.0,3.0,3.792022695847663e-08,0.0,0.0,6.3,89,1018.4,9.8
2025-12-05 00:00:00,92299.08,300.89002,3146.68,11725.4847,902.77,2369.988,139.24,72058.7,0.4412,2326473.5,0.22,610.5,2000.0,3.33,4.2130434252385385e-08,0.0,0.0,7.0,76,1018.2,12.8
2025-12-05 01:00:00,92358.03,512.17408,3163.56,10712.2543,903.64,3144.446,139.82,79938.515,0.4396,1927325.7,0.32,613.4,11661.0,3.33,3.51994593472682e-08,1.0,3.35,6.8,74,1018.0,13.7
2025-12-05 02:00:00,92518.4,403.18655,3183.22,12525.5029,904.64,2810.705,139.81,101601.457,0.4407,2623340.6,0.24,610.5,2000.0,3.33,5.573298835770402e-07,2.0,3.55,6.2,74,1018.2,13.9
2025-12-05 03:00:00,92142.75,535.04122,3170.98,8866.7787,901.81,2806.288,138.56,104393.147,0.4397,2039879.9,0.14,591.0,2000.0,3.33,3.7686945120185555e-08,0.0,0.0,5.4,81,1018.8,12.6
2025-12-05 04:00:00,92028.14,507.97714,3168.15,11195.3947,902.2,3910.692,138.52,97628.063,0.4391,2948282.4,0.2,591.0,2000.0,3.33,2.2645853192670984e-08,5.0,4.6,5.0,86,1019.1,11.4
2025-12-05 05:00:00,91932.85,239.31127,3155.96,6886.6454,899.82,3852.128,138.04,94173.457,0.4368,3258599.4,0.54,579.3,11601.0,3.33,3.201239806571721e-08,0.0,0.0,4.6,88,1019.2,8.5
2025-12-05 06:00:00,92275.26,277.29503,3169.07,7192.0378,904.38,3048.098,138.89,60035.591,0.4394,3102134.7,0.38,577.4,2000.0,3.33,4.0877992546484165e-08,0.0,0.0,5.1,83,1018.8,10.3
2025-12-05 07:00:00,92258.65,362.60812,3173.94,11142.9948,901.65,4871.614,139.68,161682.94,0.4416,2527118.7,0.21,610.5,2000.0,3.33,3.527665981550854e-08,0.0,0.0,5.0,83,1019.4,10.6
2025-12-05 08:00:00,92112.04,447.11606,3155.17,14202.9244,899.49,3866.895,138.19,135576.525,0.4378,2952997.4,0.26,610.5,2000.0,3.33,4.519053220519709e-08,1.0,2.8158875580104463,5.2,84,1019.9,10.7
2025-12-05 09:00:00,91128.56,1077.36085,3121.8,41406.6243,890.94,9199.364,136.34,229985.947,0.4306,5902944.2,0.26,610.5,2000.0,2.33,1.825809370359366e-08,2.0,4.4,6.1,86,1020.2,9.1
2025-12-05 10:00:00,91272.85,493.57021,3134.88,17638.3244,894.64,4827.413,137.71,147047.808,0.4317,2301784.3,0.26,610.5,2000.0,2.33,3.932912306936487e-08,2.0,5.5,7.8,79,1020.7,8.7
2025-12-05 11:00:00,91351.43,413.65104,3131.38,14723.0945,894.09,3921.042,137.02,100748.05,0.4304,3179668.3,0.26,610.5,2000.0,2.33,2.419777977991089e-08,2.0,4.9,9.1,70,1020.6,11.1
2025-12-05 12:00:00,91242.4,357.37789,3128.25,17363.7515,892.8,3277.237,136.67,179328.148,0.4307,2634464.3,0.31,600.3,13218.0,2.0,2.6391344221110558e-08,1.0,4.8,9.9,74,1020.2,9.4
2025-12-05 13:00:00,90465.14,1524.52886,3099.05,33644.7524,886.58,10644.131,135.94,143257.041,0.4262,5510222.8,0.49,588.3,13136.0,2.0,1.9536217976678927e-08,1.0,3.39,9.5,79,1020.1,11.3
2025-12-05 14:00:00,90287.67,1551.1367,3103.51,29190.0699,887.73,7582.016,134.74,188627.584,0.4247,5815585.1,0.61,592.1,12446.0,2.0,1.7414695463457974e-08,0.0,0.0,9.7,82,1019.6,13.1
2025-12-05 15:00:00,90459.35,1911.11908,3106.34,50806.5259,888.87,15037.657,135.05,290534.912,0.4262,9258937.1,12.62,591.5,413157.0,2.0,1.6918615841632345e-08,1.0,4.4,9.8,85,1019.9,14.4
2025-12-05 16:00:00,88810.89,3451.73023,3032.78,87395.2477,878.92,22584.472,132.2,416442.876,0.4137,16726275.9,15.59,603.2,607505.0,2.0,4.060676417338982e-08,1.0,4.3,10.0,89,1020.1,11.8
2025-12-05 17:00:00,89336.13,1157.12551,3033.52,29444.754,882.96,7787.523,132.16,188683.579,0.4148,4997140.5,14.17,597.6,515759.0,2.0,5.067947839165754e-08,0.0,0.0,9.7,94,1020.5,12.2
2025-12-05 18:00:00,88936.04,857.04766,3007.53,31503.4147,877.64,6417.805,131.35,130922.888,0.4109,5356032.2,13.78,588.8,483543.0,3.0,7.042132921242228e-08,2.0,4.5,10.1,95,1020.2,13.0
2025-12-05 19:00:00,89629.26,1041.63454,3038.49,31788.9137,883.69,6144.456,132.5,147747.82,0.4161,4306721.4,16.8,608.5,643969.0,3.0,0.0,6.0,5.5,9.7,95,1020.8,13.0
2025-12-05 20:00:00,89301.75,1024.68482,3022.52,22355.3795,880.41,3258.891,132.56,103897.292,0.4141,2310708.6,13.06,605.1,650183.0,3.0,1.930044923881269e-08,1.0,5.0,9.5,96,1021.2,12.7
2025-12-05 21:00:00,89177.68,695.18131,3020.22,16361.8439,880.69,2434.99,132.4,106120.318,0.4141,2675770.9,0.17,600.1,2000.0,2.67,1.5562063993002084e-07,1.0,4.3,9.7,97,1021.5,12.6
2025-12-05 22:00:00,89232.47,401.94285,3027.13,6481.3665,882.7,1888.478,132.72,37192.609,0.4162,1559224.1,0.16,601.8,2000.0,2.67,3.357695277372841e-08,0.0,0.0,9.6,98,1021.5,11.0
2025-12-05 23:00:00,89330.04,249.28114,3021.78,5828.818,883.57,1807.67,133.29,49733.876,0.4157,1378186.2,0.22,610.5,2000.0,2.67,1.946487486748083e-07,2.0,4.6,9.8,99,1021.6,11.2
2025-12-06 00:00:00,89422.25,286.14614,3025.96,6102.8285,885.41,2773.697,133.46,45224.674,0.4156,2465463.9,0.28,610.5,2000.0,2.67,5.578253237104036e-08,2.0,5.1,10.0,99,1021.8,11.9
2025-12-06 01:00:00,89333.83,226.8064,3026.82,4826.6088,884.61,2413.746,133.49,37205.336,0.4165,1347736.1,0.27,610.5,2000.0,2.67,7.578706551214509e-09,0.0,0.0,10.3,99,1021.4,11.1
2025-12-06 02:00:00,89232.91,148.38163,3023.17,2787.4003,882.3,1430.783,132.95,20013.858,0.4144,549214.5,0.3,610.5,2000.0,2.67,2.6768812944055753e-08,1.0,5.1,10.5,98,1021.3,10.5
2025-12-06 03:00:00,89232.91,148.38163,3023.17,2787.4003,882.3,1430.783,132.95,20013.858,0.4144,549214.5,0.26,610.5,2000.0,2.67,2.1878264533370384e-08,0.0,0.0,10.5,98,1021.1,10.3
2025-12-06 04:00:00,89232.91,148.38163,3023.17,2787.4003,882.3,1430.783,132.95,20013.858,0.4144,549214.5,0.26,610.5,2000.0,2.67,2.1878264533370384e-08,0.0,0.0,10.7,98,1020.9,11.8
2025-12-06 05:00:00,89232.91,148.38163,3023.17,2787.4003,882.3,1430.783,132.95,20013.858,0.4144,549214.5,0.26,610.5,2000.0,2.67,2.1878264533370384e-08,0.0,0.0,10.8,98,1021.1,12.9
2025-12-06 06:00:00,89232.91,148.38163,3023.17,2787.4003,882.3,1430.783,132.95,20013.858,0.4144,549214.5,0.26,610.5,2000.0,2.67,2.1878264533370384e-08,0.0,0.0,10.7,98,1021.6,12.7
2025-12-06 07:00:00,89232.91,148.38163,3023.17,2787.4003,882.3,1430.783,132.95,20013.858,0.4144,549214.5,0.26,610.5,2000.0,2.67,2.1878264533370384e-08,0.0,0.0,10.5,98,1022.2,13.1
2025-12-06 08:00:00,89232.91,148.38163,3023.17,2787.4003,882.3,1430.783,132.95,20013.858,0.4144,549214.5,0.26,610.5,2000.0,2.67,2.1878264533370384e-08,0.0,0.0,10.4,98,1022.7,12.8
2025-12-06 09:00:00,89232.91,148.38163,3023.17,2787.4003,882.3,1430.783,132.95,20013.858,0.4144,549214.5,0.26,610.5,2000.0,2.67,2.1878264533370384e-08,0.0,0.0,10.7,96,1023.2,16.5
2025-12-06 10:00:00,89232.91,148.38163,3023.17,2787.4003,882.3,1430.783,132.95,20013.858,0.4144,549214.5,0.26,610.5,2000.0,2.67,2.1878264533370384e-08,0.0,0.0,11.1,94,1023.8,15.1
2025-12-06 11:00:00,89232.91,148.38163,3023.17,2787.4003,882.3,1430.783,132.95,20013.858,0.4144,549214.5,0.26,610.5,2000.0,2.67,2.1878264533370384e-08,0.0,0.0,11.5,92,1024.1,13.9
2025-12-06 12:00:00,89232.91,148.38163,3023.17,2787.4003,882.3,1430.783,132.95,20013.858,0.4144,549214.5,0.26,610.5,2000.0,2.67,2.1878264533370384e-08,0.0,0.0,12.1,88,1023.4,15.4
2025-12-06 13:00:00,89232.91,148.38163,3023.17,2787.4003,882.3,1430.783,132.95,20013.858,0.4144,549214.5,0.26,610.5,2000.0,2.67,2.1878264533370384e-08,0.0,0.0,12.8,83,1022.5,15.5
2025-12-06 14:00:00,89232.91,148.38163,3023.17,2787.4003,882.3,1430.783,132.95,20013.858,0.4144,549214.5,0.26,610.5,2000.0,2.67,2.1878264533370384e-08,0.0,0.0,13.2,79,1022.1,14.2
2025-12-06 15:00:00,89232.91,148.38163,3023.17,2787.4003,882.3,1430.783,132.95,20013.858,0.4144,549214.5,0.26,610.5,2000.0,2.67,2.1878264533370384e-08,0.0,0.0,13.1,79,1022.1,13.5
2025-12-06 16:00:00,89232.91,148.38163,3023.17,2787.4003,882.3,1430.783,132.95,20013.858,0.4144,549214.5,0.26,610.5,2000.0,2.67,2.1878264533370384e-08,0.0,0.0,12.7,81,1022.3,11.1
2025-12-06 17:00:00,89232.91,148.38163,3023.17,2787.4003,882.3,1430.783,132.95,20013.858,0.4144,549214.5,0.26,610.5,2000.0,2.67,2.1878264533370384e-08,0.0,0.0,11.6,87,1022.7,10.6
2025-12-06 18:00:00,89232.91,148.38163,3023.17,2787.4003,882.3,1430.783,132.95,20013.858,0.4144,549214.5,0.26,610.5,2000.0,2.67,2.1878264533370384e-08,0.0,0.0,10.9,92,1022.9,10.4
2025-12-06 19:00:00,89232.91,148.38163,3023.17,2787.4003,882.3,1430.783,132.95,20013.858,0.4144,549214.5,0.26,610.5,2000.0,2.67,2.1878264533370384e-08,0.0,0.0,10.6,94,1023.2,10.7
2025-12-06 20:00:00,89232.91,148.38163,3023.17,2787.4003,882.3,1430.783,132.95,20013.858,0.4144,549214.5,0.26,610.5,2000.0,2.67,2.1878264533370384e-08,0.0,0.0,10.9,94,1023.5,11.7
2025-12-06 21:00:00,89232.91,148.38163,3023.17,2787.4003,882.3,1430.783,132.95,20013.858,0.4144,549214.5,0.26,610.5,2000.0,2.67,2.1878264533370384e-08,0.0,0.0,10.7,95,1023.8,11.1
2025-12-06 22:00:00,89232.91,148.38163,3023.17,2787.4003,882.3,1430.783,132.95,20013.858,0.4144,549214.5,0.26,610.5,2000.0,2.67,2.1878264533370384e-08,0.0,0.0,10.5,96,1024.1,10.6
2025-12-06 23:00:00,89232.91,148.38163,3023.17,2787.4003,882.3,1430.783,132.95,20013.858,0.4144,549214.5,0.26,610.5,2000.0,2.67,2.1878264533370384e-08,0.0,0.0,10.7,96,1024.2,10.4
