{
  "calibration": [
    {
      "decile": 0,
      "mean_pi": 0.0002134112362162196,
      "freq": 0.0,
      "n": 2500
    },
    {
      "decile": 1,
      "mean_pi": 0.0056162489056971,
      "freq": 0.0144,
      "n": 2500
    },
    {
      "decile": 2,
      "mean_pi": 0.028228386051869076,
      "freq": 0.1052,
      "n": 2500
    },
    {
      "decile": 3,
      "mean_pi": 0.06909882943086659,
      "freq": 0.2328,
      "n": 2500
    },
    {
      "decile": 4,
      "mean_pi": 0.12870044504599937,
      "freq": 0.3864,
      "n": 2500
    },
    {
      "decile": 5,
      "mean_pi": 0.20282917471636777,
      "freq": 0.634,
      "n": 2500
    },
    {
      "decile": 6,
      "mean_pi": 0.29998406076934137,
      "freq": 0.92,
      "n": 2500
    },
    {
      "decile": 7,
      "mean_pi": 0.4233644486090539,
      "freq": 0.9736,
      "n": 2500
    },
    {
      "decile": 8,
      "mean_pi": 0.5836331127164797,
      "freq": 0.992,
      "n": 2500
    },
    {
      "decile": 9,
      "mean_pi": 0.7986188597295215,
      "freq": 0.9988,
      "n": 2500
    }
  ],
  "ece": {
    "median": 0.22894034761223958,
    "iqr": 0.3268158376802227,
    "mean": 0.27173398452610203
  }
}