{
  "ratio": {
    "observed": 4.242889717963134,
    "ci_low": 3.3943117743705074,
    "ci_high": 5.091467661555761,
    "passes": true
  },
  "kappa_coefficient": 0.5034540341830623,
  "kappa_significant": true,
  "r_squared": 0.11769754526973586,
  "by_condition": {
    "LEARN": [
      {
        "gw_active": false,
        "entropy_quantile": "high",
        "te_neo_to_eva": 0.0,
        "te_eva_to_neo": 0.0,
        "mit": 0.0,
        "n_samples": 20,
        "kappa_median": 0.0
      },
      {
        "gw_active": true,
        "entropy_quantile": "high",
        "te_neo_to_eva": 0.0,
        "te_eva_to_neo": 0.0,
        "mit": 0.0,
        "n_samples": 19,
        "kappa_median": 0.5262113852156249
      },
      {
        "gw_active": true,
        "entropy_quantile": "mid",
        "te_neo_to_eva": 0.5305557758413306,
        "te_eva_to_neo": 0.4558060410178237,
        "mit": 0.2889726470592434,
        "n_samples": 22,
        "kappa_median": 0.6919817182654995
      },
      {
        "gw_active": false,
        "entropy_quantile": "low",
        "te_neo_to_eva": 0.16782414881887792,
        "te_eva_to_neo": 0.07291280926998327,
        "mit": 0.33862536124680587,
        "n_samples": 39,
        "kappa_median": 0.0
      },
      {
        "gw_active": false,
        "entropy_quantile": "mid",
        "te_neo_to_eva": 0.0,
        "te_eva_to_neo": 0.0,
        "mit": 0.0,
        "n_samples": 19,
        "kappa_median": 0.0
      }
    ],
    "WORK": [
      {
        "gw_active": true,
        "entropy_quantile": "high",
        "te_neo_to_eva": 0.0,
        "te_eva_to_neo": 0.0,
        "mit": 0.0,
        "n_samples": 18,
        "kappa_median": 0.6597724393294808
      },
      {
        "gw_active": false,
        "entropy_quantile": "high",
        "te_neo_to_eva": 0.0,
        "te_eva_to_neo": 0.0,
        "mit": 0.0,
        "n_samples": 19,
        "kappa_median": 0.0
      },
      {
        "gw_active": true,
        "entropy_quantile": "mid",
        "te_neo_to_eva": 0.7945760675209497,
        "te_eva_to_neo": 0.739901327023398,
        "mit": 0.1890401401527124,
        "n_samples": 23,
        "kappa_median": 0.6118898443650462
      },
      {
        "gw_active": false,
        "entropy_quantile": "low",
        "te_neo_to_eva": 0.4162443180014483,
        "te_eva_to_neo": 0.2902374939968043,
        "mit": 0.1063173182582042,
        "n_samples": 32,
        "kappa_median": 0.0
      },
      {
        "gw_active": false,
        "entropy_quantile": "mid",
        "te_neo_to_eva": 0.0,
        "te_eva_to_neo": 0.0,
        "mit": 0.0,
        "n_samples": 14,
        "kappa_median": 0.0
      }
    ],
    "SOCIAL": [
      {
        "gw_active": true,
        "entropy_quantile": "high",
        "te_neo_to_eva": 0,
        "te_eva_to_neo": 0,
        "mit": 0.22542279863015932,
        "n_samples": 46,
        "kappa_median": 0.610332165328683
      },
      {
        "gw_active": false,
        "entropy_quantile": "high",
        "te_neo_to_eva": 0.08346730959195059,
        "te_eva_to_neo": 0.16961689147577097,
        "mit": 0.10631399561126698,
        "n_samples": 51,
        "kappa_median": 0.0
      },
      {
        "gw_active": true,
        "entropy_quantile": "mid",
        "te_neo_to_eva": 0.4098306386479489,
        "te_eva_to_neo": 0.42478058561265025,
        "mit": 0.11882523095313349,
        "n_samples": 36,
        "kappa_median": 0.511243132667754
      },
      {
        "gw_active": false,
        "entropy_quantile": "low",
        "te_neo_to_eva": 0.14669326566593993,
        "te_eva_to_neo": 0.16475796551024438,
        "mit": 0.024288103009676872,
        "n_samples": 91,
        "kappa_median": 0.0
      },
      {
        "gw_active": false,
        "entropy_quantile": "mid",
        "te_neo_to_eva": 0.12397642411149176,
        "te_eva_to_neo": 0.2225145454239934,
        "mit": 0.20754407678416564,
        "n_samples": 41,
        "kappa_median": 0.0
      }
    ],
    "SLEEP": [
      {
        "gw_active": true,
        "entropy_quantile": "high",
        "te_neo_to_eva": 0,
        "te_eva_to_neo": 0,
        "mit": 0.2098591099152375,
        "n_samples": 51,
        "kappa_median": 0.4415487031346054
      },
      {
        "gw_active": false,
        "entropy_quantile": "high",
        "te_neo_to_eva": 0.010103587813902169,
        "te_eva_to_neo": 0.10983665014009512,
        "mit": 0.07909506636338724,
        "n_samples": 81,
        "kappa_median": 0.0
      },
      {
        "gw_active": true,
        "entropy_quantile": "mid",
        "te_neo_to_eva": 0.11420416953330215,
        "te_eva_to_neo": 0.09645285723100173,
        "mit": 0.15936855801089628,
        "n_samples": 89,
        "kappa_median": 0.5648408390946107
      },
      {
        "gw_active": false,
        "entropy_quantile": "low",
        "te_neo_to_eva": 0.10820038074979875,
        "te_eva_to_neo": 0.09358528375635394,
        "mit": 0.01718010674115835,
        "n_samples": 135,
        "kappa_median": 0.0
      },
      {
        "gw_active": false,
        "entropy_quantile": "mid",
        "te_neo_to_eva": 0.10825067593032289,
        "te_eva_to_neo": 0.2092274088028131,
        "mit": 0.12366617651077914,
        "n_samples": 69,
        "kappa_median": 0.0
      }
    ],
    "WAKE": [
      {
        "gw_active": false,
        "entropy_quantile": "high",
        "te_neo_to_eva": 0.0,
        "te_eva_to_neo": 0.0,
        "mit": 0.0,
        "n_samples": 15,
        "kappa_median": 0.0
      },
      {
        "gw_active": true,
        "entropy_quantile": "high",
        "te_neo_to_eva": 0.0,
        "te_eva_to_neo": 0.0,
        "mit": 0.0,
        "n_samples": 10,
        "kappa_median": 0.4110397276358803
      },
      {
        "gw_active": true,
        "entropy_quantile": "mid",
        "te_neo_to_eva": 0.0,
        "te_eva_to_neo": 0.0,
        "mit": 0.0,
        "n_samples": 13,
        "kappa_median": 0.6729756820019956
      },
      {
        "gw_active": false,
        "entropy_quantile": "low",
        "te_neo_to_eva": 0.0,
        "te_eva_to_neo": 0.0,
        "mit": 0.0,
        "n_samples": 18,
        "kappa_median": 0.0
      },
      {
        "gw_active": false,
        "entropy_quantile": "mid",
        "te_neo_to_eva": 0.0,
        "te_eva_to_neo": 0.0,
        "mit": 0.0,
        "n_samples": 14,
        "kappa_median": 0.033422828224832814
      }
    ]
  },
  "source": "phase12_te_conditional.py with real states from phase10"
}