{
  "t_scaling": {
    "pass": true,
    "details": [
      {
        "T": 100,
        "eta": 0.09950371902099892,
        "expected_scale": 0.09950371902099892,
        "ratio": 1.0
      },
      {
        "T": 400,
        "eta": 0.04993761694389223,
        "expected_scale": 0.04993761694389223,
        "ratio": 1.0
      },
      {
        "T": 900,
        "eta": 0.03331483023263848,
        "expected_scale": 0.03331483023263848,
        "ratio": 1.0
      },
      {
        "T": 1600,
        "eta": 0.02499219116020307,
        "expected_scale": 0.02499219116020307,
        "ratio": 1.0
      },
      {
        "T": 2500,
        "eta": 0.01999600119960014,
        "expected_scale": 0.01999600119960014,
        "ratio": 1.0
      }
    ],
    "cv": 0.0
  }
}